[
    {
        "pk": 1,
        "model": "contenttypes.contenttype",
        "fields": {
            "model": "permission",
            "name": "permission",
            "app_label": "auth"
        }
    }, {
        "pk": 2,
        "model": "contenttypes.contenttype",
        "fields": {
            "model": "group",
            "name": "group",
            "app_label": "auth"
        }
    }, {
        "pk": 3,
        "model": "contenttypes.contenttype",
        "fields": {
            "model": "user",
            "name": "user",
            "app_label": "auth"
        }
    }, {
        "pk": 4,
        "model": "contenttypes.contenttype",
        "fields": {
            "model": "contenttype",
            "name": "content type",
            "app_label": "contenttypes"
        }
    }, {
        "pk": 5,
        "model": "contenttypes.contenttype",
        "fields": {
            "model": "redirect",
            "name": "redirect",
            "app_label": "redirects"
        }
    }, {
        "pk": 6,
        "model": "contenttypes.contenttype",
        "fields": {
            "model": "session",
            "name": "session",
            "app_label": "sessions"
        }
    }, {
        "pk": 7,
        "model": "contenttypes.contenttype",
        "fields": {
            "model": "site",
            "name": "site",
            "app_label": "sites"
        }
    }, {
        "pk": 8,
        "model": "contenttypes.contenttype",
        "fields": {
            "model": "setting",
            "name": "Setting",
            "app_label": "conf"
        }
    }, {
        "pk": 9,
        "model": "contenttypes.contenttype",
        "fields": {
            "model": "sitepermission",
            "name": "Site permission",
            "app_label": "core"
        }
    }, {
        "pk": 10,
        "model": "contenttypes.contenttype",
        "fields": {
            "model": "threadedcomment",
            "name": "Comment",
            "app_label": "generic"
        }
    }, {
        "pk": 11,
        "model": "contenttypes.contenttype",
        "fields": {
            "model": "keyword",
            "name": "Keyword",
            "app_label": "generic"
        }
    }, {
        "pk": 12,
        "model": "contenttypes.contenttype",
        "fields": {
            "model": "assignedkeyword",
            "name": "assigned keyword",
            "app_label": "generic"
        }
    }, {
        "pk": 13,
        "model": "contenttypes.contenttype",
        "fields": {
            "model": "rating",
            "name": "Rating",
            "app_label": "generic"
        }
    }, {
        "pk": 14,
        "model": "contenttypes.contenttype",
        "fields": {
            "model": "blogpost",
            "name": "Blog post",
            "app_label": "blog"
        }
    }, {
        "pk": 15,
        "model": "contenttypes.contenttype",
        "fields": {
            "model": "blogcategory",
            "name": "Blog Category",
            "app_label": "blog"
        }
    }, {
        "pk": 16,
        "model": "contenttypes.contenttype",
        "fields": {
            "model": "form",
            "name": "Form",
            "app_label": "forms"
        }
    }, {
        "pk": 17,
        "model": "contenttypes.contenttype",
        "fields": {
            "model": "field",
            "name": "Field",
            "app_label": "forms"
        }
    }, {
        "pk": 18,
        "model": "contenttypes.contenttype",
        "fields": {
            "model": "formentry",
            "name": "Form entry",
            "app_label": "forms"
        }
    }, {
        "pk": 19,
        "model": "contenttypes.contenttype",
        "fields": {
            "model": "fieldentry",
            "name": "Form field entry",
            "app_label": "forms"
        }
    }, {
        "pk": 20,
        "model": "contenttypes.contenttype",
        "fields": {
            "model": "page",
            "name": "Page",
            "app_label": "pages"
        }
    }, {
        "pk": 21,
        "model": "contenttypes.contenttype",
        "fields": {
            "model": "richtextpage",
            "name": "Rich text page",
            "app_label": "pages"
        }
    }, {
        "pk": 22,
        "model": "contenttypes.contenttype",
        "fields": {
            "model": "link",
            "name": "Link",
            "app_label": "pages"
        }
    }, {
        "pk": 23,
        "model": "contenttypes.contenttype",
        "fields": {
            "model": "gallery",
            "name": "Gallery",
            "app_label": "galleries"
        }
    }, {
        "pk": 24,
        "model": "contenttypes.contenttype",
        "fields": {
            "model": "galleryimage",
            "name": "Image",
            "app_label": "galleries"
        }
    }, {
        "pk": 25,
        "model": "contenttypes.contenttype",
        "fields": {
            "model": "query",
            "name": "Twitter query",
            "app_label": "twitter"
        }
    }, {
        "pk": 26,
        "model": "contenttypes.contenttype",
        "fields": {
            "model": "tweet",
            "name": "Tweet",
            "app_label": "twitter"
        }
    }, {
        "pk": 27,
        "model": "contenttypes.contenttype",
        "fields": {
            "model": "dummytable",
            "name": "dummy table",
            "app_label": "news"
        }
    }, {
        "pk": 28,
        "model": "contenttypes.contenttype",
        "fields": {
            "model": "newspost",
            "name": "News Post",
            "app_label": "news"
        }
    }, {
        "pk": 29,
        "model": "contenttypes.contenttype",
        "fields": {
            "model": "homemarquee",
            "name": "home marquee",
            "app_label": "bccf"
        }
    }, {
        "pk": 30,
        "model": "contenttypes.contenttype",
        "fields": {
            "model": "footermarquee",
            "name": "footer marquee",
            "app_label": "bccf"
        }
    }, {
        "pk": 31,
        "model": "contenttypes.contenttype",
        "fields": {
            "model": "pagemarquee",
            "name": "page marquee",
            "app_label": "bccf"
        }
    }, {
        "pk": 32,
        "model": "contenttypes.contenttype",
        "fields": {
            "model": "homemarqueeslide",
            "name": "home marquee slide",
            "app_label": "bccf"
        }
    }, {
        "pk": 33,
        "model": "contenttypes.contenttype",
        "fields": {
            "model": "footermarqueeslide",
            "name": "footer marquee slide",
            "app_label": "bccf"
        }
    }, {
        "pk": 34,
        "model": "contenttypes.contenttype",
        "fields": {
            "model": "pagemarqueeslide",
            "name": "page marquee slide",
            "app_label": "bccf"
        }
    }, {
        "pk": 35,
        "model": "contenttypes.contenttype",
        "fields": {
            "model": "bccfpage",
            "name": "BCCF Page",
            "app_label": "bccf"
        }
    }, {
        "pk": 36,
        "model": "contenttypes.contenttype",
        "fields": {
            "model": "bccftopic",
            "name": "Topic",
            "app_label": "bccf"
        }
    }, {
        "pk": 37,
        "model": "contenttypes.contenttype",
        "fields": {
            "model": "bccfchildpage",
            "name": "BCCF Child Page",
            "app_label": "bccf"
        }
    }, {
        "pk": 38,
        "model": "contenttypes.contenttype",
        "fields": {
            "model": "bccfbabypage",
            "name": "BCCF Baby Page",
            "app_label": "bccf"
        }
    }, {
        "pk": 39,
        "model": "contenttypes.contenttype",
        "fields": {
            "model": "article",
            "name": "article",
            "app_label": "bccf"
        }
    }, {
        "pk": 40,
        "model": "contenttypes.contenttype",
        "fields": {
            "model": "downloadableform",
            "name": "Downloadable Form",
            "app_label": "bccf"
        }
    }, {
        "pk": 41,
        "model": "contenttypes.contenttype",
        "fields": {
            "model": "magazine",
            "name": "magazine",
            "app_label": "bccf"
        }
    }, {
        "pk": 42,
        "model": "contenttypes.contenttype",
        "fields": {
            "model": "tipsheet",
            "name": "Tip Sheet",
            "app_label": "bccf"
        }
    }, {
        "pk": 43,
        "model": "contenttypes.contenttype",
        "fields": {
            "model": "video",
            "name": "video",
            "app_label": "bccf"
        }
    }, {
        "pk": 44,
        "model": "contenttypes.contenttype",
        "fields": {
            "model": "program",
            "name": "Program",
            "app_label": "bccf"
        }
    }, {
        "pk": 45,
        "model": "contenttypes.contenttype",
        "fields": {
            "model": "blog",
            "name": "Blog Post",
            "app_label": "bccf"
        }
    }, {
        "pk": 46,
        "model": "contenttypes.contenttype",
        "fields": {
            "model": "campaign",
            "name": "campaign",
            "app_label": "bccf"
        }
    }, {
        "pk": 47,
        "model": "contenttypes.contenttype",
        "fields": {
            "model": "userprofile",
            "name": "user profile",
            "app_label": "bccf"
        }
    }, {
        "pk": 48,
        "model": "contenttypes.contenttype",
        "fields": {
            "model": "eventforparents",
            "name": "Event for Parents",
            "app_label": "bccf"
        }
    }, {
        "pk": 49,
        "model": "contenttypes.contenttype",
        "fields": {
            "model": "eventforprofessionals",
            "name": "Event for Professionals",
            "app_label": "bccf"
        }
    }, {
        "pk": 50,
        "model": "contenttypes.contenttype",
        "fields": {
            "model": "settings",
            "name": "System Settings",
            "app_label": "bccf"
        }
    }, {
        "pk": 51,
        "model": "contenttypes.contenttype",
        "fields": {
            "model": "product",
            "name": "Product",
            "app_label": "shop"
        }
    }, {
        "pk": 52,
        "model": "contenttypes.contenttype",
        "fields": {
            "model": "productimage",
            "name": "Image",
            "app_label": "shop"
        }
    }, {
        "pk": 53,
        "model": "contenttypes.contenttype",
        "fields": {
            "model": "productoption",
            "name": "Product option",
            "app_label": "shop"
        }
    }, {
        "pk": 54,
        "model": "contenttypes.contenttype",
        "fields": {
            "model": "productvariation",
            "name": "product variation",
            "app_label": "shop"
        }
    }, {
        "pk": 55,
        "model": "contenttypes.contenttype",
        "fields": {
            "model": "category",
            "name": "Product category",
            "app_label": "shop"
        }
    }, {
        "pk": 56,
        "model": "contenttypes.contenttype",
        "fields": {
            "model": "order",
            "name": "Order",
            "app_label": "shop"
        }
    }, {
        "pk": 57,
        "model": "contenttypes.contenttype",
        "fields": {
            "model": "cart",
            "name": "cart",
            "app_label": "shop"
        }
    }, {
        "pk": 58,
        "model": "contenttypes.contenttype",
        "fields": {
            "model": "cartitem",
            "name": "cart item",
            "app_label": "shop"
        }
    }, {
        "pk": 59,
        "model": "contenttypes.contenttype",
        "fields": {
            "model": "orderitem",
            "name": "order item",
            "app_label": "shop"
        }
    }, {
        "pk": 60,
        "model": "contenttypes.contenttype",
        "fields": {
            "model": "productaction",
            "name": "product action",
            "app_label": "shop"
        }
    }, {
        "pk": 61,
        "model": "contenttypes.contenttype",
        "fields": {
            "model": "sale",
            "name": "Sale",
            "app_label": "shop"
        }
    }, {
        "pk": 62,
        "model": "contenttypes.contenttype",
        "fields": {
            "model": "discountcode",
            "name": "Discount code",
            "app_label": "shop"
        }
    }, {
        "pk": 63,
        "model": "contenttypes.contenttype",
        "fields": {
            "model": "formstructure",
            "name": "Form Structure",
            "app_label": "builder"
        }
    }, {
        "pk": 64,
        "model": "contenttypes.contenttype",
        "fields": {
            "model": "formpublished",
            "name": "Published Form",
            "app_label": "builder"
        }
    }, {
        "pk": 65,
        "model": "contenttypes.contenttype",
        "fields": {
            "model": "formfilled",
            "name": "Filled Form",
            "app_label": "builder"
        }
    }, {
        "pk": 66,
        "model": "contenttypes.contenttype",
        "fields": {
            "model": "question",
            "name": "Question",
            "app_label": "builder"
        }
    }, {
        "pk": 67,
        "model": "contenttypes.contenttype",
        "fields": {
            "model": "fieldanswer",
            "name": "Answer",
            "app_label": "builder"
        }
    }, {
        "pk": 68,
        "model": "contenttypes.contenttype",
        "fields": {
            "model": "migrationhistory",
            "name": "migration history",
            "app_label": "south"
        }
    }, {
        "pk": 69,
        "model": "contenttypes.contenttype",
        "fields": {
            "model": "logentry",
            "name": "log entry",
            "app_label": "admin"
        }
    }, {
        "pk": 70,
        "model": "contenttypes.contenttype",
        "fields": {
            "model": "comment",
            "name": "comment",
            "app_label": "comments"
        }
    }, {
        "pk": 71,
        "model": "contenttypes.contenttype",
        "fields": {
            "model": "commentflag",
            "name": "comment flag",
            "app_label": "comments"
        }
    }, {
        "pk": 72,
        "model": "contenttypes.contenttype",
        "fields": {
            "model": "category",
            "name": "Category",
            "app_label": "pybb"
        }
    }, {
        "pk": 73,
        "model": "contenttypes.contenttype",
        "fields": {
            "model": "forum",
            "name": "Forum",
            "app_label": "pybb"
        }
    }, {
        "pk": 74,
        "model": "contenttypes.contenttype",
        "fields": {
            "model": "topic",
            "name": "Topic",
            "app_label": "pybb"
        }
    }, {
        "pk": 75,
        "model": "contenttypes.contenttype",
        "fields": {
            "model": "post",
            "name": "Post",
            "app_label": "pybb"
        }
    }, {
        "pk": 76,
        "model": "contenttypes.contenttype",
        "fields": {
            "model": "profile",
            "name": "Profile",
            "app_label": "pybb"
        }
    }, {
        "pk": 77,
        "model": "contenttypes.contenttype",
        "fields": {
            "model": "attachment",
            "name": "Attachment",
            "app_label": "pybb"
        }
    }, {
        "pk": 78,
        "model": "contenttypes.contenttype",
        "fields": {
            "model": "topicreadtracker",
            "name": "Topic read tracker",
            "app_label": "pybb"
        }
    }, {
        "pk": 79,
        "model": "contenttypes.contenttype",
        "fields": {
            "model": "forumreadtracker",
            "name": "Forum read tracker",
            "app_label": "pybb"
        }
    }, {
        "pk": 80,
        "model": "contenttypes.contenttype",
        "fields": {
            "model": "pollanswer",
            "name": "Poll answer",
            "app_label": "pybb"
        }
    }, {
        "pk": 81,
        "model": "contenttypes.contenttype",
        "fields": {
            "model": "pollansweruser",
            "name": "Poll answer user",
            "app_label": "pybb"
        }
    }, {
        "pk": "09e0se3dlcjqo8yjm9ia3flpvlfv3exf",
        "model": "sessions.session",
        "fields": {
            "expire_date": "2013-11-06T21:58:27.987",
            "session_data": "MDBiMzdjMmIyYjVkYTE3YWE5NmE0N2NmMjI2YTAwNmY1YTg4YjAzYjqAAn1xAShVBGNhcnROVRJfYXV0aF91c2VyX2JhY2tlbmRVLW1lenphbmluZS5jb3JlLmF1dGhfYmFja2VuZHMuTWV6emFuaW5lQmFja2VuZFUNX2F1dGhfdXNlcl9pZEsCdS4="
        }
    }, {
        "pk": "1bindfos3nwd6t744gaurxcunmol2k1u",
        "model": "sessions.session",
        "fields": {
            "expire_date": "2013-11-06T23:00:15.266",
            "session_data": "ODNlNzY0NDY2M2ViZTI0NTA2ZTQ0MDhlZWVhZjY3OWM5ZjEwOGQyNDqAAn1xAShVEl9hdXRoX3VzZXJfYmFja2VuZHECVS1tZXp6YW5pbmUuY29yZS5hdXRoX2JhY2tlbmRzLk1lenphbmluZUJhY2tlbmRxA1UNX2F1dGhfdXNlcl9pZHEESwR1Lg=="
        }
    }, {
        "pk": "1jmiqdp8j5knyo6wvz79elrpg8tu48nb",
        "model": "sessions.session",
        "fields": {
            "expire_date": "2013-11-05T22:32:41.196",
            "session_data": "NGU3OThmZGY1NmEyMjVlMTkwOWVkMGRiYzQ3MDdlNDZlODI5NmRhYzqAAn1xAShVEl9hdXRoX3VzZXJfYmFja2VuZHECVS1tZXp6YW5pbmUuY29yZS5hdXRoX2JhY2tlbmRzLk1lenphbmluZUJhY2tlbmRxA1UNX2F1dGhfdXNlcl9pZHEESwF1Lg=="
        }
    }, {
        "pk": "4wrj8zjwharqj072e01d30dh31mr9840",
        "model": "sessions.session",
        "fields": {
            "expire_date": "2013-11-06T22:49:27.932",
            "session_data": "ZmUwYzNkMDdhZDc5NWIyMzRkNzYwZTcxYWZlNDk0N2MwOGM2Yjg4YTqAAn1xAShVBGNhcnROVRJfYXV0aF91c2VyX2JhY2tlbmRVLW1lenphbmluZS5jb3JlLmF1dGhfYmFja2VuZHMuTWV6emFuaW5lQmFja2VuZFUNX2F1dGhfdXNlcl9pZEsEVQ1hZnRlcmNoZWNrb3V0WCMAAAAvcGFyZW50cy9ldmVudC9zaWdudXAvcGFyZW50LWV2ZW50L3Uu"
        }
    }, {
        "pk": "7yrn98u1l891s7csulinwwb9w1lm2n53",
        "model": "sessions.session",
        "fields": {
            "expire_date": "2013-11-04T19:06:41.412",
            "session_data": "NGU3OThmZGY1NmEyMjVlMTkwOWVkMGRiYzQ3MDdlNDZlODI5NmRhYzqAAn1xAShVEl9hdXRoX3VzZXJfYmFja2VuZHECVS1tZXp6YW5pbmUuY29yZS5hdXRoX2JhY2tlbmRzLk1lenphbmluZUJhY2tlbmRxA1UNX2F1dGhfdXNlcl9pZHEESwF1Lg=="
        }
    }, {
        "pk": "cxpq8zqhs0vxvxjgt7125qbc3tljurem",
        "model": "sessions.session",
        "fields": {
            "expire_date": "2014-01-16T17:37:25.900",
            "session_data": "NGU3OThmZGY1NmEyMjVlMTkwOWVkMGRiYzQ3MDdlNDZlODI5NmRhYzqAAn1xAShVEl9hdXRoX3VzZXJfYmFja2VuZHECVS1tZXp6YW5pbmUuY29yZS5hdXRoX2JhY2tlbmRzLk1lenphbmluZUJhY2tlbmRxA1UNX2F1dGhfdXNlcl9pZHEESwF1Lg=="
        }
    }, {
        "pk": "dtkjd6v0hqng9l3hdkbh7jv52xyaodk1",
        "model": "sessions.session",
        "fields": {
            "expire_date": "2013-11-06T22:15:33.880",
            "session_data": "OTI5MWQ3OWMxM2M1ODNjM2NkY2RiZDUwYTdlMWQxZjNlNDQ2M2FkYjqAAn1xAShVEl9hdXRoX3VzZXJfYmFja2VuZFUtbWV6emFuaW5lLmNvcmUuYXV0aF9iYWNrZW5kcy5NZXp6YW5pbmVCYWNrZW5kVQ1fYXV0aF91c2VyX2lkSwJVBGNhcnROdS4="
        }
    }, {
        "pk": "eyzt3o3kxp885yo8c92vqg6ef1tvckqx",
        "model": "sessions.session",
        "fields": {
            "expire_date": "2013-11-06T22:32:15.402",
            "session_data": "YmU1MDYxNmYxNzU3NGMxYjY3MjBmZTFmN2Q1NzdjNTY5OTdhMjc0NTqAAn1xAShVBGNhcnROVRJfYXV0aF91c2VyX2JhY2tlbmRVLW1lenphbmluZS5jb3JlLmF1dGhfYmFja2VuZHMuTWV6emFuaW5lQmFja2VuZFUNX2F1dGhfdXNlcl9pZEsDVQ1hZnRlcmNoZWNrb3V0WCMAAAAvcGFyZW50cy9ldmVudC9zaWdudXAvcGFyZW50LWV2ZW50L3Uu"
        }
    }, {
        "pk": "g9twczatc4unsxhka0l3rhr8mxzd5lsl",
        "model": "sessions.session",
        "fields": {
            "expire_date": "2013-11-06T19:39:41.056",
            "session_data": "NGU3OThmZGY1NmEyMjVlMTkwOWVkMGRiYzQ3MDdlNDZlODI5NmRhYzqAAn1xAShVEl9hdXRoX3VzZXJfYmFja2VuZHECVS1tZXp6YW5pbmUuY29yZS5hdXRoX2JhY2tlbmRzLk1lenphbmluZUJhY2tlbmRxA1UNX2F1dGhfdXNlcl9pZHEESwF1Lg=="
        }
    }, {
        "pk": "n5q3sp7fpfppuytvrgb00fjrizhcjudx",
        "model": "sessions.session",
        "fields": {
            "expire_date": "2013-11-08T17:23:19.630",
            "session_data": "NGU3OThmZGY1NmEyMjVlMTkwOWVkMGRiYzQ3MDdlNDZlODI5NmRhYzqAAn1xAShVEl9hdXRoX3VzZXJfYmFja2VuZHECVS1tZXp6YW5pbmUuY29yZS5hdXRoX2JhY2tlbmRzLk1lenphbmluZUJhY2tlbmRxA1UNX2F1dGhfdXNlcl9pZHEESwF1Lg=="
        }
    }, {
        "pk": "nqb57nrmy46v5c4vo2ph0ggifue0xlvu",
        "model": "sessions.session",
        "fields": {
            "expire_date": "2013-11-06T21:34:45.159",
            "session_data": "NGU3OThmZGY1NmEyMjVlMTkwOWVkMGRiYzQ3MDdlNDZlODI5NmRhYzqAAn1xAShVEl9hdXRoX3VzZXJfYmFja2VuZHECVS1tZXp6YW5pbmUuY29yZS5hdXRoX2JhY2tlbmRzLk1lenphbmluZUJhY2tlbmRxA1UNX2F1dGhfdXNlcl9pZHEESwF1Lg=="
        }
    }, {
        "pk": "pjdxgwxb143tmt4eajh7td1t2yc6ch24",
        "model": "sessions.session",
        "fields": {
            "expire_date": "2013-11-08T17:52:36.594",
            "session_data": "NGU3OThmZGY1NmEyMjVlMTkwOWVkMGRiYzQ3MDdlNDZlODI5NmRhYzqAAn1xAShVEl9hdXRoX3VzZXJfYmFja2VuZHECVS1tZXp6YW5pbmUuY29yZS5hdXRoX2JhY2tlbmRzLk1lenphbmluZUJhY2tlbmRxA1UNX2F1dGhfdXNlcl9pZHEESwF1Lg=="
        }
    }, {
        "pk": "s2wb0b2g9lpi0vek4uenig1xa9ebl3d5",
        "model": "sessions.session",
        "fields": {
            "expire_date": "2013-11-08T19:00:26.025",
            "session_data": "MTIxOTI3NGY3M2I3NTliYzc2MWI2NzQ1YjA0YWNjNmQwM2FhMTE2NjqAAn1xAS4="
        }
    }, {
        "pk": "tyr29urtwxr6izwhluz0wt3weuuvtf78",
        "model": "sessions.session",
        "fields": {
            "expire_date": "2013-11-07T20:11:50.629",
            "session_data": "NGU3OThmZGY1NmEyMjVlMTkwOWVkMGRiYzQ3MDdlNDZlODI5NmRhYzqAAn1xAShVEl9hdXRoX3VzZXJfYmFja2VuZHECVS1tZXp6YW5pbmUuY29yZS5hdXRoX2JhY2tlbmRzLk1lenphbmluZUJhY2tlbmRxA1UNX2F1dGhfdXNlcl9pZHEESwF1Lg=="
        }
    }, {
        "pk": "vhy51aqo1eru90eeluwvbcm3q10atbue",
        "model": "sessions.session",
        "fields": {
            "expire_date": "2013-11-06T17:10:19.061",
            "session_data": "NGU3OThmZGY1NmEyMjVlMTkwOWVkMGRiYzQ3MDdlNDZlODI5NmRhYzqAAn1xAShVEl9hdXRoX3VzZXJfYmFja2VuZHECVS1tZXp6YW5pbmUuY29yZS5hdXRoX2JhY2tlbmRzLk1lenphbmluZUJhY2tlbmRxA1UNX2F1dGhfdXNlcl9pZHEESwF1Lg=="
        }
    }, {
        "pk": "xafmv77znn8qkfd08ffedy3903owc42c",
        "model": "sessions.session",
        "fields": {
            "expire_date": "2013-11-05T19:03:47.097",
            "session_data": "NGU3OThmZGY1NmEyMjVlMTkwOWVkMGRiYzQ3MDdlNDZlODI5NmRhYzqAAn1xAShVEl9hdXRoX3VzZXJfYmFja2VuZHECVS1tZXp6YW5pbmUuY29yZS5hdXRoX2JhY2tlbmRzLk1lenphbmluZUJhY2tlbmRxA1UNX2F1dGhfdXNlcl9pZHEESwF1Lg=="
        }
    }, {
        "pk": 1,
        "model": "sites.site",
        "fields": {
            "domain": "127.0.0.1:8000",
            "name": "Default"
        }
    }, {
        "pk": 1,
        "model": "conf.setting",
        "fields": {
            "site": 1,
            "value": "",
            "name": "GOOGLE_ANALYTICS_ID"
        }
    }, {
        "pk": 2,
        "model": "conf.setting",
        "fields": {
            "site": 1,
            "value": "True",
            "name": "SHOP_PAYMENT_STEP_ENABLED"
        }
    }, {
        "pk": 3,
        "model": "conf.setting",
        "fields": {
            "site": 1,
            "value": "10",
            "name": "SEARCH_PER_PAGE"
        }
    }, {
        "pk": 4,
        "model": "conf.setting",
        "fields": {
            "site": 1,
            "value": "5",
            "name": "COMMENTS_NUM_LATEST"
        }
    }, {
        "pk": 5,
        "model": "conf.setting",
        "fields": {
            "site": 1,
            "value": "",
            "name": "ACCOUNTS_APPROVAL_EMAILS"
        }
    }, {
        "pk": 6,
        "model": "conf.setting",
        "fields": {
            "site": 1,
            "value": "",
            "name": "COMMENTS_DISQUS_API_PUBLIC_KEY"
        }
    }, {
        "pk": 7,
        "model": "conf.setting",
        "fields": {
            "site": 1,
            "value": "1",
            "name": "RICHTEXT_FILTER_LEVEL"
        }
    }, {
        "pk": 8,
        "model": "conf.setting",
        "fields": {
            "site": 1,
            "value": "",
            "name": "TWITTER_CONSUMER_SECRET"
        }
    }, {
        "pk": 9,
        "model": "conf.setting",
        "fields": {
            "site": 1,
            "value": "True",
            "name": "COMMENTS_UNAPPROVED_VISIBLE"
        }
    }, {
        "pk": 10,
        "model": "conf.setting",
        "fields": {
            "site": 1,
            "value": "",
            "name": "SHOP_ORDER_EMAIL_BCC"
        }
    }, {
        "pk": 11,
        "model": "conf.setting",
        "fields": {
            "site": 1,
            "value": "Wat.",
            "name": "SITE_TAGLINE"
        }
    }, {
        "pk": 12,
        "model": "conf.setting",
        "fields": {
            "site": 1,
            "value": "search",
            "name": "TWITTER_DEFAULT_QUERY_TYPE"
        }
    }, {
        "pk": 13,
        "model": "conf.setting",
        "fields": {
            "site": 1,
            "value": "True",
            "name": "COMMENTS_REMOVED_VISIBLE"
        }
    }, {
        "pk": 14,
        "model": "conf.setting",
        "fields": {
            "site": 1,
            "value": "3",
            "name": "TWITTER_DEFAULT_NUM_TWEETS"
        }
    }, {
        "pk": 15,
        "model": "conf.setting",
        "fields": {
            "site": 1,
            "value": "12",
            "name": "SHOP_PER_PAGE_CATEGORY"
        }
    }, {
        "pk": 16,
        "model": "conf.setting",
        "fields": {
            "site": 1,
            "value": "",
            "name": "BITLY_ACCESS_TOKEN"
        }
    }, {
        "pk": 17,
        "model": "conf.setting",
        "fields": {
            "site": 1,
            "value": "False",
            "name": "SHOP_CHECKOUT_ACCOUNT_REQUIRED"
        }
    }, {
        "pk": 18,
        "model": "conf.setting",
        "fields": {
            "site": 1,
            "value": "False",
            "name": "SSL_ENABLED"
        }
    }, {
        "pk": 19,
        "model": "conf.setting",
        "fields": {
            "site": 1,
            "value": "",
            "name": "AKISMET_API_KEY"
        }
    }, {
        "pk": 20,
        "model": "conf.setting",
        "fields": {
            "site": 1,
            "value": "False",
            "name": "SHOP_DISCOUNT_FIELD_IN_CART"
        }
    }, {
        "pk": 21,
        "model": "conf.setting",
        "fields": {
            "site": 1,
            "value": "",
            "name": "TWITTER_ACCESS_TOKEN_KEY"
        }
    }, {
        "pk": 22,
        "model": "conf.setting",
        "fields": {
            "site": 1,
            "value": "10.0",
            "name": "SHOP_DEFAULT_SHIPPING_VALUE"
        }
    }, {
        "pk": 23,
        "model": "conf.setting",
        "fields": {
            "site": 1,
            "value": "django mezzanine",
            "name": "TWITTER_DEFAULT_QUERY"
        }
    }, {
        "pk": 24,
        "model": "conf.setting",
        "fields": {
            "site": 1,
            "value": "BCCF - Debug",
            "name": "SITE_TITLE"
        }
    }, {
        "pk": 25,
        "model": "conf.setting",
        "fields": {
            "site": 1,
            "value": "5",
            "name": "BLOG_POST_PER_PAGE"
        }
    }, {
        "pk": 26,
        "model": "conf.setting",
        "fields": {
            "site": 1,
            "value": "",
            "name": "COMMENTS_NOTIFICATION_EMAILS"
        }
    }, {
        "pk": 27,
        "model": "conf.setting",
        "fields": {
            "site": 1,
            "value": "False",
            "name": "SHOP_DISCOUNT_FIELD_IN_CHECKOUT"
        }
    }, {
        "pk": 28,
        "model": "conf.setting",
        "fields": {
            "site": 1,
            "value": "",
            "name": "COMMENTS_DISQUS_API_SECRET_KEY"
        }
    }, {
        "pk": 29,
        "model": "conf.setting",
        "fields": {
            "site": 1,
            "value": "",
            "name": "TWITTER_CONSUMER_KEY"
        }
    }, {
        "pk": 30,
        "model": "conf.setting",
        "fields": {
            "site": 1,
            "value": "False",
            "name": "COMMENTS_ACCOUNT_REQUIRED"
        }
    }, {
        "pk": 31,
        "model": "conf.setting",
        "fields": {
            "site": 1,
            "value": "Order Receipt",
            "name": "SHOP_ORDER_EMAIL_SUBJECT"
        }
    }, {
        "pk": 32,
        "model": "conf.setting",
        "fields": {
            "site": 1,
            "value": "",
            "name": "SSL_FORCE_HOST"
        }
    }, {
        "pk": 33,
        "model": "conf.setting",
        "fields": {
            "site": 1,
            "value": "10",
            "name": "MAX_PAGING_LINKS"
        }
    }, {
        "pk": 34,
        "model": "conf.setting",
        "fields": {
            "site": 1,
            "value": "",
            "name": "TWITTER_ACCESS_TOKEN_SECRET"
        }
    }, {
        "pk": 35,
        "model": "conf.setting",
        "fields": {
            "site": 1,
            "value": "4",
            "name": "TAG_CLOUD_SIZES"
        }
    }, {
        "pk": 36,
        "model": "conf.setting",
        "fields": {
            "site": 1,
            "value": "",
            "name": "COMMENTS_DISQUS_SHORTNAME"
        }
    }, {
        "pk": 37,
        "model": "conf.setting",
        "fields": {
            "site": 1,
            "value": "do_not_reply@Japan",
            "name": "SHOP_ORDER_FROM_EMAIL"
        }
    }, {
        "pk": 38,
        "model": "conf.setting",
        "fields": {
            "site": 1,
            "value": "True",
            "name": "COMMENTS_DEFAULT_APPROVED"
        }
    }, {
        "pk": 39,
        "model": "conf.setting",
        "fields": {
            "site": 1,
            "value": "False",
            "name": "RATINGS_ACCOUNT_REQUIRED"
        }
    }, {
        "pk": 1,
        "model": "pages.page",
        "fields": {
            "status": 1,
            "login_required": false,
            "updated": "2013-10-24T20:12:24.090",
            "_order": 0,
            "titles": "Test Page",
            "description": "some content",
            "parent": null,
            "title": "Test Page",
            "short_url": null,
            "created": "2013-10-21T19:10:39.366",
            "site": 1,
            "in_sitemap": true,
            "keywords_string": "",
            "_meta_title": "",
            "expiry_date": null,
            "publish_date": "2013-10-21T19:10:39",
            "content_model": "richtextpage",
            "in_menus": "",
            "slug": "test-page",
            "gen_description": true
        }
    }, {
        "pk": 7,
        "model": "pages.page",
        "fields": {
            "status": 2,
            "login_required": false,
            "updated": "2013-10-23T19:51:20.928",
            "_order": 1,
            "titles": "Shop",
            "description": "Shop shop shop",
            "parent": null,
            "title": "Shop",
            "short_url": null,
            "created": null,
            "site": 1,
            "in_sitemap": true,
            "keywords_string": "",
            "_meta_title": null,
            "expiry_date": null,
            "publish_date": "2013-10-23T19:51:20.926",
            "content_model": "category",
            "in_menus": "1,2,3",
            "slug": "shop",
            "gen_description": true
        }
    }, {
        "pk": 8,
        "model": "pages.page",
        "fields": {
            "status": 2,
            "login_required": true,
            "updated": "2013-10-24T19:39:48.262",
            "_order": 1,
            "titles": "Membership / Membership: Parents",
            "description": "Please select a type of membership you would like to purchase",
            "parent": 11,
            "title": "Membership: Parents",
            "short_url": null,
            "created": "2013-10-22T21:38:04.247",
            "site": 1,
            "in_sitemap": true,
            "keywords_string": "",
            "_meta_title": "",
            "expiry_date": null,
            "publish_date": "2013-10-22T21:38:04",
            "content_model": "category",
            "in_menus": "2",
            "slug": "membership/membership-parents",
            "gen_description": true
        }
    }, {
        "pk": 10,
        "model": "pages.page",
        "fields": {
            "status": 2,
            "login_required": false,
            "updated": "2013-10-24T19:40:38.632",
            "_order": 0,
            "titles": "Membership / Membership: Professionals",
            "description": "Membership types for professionals",
            "parent": 11,
            "title": "Membership: Professionals",
            "short_url": null,
            "created": "2013-10-22T22:49:16.248",
            "site": 1,
            "in_sitemap": true,
            "keywords_string": "",
            "_meta_title": "",
            "expiry_date": null,
            "publish_date": "2013-10-22T22:49:16",
            "content_model": "category",
            "in_menus": "1,2,3",
            "slug": "membership/membership-professionals",
            "gen_description": true
        }
    }, {
        "pk": 11,
        "model": "pages.page",
        "fields": {
            "status": 2,
            "login_required": false,
            "updated": "2013-10-22T23:11:02.705",
            "_order": 2,
            "titles": "Membership",
            "description": "parent category for all membership types",
            "parent": null,
            "title": "Membership",
            "short_url": null,
            "created": "2013-10-22T22:49:47.790",
            "site": 1,
            "in_sitemap": true,
            "keywords_string": "",
            "_meta_title": "",
            "expiry_date": null,
            "publish_date": "2013-10-22T22:49:47",
            "content_model": "category",
            "in_menus": "",
            "slug": "membership",
            "gen_description": true
        }
    }, {
        "pk": 13,
        "model": "pages.page",
        "fields": {
            "status": 2,
            "login_required": false,
            "updated": "2013-10-22T23:00:20.754",
            "_order": 2,
            "titles": "Membership / Membership: Corporate",
            "description": "Corporate membership category",
            "parent": 11,
            "title": "Membership: Corporate",
            "short_url": null,
            "created": "2013-10-22T23:00:15.470",
            "site": 1,
            "in_sitemap": true,
            "keywords_string": "",
            "_meta_title": "",
            "expiry_date": null,
            "publish_date": "2013-10-22T23:00:15.468",
            "content_model": "category",
            "in_menus": "1,2,3",
            "slug": "membership/membership-corporate",
            "gen_description": true
        }
    }, {
        "pk": 15,
        "model": "pages.page",
        "fields": {
            "status": 2,
            "login_required": false,
            "updated": "2013-10-23T17:10:59.928",
            "_order": 3,
            "titles": "For Parents",
            "description": "For Parents",
            "parent": null,
            "title": "For Parents",
            "short_url": null,
            "created": "2013-10-23T17:10:59.928",
            "site": 1,
            "in_sitemap": false,
            "keywords_string": "",
            "_meta_title": null,
            "expiry_date": null,
            "publish_date": "2013-10-23T17:10:59.926",
            "content_model": "link",
            "in_menus": "2",
            "slug": "/parents/",
            "gen_description": true
        }
    }, {
        "pk": 16,
        "model": "pages.page",
        "fields": {
            "status": 2,
            "login_required": false,
            "updated": "2014-01-02T18:39:49.153",
            "_order": 4,
            "titles": "Programs",
            "description": "placeholder",
            "parent": null,
            "title": "Programs",
            "short_url": null,
            "created": "2014-01-02T18:39:49.153",
            "site": 1,
            "in_sitemap": true,
            "keywords_string": "",
            "_meta_title": "",
            "expiry_date": null,
            "publish_date": "2014-01-02T18:39:38",
            "content_model": "bccfpage",
            "in_menus": "1,2,3",
            "slug": "programs",
            "gen_description": true
        }
    }, {
        "pk": 1,
        "model": "pages.richtextpage",
        "fields": {
            "content": "<p>some content<img height=\"500\" src=\"/static/media/uploads/narrow_wood_grey.jpg\" width=\"500\"></p>"
        }
    }, {
        "pk": 15,
        "model": "pages.link",
        "fields": {}
    }, {
        "pk": 1,
        "model": "twitter.query",
        "fields": {
            "interested": true,
            "type": "search",
            "value": "django mezzanine"
        }
    }, {
        "pk": 16,
        "model": "bccf.bccfpage",
        "fields": {
            "content": "<p>placeholder</p>",
            "carousel_color": "dgreen-list",
            "marquee": null
        }
    }, {
        "pk": 1,
        "model": "bccf.settings",
        "fields": {
            "name": "PARENT_MEMBERSHIP_CATEGORY",
            "value": "membership-parents"
        }
    }, {
        "pk": 1,
        "model": "shop.product",
        "fields": {
            "available": true,
            "upsell_products": [2],
            "short_url": null,
            "image": "product/red.png",
            "site": 1,
            "keywords_string": "",
            "in_sitemap": true,
            "sale_to": null,
            "sale_from": null,
            "title": "Django Pony",
            "sale_id": 1,
            "unit_price": "10",
            "content": "<p>Magic that can't be removed!</p>",
            "rating_sum": 0,
            "rating_count": 0,
            "categories": [7],
            "sale_price": "5",
            "status": 2,
            "sku": "1",
            "updated": null,
            "description": "<p>Magic that can't be removed!</p>",
            "rating_average": 0.0,
            "related_products": [2],
            "num_in_stock": null,
            "expiry_date": null,
            "date_added": null,
            "slug": "django-pony",
            "gen_description": true,
            "created": null,
            "_meta_title": null,
            "publish_date": null
        }
    }, {
        "pk": 2,
        "model": "shop.product",
        "fields": {
            "available": true,
            "upsell_products": [1],
            "short_url": null,
            "image": "product/screen-2013-09-15-09-38-011.jpeg",
            "site": 1,
            "keywords_string": "",
            "in_sitemap": true,
            "sale_to": null,
            "sale_from": null,
            "title": "A book",
            "sale_id": null,
            "unit_price": null,
            "content": "<p>This book is full of awesomeness. It has no title.</p>",
            "rating_sum": 0,
            "rating_count": 0,
            "categories": [7],
            "sale_price": null,
            "status": 2,
            "sku": "13",
            "updated": "2013-10-22T19:06:05.513",
            "description": "This book is full of awesomeness. It has no title.",
            "rating_average": 0.0,
            "related_products": [1],
            "num_in_stock": null,
            "expiry_date": null,
            "date_added": "2013-10-22T19:04:49.976",
            "slug": "a-book",
            "gen_description": true,
            "created": "2013-10-22T19:04:49.976",
            "_meta_title": "",
            "publish_date": "2013-10-22T19:04:49"
        }
    }, {
        "pk": 3,
        "model": "shop.product",
        "fields": {
            "available": false,
            "upsell_products": [5],
            "short_url": null,
            "image": null,
            "site": 1,
            "keywords_string": "",
            "in_sitemap": true,
            "sale_to": null,
            "sale_from": null,
            "title": "Parent Membership",
            "sale_id": null,
            "unit_price": "100",
            "content": "<p>Membership for parents</p>",
            "rating_sum": 0,
            "rating_count": 0,
            "categories": [8],
            "sale_price": null,
            "status": 2,
            "sku": "14",
            "updated": "2013-10-24T20:03:52.528",
            "description": "Membership for parents",
            "rating_average": 0.0,
            "related_products": [5],
            "num_in_stock": null,
            "expiry_date": null,
            "date_added": "2013-10-24T19:42:24.244",
            "slug": "parent-membership",
            "gen_description": true,
            "created": "2013-10-24T19:42:24.244",
            "_meta_title": "",
            "publish_date": "2013-10-24T19:42:24"
        }
    }, {
        "pk": 4,
        "model": "shop.product",
        "fields": {
            "available": false,
            "upsell_products": [6],
            "short_url": null,
            "image": null,
            "site": 1,
            "keywords_string": "",
            "in_sitemap": true,
            "sale_to": null,
            "sale_from": null,
            "title": "Professional Membership",
            "sale_id": null,
            "unit_price": "100",
            "content": "<p>Membership for Professionals</p>",
            "rating_sum": 0,
            "rating_count": 0,
            "categories": [10],
            "sale_price": null,
            "status": 2,
            "sku": "82",
            "updated": "2013-10-24T20:04:09.006",
            "description": "Membership for Professionals",
            "rating_average": 0.0,
            "related_products": [6],
            "num_in_stock": null,
            "expiry_date": null,
            "date_added": "2013-10-24T19:44:39.728",
            "slug": "professional-membership",
            "gen_description": true,
            "created": "2013-10-24T19:44:39.728",
            "_meta_title": "",
            "publish_date": "2013-10-24T19:44:39"
        }
    }, {
        "pk": 5,
        "model": "shop.product",
        "fields": {
            "available": false,
            "upsell_products": [3],
            "short_url": null,
            "image": null,
            "site": 1,
            "keywords_string": "",
            "in_sitemap": true,
            "sale_to": null,
            "sale_from": null,
            "title": "Parent Membership - FREE",
            "sale_id": null,
            "unit_price": "0",
            "content": "<p>Free membership for parents</p>",
            "rating_sum": 0,
            "rating_count": 0,
            "categories": [8],
            "sale_price": null,
            "status": 2,
            "sku": "98",
            "updated": "2013-10-24T20:03:31.046",
            "description": "Free membership for parents",
            "rating_average": 0.0,
            "related_products": [3],
            "num_in_stock": null,
            "expiry_date": null,
            "date_added": "2013-10-24T20:01:43.632",
            "slug": "parent-membership-free",
            "gen_description": true,
            "created": "2013-10-24T20:01:43.632",
            "_meta_title": "",
            "publish_date": "2013-10-24T20:01:43"
        }
    }, {
        "pk": 6,
        "model": "shop.product",
        "fields": {
            "available": false,
            "upsell_products": [4],
            "short_url": null,
            "image": null,
            "site": 1,
            "keywords_string": "",
            "in_sitemap": true,
            "sale_to": null,
            "sale_from": null,
            "title": "Professional Membership - FREE",
            "sale_id": null,
            "unit_price": null,
            "content": "<p>Free professional membership</p>",
            "rating_sum": 0,
            "rating_count": 0,
            "categories": [10],
            "sale_price": null,
            "status": 2,
            "sku": "99",
            "updated": "2013-10-24T20:02:58.662",
            "description": "Free professional membership",
            "rating_average": 0.0,
            "related_products": [4],
            "num_in_stock": null,
            "expiry_date": null,
            "date_added": "2013-10-24T20:02:58.549",
            "slug": "professional-membership-free",
            "gen_description": true,
            "created": "2013-10-24T20:02:58.549",
            "_meta_title": "",
            "publish_date": "2013-10-24T20:02:58.540"
        }
    }, {
        "pk": 1,
        "model": "shop.productimage",
        "fields": {
            "product": 1,
            "_order": 1,
            "description": "",
            "file": "product/red.png"
        }
    }, {
        "pk": 2,
        "model": "shop.productimage",
        "fields": {
            "product": 1,
            "_order": 2,
            "description": "",
            "file": "product/yellow.png"
        }
    }, {
        "pk": 3,
        "model": "shop.productimage",
        "fields": {
            "product": 1,
            "_order": 3,
            "description": "",
            "file": "product/green.png"
        }
    }, {
        "pk": 4,
        "model": "shop.productimage",
        "fields": {
            "product": 1,
            "_order": 4,
            "description": "",
            "file": "product/blue.png"
        }
    }, {
        "pk": 5,
        "model": "shop.productimage",
        "fields": {
            "product": 2,
            "_order": 0,
            "description": "",
            "file": "product/screen-2013-09-15-09-38-011.jpeg"
        }
    }, {
        "pk": 2,
        "model": "shop.productoption",
        "fields": {
            "type": 1,
            "name": "Annual"
        }
    }, {
        "pk": 3,
        "model": "shop.productoption",
        "fields": {
            "type": 1,
            "name": "Quarterly"
        }
    }, {
        "pk": 4,
        "model": "shop.productoption",
        "fields": {
            "type": 1,
            "name": "Monthly"
        }
    }, {
        "pk": 5,
        "model": "shop.productoption",
        "fields": {
            "type": 2,
            "name": "Yes"
        }
    }, {
        "pk": 6,
        "model": "shop.productoption",
        "fields": {
            "type": 2,
            "name": "No"
        }
    }, {
        "pk": 7,
        "model": "shop.productoption",
        "fields": {
            "type": 3,
            "name": "No"
        }
    }, {
        "pk": 8,
        "model": "shop.productoption",
        "fields": {
            "type": 3,
            "name": "Accredited Programs Only"
        }
    }, {
        "pk": 9,
        "model": "shop.productoption",
        "fields": {
            "type": 3,
            "name": "Accredited and Other Programs"
        }
    }, {
        "pk": 10,
        "model": "shop.productoption",
        "fields": {
            "type": 4,
            "name": "No"
        }
    }, {
        "pk": 11,
        "model": "shop.productoption",
        "fields": {
            "type": 1,
            "name": "FREE - Unlimited"
        }
    }, {
        "pk": 12,
        "model": "shop.productoption",
        "fields": {
            "type": 4,
            "name": "Basic"
        }
    }, {
        "pk": 13,
        "model": "shop.productoption",
        "fields": {
            "type": 4,
            "name": "Business Card"
        }
    }, {
        "pk": 14,
        "model": "shop.productoption",
        "fields": {
            "type": 4,
            "name": "High Profile"
        }
    }, {
        "pk": 15,
        "model": "shop.productoption",
        "fields": {
            "type": 5,
            "name": "15%"
        }
    }, {
        "pk": 16,
        "model": "shop.productoption",
        "fields": {
            "type": 5,
            "name": "No"
        }
    }, {
        "pk": 1,
        "model": "shop.productvariation",
        "fields": {
            "sale_to": null,
            "sku": "1",
            "product": 1,
            "sale_from": null,
            "default": true,
            "image": 1,
            "sale_id": 1,
            "unit_price": "10",
            "num_in_stock": null,
            "sale_price": "5",
            "option4": null,
            "option5": null,
            "option2": "Red",
            "option3": null,
            "option1": "Small"
        }
    }, {
        "pk": 2,
        "model": "shop.productvariation",
        "fields": {
            "sale_to": null,
            "sku": "2",
            "product": 1,
            "sale_from": null,
            "default": false,
            "image": 1,
            "sale_id": 1,
            "unit_price": "10",
            "num_in_stock": null,
            "sale_price": "5",
            "option4": null,
            "option5": null,
            "option2": "Red",
            "option3": null,
            "option1": "Medium"
        }
    }, {
        "pk": 3,
        "model": "shop.productvariation",
        "fields": {
            "sale_to": null,
            "sku": "3",
            "product": 1,
            "sale_from": null,
            "default": false,
            "image": 1,
            "sale_id": 1,
            "unit_price": "10",
            "num_in_stock": null,
            "sale_price": "5",
            "option4": null,
            "option5": null,
            "option2": "Red",
            "option3": null,
            "option1": "Large"
        }
    }, {
        "pk": 4,
        "model": "shop.productvariation",
        "fields": {
            "sale_to": null,
            "sku": "4",
            "product": 1,
            "sale_from": null,
            "default": false,
            "image": 2,
            "sale_id": 1,
            "unit_price": "10",
            "num_in_stock": null,
            "sale_price": "5",
            "option4": null,
            "option5": null,
            "option2": "Yellow",
            "option3": null,
            "option1": "Small"
        }
    }, {
        "pk": 5,
        "model": "shop.productvariation",
        "fields": {
            "sale_to": null,
            "sku": "5",
            "product": 1,
            "sale_from": null,
            "default": false,
            "image": 2,
            "sale_id": 1,
            "unit_price": "10",
            "num_in_stock": null,
            "sale_price": "5",
            "option4": null,
            "option5": null,
            "option2": "Yellow",
            "option3": null,
            "option1": "Medium"
        }
    }, {
        "pk": 6,
        "model": "shop.productvariation",
        "fields": {
            "sale_to": null,
            "sku": "6",
            "product": 1,
            "sale_from": null,
            "default": false,
            "image": 2,
            "sale_id": 1,
            "unit_price": "10",
            "num_in_stock": null,
            "sale_price": "5",
            "option4": null,
            "option5": null,
            "option2": "Yellow",
            "option3": null,
            "option1": "Large"
        }
    }, {
        "pk": 7,
        "model": "shop.productvariation",
        "fields": {
            "sale_to": null,
            "sku": "7",
            "product": 1,
            "sale_from": null,
            "default": false,
            "image": 3,
            "sale_id": 1,
            "unit_price": "10",
            "num_in_stock": null,
            "sale_price": "5",
            "option4": null,
            "option5": null,
            "option2": "Green",
            "option3": null,
            "option1": "Small"
        }
    }, {
        "pk": 8,
        "model": "shop.productvariation",
        "fields": {
            "sale_to": null,
            "sku": "8",
            "product": 1,
            "sale_from": null,
            "default": false,
            "image": 3,
            "sale_id": 1,
            "unit_price": "10",
            "num_in_stock": null,
            "sale_price": "5",
            "option4": null,
            "option5": null,
            "option2": "Green",
            "option3": null,
            "option1": "Medium"
        }
    }, {
        "pk": 9,
        "model": "shop.productvariation",
        "fields": {
            "sale_to": null,
            "sku": "9",
            "product": 1,
            "sale_from": null,
            "default": false,
            "image": 3,
            "sale_id": 1,
            "unit_price": "10",
            "num_in_stock": null,
            "sale_price": "5",
            "option4": null,
            "option5": null,
            "option2": "Green",
            "option3": null,
            "option1": "Large"
        }
    }, {
        "pk": 10,
        "model": "shop.productvariation",
        "fields": {
            "sale_to": null,
            "sku": "10",
            "product": 1,
            "sale_from": null,
            "default": false,
            "image": 4,
            "sale_id": 1,
            "unit_price": "10",
            "num_in_stock": null,
            "sale_price": "5",
            "option4": null,
            "option5": null,
            "option2": "Blue",
            "option3": null,
            "option1": "Small"
        }
    }, {
        "pk": 11,
        "model": "shop.productvariation",
        "fields": {
            "sale_to": null,
            "sku": "11",
            "product": 1,
            "sale_from": null,
            "default": false,
            "image": 4,
            "sale_id": 1,
            "unit_price": "10",
            "num_in_stock": null,
            "sale_price": "5",
            "option4": null,
            "option5": null,
            "option2": "Blue",
            "option3": null,
            "option1": "Medium"
        }
    }, {
        "pk": 12,
        "model": "shop.productvariation",
        "fields": {
            "sale_to": null,
            "sku": "12",
            "product": 1,
            "sale_from": null,
            "default": false,
            "image": 4,
            "sale_id": 1,
            "unit_price": "10",
            "num_in_stock": null,
            "sale_price": "5",
            "option4": null,
            "option5": null,
            "option2": "Blue",
            "option3": null,
            "option1": "Large"
        }
    }, {
        "pk": 13,
        "model": "shop.productvariation",
        "fields": {
            "sale_to": null,
            "sku": "13",
            "product": 2,
            "sale_from": null,
            "default": true,
            "image": 5,
            "sale_id": null,
            "unit_price": null,
            "num_in_stock": null,
            "sale_price": null,
            "option4": null,
            "option5": null,
            "option2": null,
            "option3": null,
            "option1": null
        }
    }, {
        "pk": 14,
        "model": "shop.productvariation",
        "fields": {
            "sale_to": null,
            "sku": "14",
            "product": 3,
            "sale_from": null,
            "default": true,
            "image": null,
            "sale_id": null,
            "unit_price": "100",
            "num_in_stock": null,
            "sale_price": null,
            "option4": null,
            "option5": null,
            "option2": "Yes",
            "option3": null,
            "option1": "Annual"
        }
    }, {
        "pk": 15,
        "model": "shop.productvariation",
        "fields": {
            "sale_to": null,
            "sku": "15",
            "product": 3,
            "sale_from": null,
            "default": false,
            "image": null,
            "sale_id": null,
            "unit_price": "30",
            "num_in_stock": null,
            "sale_price": null,
            "option4": null,
            "option5": null,
            "option2": "Yes",
            "option3": null,
            "option1": "Quarterly"
        }
    }, {
        "pk": 16,
        "model": "shop.productvariation",
        "fields": {
            "sale_to": null,
            "sku": "16",
            "product": 3,
            "sale_from": null,
            "default": false,
            "image": null,
            "sale_id": null,
            "unit_price": "12",
            "num_in_stock": null,
            "sale_price": null,
            "option4": null,
            "option5": null,
            "option2": "Yes",
            "option3": null,
            "option1": "Monthly"
        }
    }, {
        "pk": 82,
        "model": "shop.productvariation",
        "fields": {
            "sale_to": null,
            "sku": "82",
            "product": 4,
            "sale_from": null,
            "default": true,
            "image": null,
            "sale_id": null,
            "unit_price": "100",
            "num_in_stock": null,
            "sale_price": null,
            "option4": "Business Card",
            "option5": "No",
            "option2": null,
            "option3": "Accredited Programs Only",
            "option1": "Annual"
        }
    }, {
        "pk": 83,
        "model": "shop.productvariation",
        "fields": {
            "sale_to": null,
            "sku": "83",
            "product": 4,
            "sale_from": null,
            "default": false,
            "image": null,
            "sale_id": null,
            "unit_price": "30",
            "num_in_stock": null,
            "sale_price": null,
            "option4": "Business Card",
            "option5": "No",
            "option2": null,
            "option3": "Accredited Programs Only",
            "option1": "Quarterly"
        }
    }, {
        "pk": 84,
        "model": "shop.productvariation",
        "fields": {
            "sale_to": null,
            "sku": "84",
            "product": 4,
            "sale_from": null,
            "default": false,
            "image": null,
            "sale_id": null,
            "unit_price": "12",
            "num_in_stock": null,
            "sale_price": null,
            "option4": "Business Card",
            "option5": "No",
            "option2": null,
            "option3": "Accredited Programs Only",
            "option1": "Monthly"
        }
    }, {
        "pk": 94,
        "model": "shop.productvariation",
        "fields": {
            "sale_to": null,
            "sku": "94",
            "product": 4,
            "sale_from": null,
            "default": false,
            "image": null,
            "sale_id": null,
            "unit_price": "200",
            "num_in_stock": null,
            "sale_price": null,
            "option4": "High Profile",
            "option5": "15%",
            "option2": null,
            "option3": "Accredited and Other Programs",
            "option1": "Annual"
        }
    }, {
        "pk": 95,
        "model": "shop.productvariation",
        "fields": {
            "sale_to": null,
            "sku": "95",
            "product": 4,
            "sale_from": null,
            "default": false,
            "image": null,
            "sale_id": null,
            "unit_price": "60",
            "num_in_stock": null,
            "sale_price": null,
            "option4": "High Profile",
            "option5": "15%",
            "option2": null,
            "option3": "Accredited and Other Programs",
            "option1": "Quarterly"
        }
    }, {
        "pk": 96,
        "model": "shop.productvariation",
        "fields": {
            "sale_to": null,
            "sku": "96",
            "product": 4,
            "sale_from": null,
            "default": false,
            "image": null,
            "sale_id": null,
            "unit_price": "24",
            "num_in_stock": null,
            "sale_price": null,
            "option4": "High Profile",
            "option5": "15%",
            "option2": null,
            "option3": "Accredited and Other Programs",
            "option1": "Monthly"
        }
    }, {
        "pk": 98,
        "model": "shop.productvariation",
        "fields": {
            "sale_to": null,
            "sku": "98",
            "product": 5,
            "sale_from": null,
            "default": true,
            "image": null,
            "sale_id": null,
            "unit_price": "0",
            "num_in_stock": null,
            "sale_price": null,
            "option4": null,
            "option5": null,
            "option2": "No",
            "option3": null,
            "option1": "FREE - Unlimited"
        }
    }, {
        "pk": 99,
        "model": "shop.productvariation",
        "fields": {
            "sale_to": null,
            "sku": "99",
            "product": 6,
            "sale_from": null,
            "default": true,
            "image": null,
            "sale_id": null,
            "unit_price": null,
            "num_in_stock": null,
            "sale_price": null,
            "option4": "Basic",
            "option5": null,
            "option2": null,
            "option3": "No",
            "option1": "FREE - Unlimited"
        }
    }, {
        "pk": 11,
        "model": "shop.category",
        "fields": {
            "price_max": null,
            "sale": null,
            "price_min": null,
            "content": "<p>parent category for all membership types</p>",
            "products": [],
            "combined": true,
            "featured_image": null,
            "options": []
        }
    }, {
        "pk": 13,
        "model": "shop.category",
        "fields": {
            "price_max": null,
            "sale": null,
            "price_min": null,
            "content": "<p>Corporate membership category</p>",
            "products": [],
            "combined": true,
            "featured_image": null,
            "options": []
        }
    }, {
        "pk": 8,
        "model": "shop.category",
        "fields": {
            "price_max": null,
            "sale": null,
            "price_min": null,
            "content": "<p>Please select a type of membership you would like to purchase</p>",
            "products": [3, 5],
            "combined": false,
            "featured_image": null,
            "options": [2, 3, 4, 5, 6, 11]
        }
    }, {
        "pk": 10,
        "model": "shop.category",
        "fields": {
            "price_max": null,
            "sale": null,
            "price_min": null,
            "content": "<p>Membership types for professionals</p>",
            "products": [4, 6],
            "combined": false,
            "featured_image": null,
            "options": [2, 3, 4, 7, 8, 9, 11, 12, 13, 14, 15]
        }
    }, {
        "pk": 7,
        "model": "shop.category",
        "fields": {
            "price_max": null,
            "sale": null,
            "price_min": null,
            "content": "<p>Shop shop shop</p>",
            "products": [1, 2],
            "combined": true,
            "featured_image": null,
            "options": []
        }
    }, {
        "pk": 1,
        "model": "shop.order",
        "fields": {
            "status": 1,
            "shipping_detail_country": "Canada",
            "additional_instructions": "",
            "billing_detail_city": "Coquitlam",
            "shipping_detail_city": "Coquitlam",
            "billing_detail_country": "Canada",
            "shipping_detail_phone": "6049316684",
            "shipping_type": "Flat rate shipping",
            "total": "110",
            "shipping_detail_postcode": "V3J7K9",
            "billing_detail_phone": "6049316684",
            "tax_total": "0",
            "shipping_detail_last_name": "Orlenko",
            "billing_detail_street": "925 Merritt St",
            "shipping_detail_first_name": "Volodymyr",
            "billing_detail_last_name": "Orlenko",
            "discount_code": "",
            "billing_detail_postcode": "V3J7K9",
            "shipping_total": "10",
            "shipping_detail_state": "British Columbia",
            "item_total": "100",
            "billing_detail_state": "British Columbia",
            "key": "v7agt6i7gc2rpar77v2m2mfhqm5w80e2",
            "user_id": 1,
            "billing_detail_first_name": "Volodymyr",
            "shipping_detail_street": "925 Merritt St",
            "billing_detail_email": "admin@admin.ad",
            "transaction_id": null,
            "time": "2013-10-22T21:48:46.634",
            "discount_total": null,
            "tax_type": "Tax"
        }
    }, {
        "pk": 2,
        "model": "shop.order",
        "fields": {
            "status": 1,
            "shipping_detail_country": "Canada",
            "additional_instructions": "",
            "billing_detail_city": "Coquitlam",
            "shipping_detail_city": "Coquitlam",
            "billing_detail_country": "Canada",
            "shipping_detail_phone": "6049316684",
            "shipping_type": "Flat rate shipping",
            "total": "10",
            "shipping_detail_postcode": "V3J7K9",
            "billing_detail_phone": "6049316684",
            "tax_total": "0",
            "shipping_detail_last_name": "Orlenko",
            "billing_detail_street": "925 Merritt St",
            "shipping_detail_first_name": "Volodymyr",
            "billing_detail_last_name": "Orlenko",
            "discount_code": "",
            "billing_detail_postcode": "V3J7K9",
            "shipping_total": "10",
            "shipping_detail_state": "British Columbia",
            "item_total": "0",
            "billing_detail_state": "British Columbia",
            "key": "k5pa33p1blmqouoz7pcl0tl76gn6pfps",
            "user_id": 1,
            "billing_detail_first_name": "Volodymyr",
            "shipping_detail_street": "925 Merritt St",
            "billing_detail_email": "admin@admin.ad",
            "transaction_id": null,
            "time": "2013-10-23T19:45:17.871",
            "discount_total": null,
            "tax_type": "Tax"
        }
    }, {
        "pk": 3,
        "model": "shop.order",
        "fields": {
            "status": 1,
            "shipping_detail_country": "Noplace",
            "additional_instructions": "",
            "billing_detail_city": "asffdasf",
            "shipping_detail_city": "asffdasf",
            "billing_detail_country": "Noplace",
            "shipping_detail_phone": "123123",
            "shipping_type": "Flat rate shipping",
            "total": "110",
            "shipping_detail_postcode": "23456",
            "billing_detail_phone": "123123",
            "tax_total": "0",
            "shipping_detail_last_name": "Tester",
            "billing_detail_street": "123 Nowhere",
            "shipping_detail_first_name": "Test01",
            "billing_detail_last_name": "Tester",
            "discount_code": "",
            "billing_detail_postcode": "23456",
            "shipping_total": "10",
            "shipping_detail_state": "Ontario",
            "item_total": "100",
            "billing_detail_state": "Ontario",
            "key": "hhzysg4l917473yg3i3ro03e4f4pzeo9",
            "user_id": 2,
            "billing_detail_first_name": "Test01",
            "shipping_detail_street": "123 Nowhere",
            "billing_detail_email": "test01@bjola.ca",
            "transaction_id": null,
            "time": "2013-10-23T20:51:46.739",
            "discount_total": null,
            "tax_type": "Tax"
        }
    }, {
        "pk": 4,
        "model": "shop.order",
        "fields": {
            "status": 1,
            "shipping_detail_country": "Noplace",
            "additional_instructions": "",
            "billing_detail_city": "asffdasf",
            "shipping_detail_city": "asffdasf",
            "billing_detail_country": "Noplace",
            "shipping_detail_phone": "123123",
            "shipping_type": "Flat rate shipping",
            "total": "110",
            "shipping_detail_postcode": "23456",
            "billing_detail_phone": "123123",
            "tax_total": "0",
            "shipping_detail_last_name": "Tester",
            "billing_detail_street": "123 Nowhere",
            "shipping_detail_first_name": "Test01",
            "billing_detail_last_name": "Tester",
            "discount_code": "",
            "billing_detail_postcode": "23456",
            "shipping_total": "10",
            "shipping_detail_state": "Ontario",
            "item_total": "100",
            "billing_detail_state": "Ontario",
            "key": "09e0se3dlcjqo8yjm9ia3flpvlfv3exf",
            "user_id": 2,
            "billing_detail_first_name": "Test01",
            "shipping_detail_street": "123 Nowhere",
            "billing_detail_email": "test01@bjola.ca",
            "transaction_id": null,
            "time": "2013-10-23T21:58:27.176",
            "discount_total": null,
            "tax_type": "Tax"
        }
    }, {
        "pk": 5,
        "model": "shop.order",
        "fields": {
            "status": 1,
            "shipping_detail_country": "",
            "additional_instructions": "",
            "billing_detail_city": "",
            "shipping_detail_city": "",
            "billing_detail_country": "",
            "shipping_detail_phone": "",
            "shipping_type": "",
            "total": "0",
            "shipping_detail_postcode": "",
            "billing_detail_phone": "",
            "tax_total": null,
            "shipping_detail_last_name": "",
            "billing_detail_street": "",
            "shipping_detail_first_name": "",
            "billing_detail_last_name": "",
            "discount_code": "",
            "billing_detail_postcode": "",
            "shipping_total": null,
            "shipping_detail_state": "",
            "item_total": "0",
            "billing_detail_state": "",
            "key": "dtkjd6v0hqng9l3hdkbh7jv52xyaodk1",
            "user_id": 2,
            "billing_detail_first_name": "",
            "shipping_detail_street": "",
            "billing_detail_email": "",
            "transaction_id": null,
            "time": "2013-10-23T22:15:32.877",
            "discount_total": null,
            "tax_type": ""
        }
    }, {
        "pk": 6,
        "model": "shop.order",
        "fields": {
            "status": 1,
            "shipping_detail_country": "",
            "additional_instructions": "",
            "billing_detail_city": "",
            "shipping_detail_city": "",
            "billing_detail_country": "",
            "shipping_detail_phone": "",
            "shipping_type": "",
            "total": "0",
            "shipping_detail_postcode": "",
            "billing_detail_phone": "",
            "tax_total": null,
            "shipping_detail_last_name": "",
            "billing_detail_street": "",
            "shipping_detail_first_name": "",
            "billing_detail_last_name": "",
            "discount_code": "",
            "billing_detail_postcode": "",
            "shipping_total": null,
            "shipping_detail_state": "",
            "item_total": "0",
            "billing_detail_state": "",
            "key": "eyzt3o3kxp885yo8c92vqg6ef1tvckqx",
            "user_id": 3,
            "billing_detail_first_name": "",
            "shipping_detail_street": "",
            "billing_detail_email": "",
            "transaction_id": null,
            "time": "2013-10-23T22:26:52.751",
            "discount_total": null,
            "tax_type": ""
        }
    }, {
        "pk": 7,
        "model": "shop.order",
        "fields": {
            "status": 1,
            "shipping_detail_country": "",
            "additional_instructions": "",
            "billing_detail_city": "",
            "shipping_detail_city": "",
            "billing_detail_country": "",
            "shipping_detail_phone": "",
            "shipping_type": "",
            "total": "0",
            "shipping_detail_postcode": "",
            "billing_detail_phone": "",
            "tax_total": null,
            "shipping_detail_last_name": "",
            "billing_detail_street": "",
            "shipping_detail_first_name": "",
            "billing_detail_last_name": "",
            "discount_code": "",
            "billing_detail_postcode": "",
            "shipping_total": null,
            "shipping_detail_state": "",
            "item_total": "0",
            "billing_detail_state": "",
            "key": "eyzt3o3kxp885yo8c92vqg6ef1tvckqx",
            "user_id": 3,
            "billing_detail_first_name": "",
            "shipping_detail_street": "",
            "billing_detail_email": "",
            "transaction_id": null,
            "time": "2013-10-23T22:30:50.020",
            "discount_total": null,
            "tax_type": ""
        }
    }, {
        "pk": 8,
        "model": "shop.order",
        "fields": {
            "status": 1,
            "shipping_detail_country": "Canada",
            "additional_instructions": "",
            "billing_detail_city": "Coquitlam",
            "shipping_detail_city": "Coquitlam",
            "billing_detail_country": "Canada",
            "shipping_detail_phone": "6049316684",
            "shipping_type": "Flat rate shipping",
            "total": "110",
            "shipping_detail_postcode": "V3J7K9",
            "billing_detail_phone": "6049316684",
            "tax_total": "0",
            "shipping_detail_last_name": "Orlenko",
            "billing_detail_street": "925 Merritt St",
            "shipping_detail_first_name": "Volodymyr",
            "billing_detail_last_name": "Orlenko",
            "discount_code": "",
            "billing_detail_postcode": "V3J7K9",
            "shipping_total": "10",
            "shipping_detail_state": "British Columbia",
            "item_total": "100",
            "billing_detail_state": "British Columbia",
            "key": "eyzt3o3kxp885yo8c92vqg6ef1tvckqx",
            "user_id": 3,
            "billing_detail_first_name": "Volodymyr",
            "shipping_detail_street": "925 Merritt St",
            "billing_detail_email": "orlenko@gmail.com",
            "transaction_id": null,
            "time": "2013-10-23T22:32:14.417",
            "discount_total": null,
            "tax_type": "Tax"
        }
    }, {
        "pk": 9,
        "model": "shop.order",
        "fields": {
            "status": 2,
            "shipping_detail_country": "Canada",
            "additional_instructions": "",
            "billing_detail_city": "Coquitlam",
            "shipping_detail_city": "Coquitlam",
            "billing_detail_country": "Canada",
            "shipping_detail_phone": "6049316684",
            "shipping_type": "Flat rate shipping",
            "total": "110",
            "shipping_detail_postcode": "V3J7K9",
            "billing_detail_phone": "6049316684",
            "tax_total": "0",
            "shipping_detail_last_name": "Tester",
            "billing_detail_street": "925 Merritt St",
            "shipping_detail_first_name": "Test03",
            "billing_detail_last_name": "Tester",
            "discount_code": "",
            "billing_detail_postcode": "V3J7K9",
            "shipping_total": "10",
            "shipping_detail_state": "British Columbia",
            "item_total": "100",
            "billing_detail_state": "British Columbia",
            "key": "4wrj8zjwharqj072e01d30dh31mr9840",
            "user_id": 4,
            "billing_detail_first_name": "Test03",
            "shipping_detail_street": "925 Merritt St",
            "billing_detail_email": "test03@bjola.ca",
            "transaction_id": "",
            "time": "2013-10-23T22:49:26.890",
            "discount_total": null,
            "tax_type": "Tax"
        }
    }, {
        "pk": 10,
        "model": "shop.order",
        "fields": {
            "status": 1,
            "shipping_detail_country": "",
            "additional_instructions": "",
            "billing_detail_city": "",
            "shipping_detail_city": "",
            "billing_detail_country": "",
            "shipping_detail_phone": "",
            "shipping_type": "",
            "total": "0",
            "shipping_detail_postcode": "",
            "billing_detail_phone": "",
            "tax_total": null,
            "shipping_detail_last_name": "",
            "billing_detail_street": "",
            "shipping_detail_first_name": "",
            "billing_detail_last_name": "",
            "discount_code": "",
            "billing_detail_postcode": "",
            "shipping_total": null,
            "shipping_detail_state": "",
            "item_total": "0",
            "billing_detail_state": "",
            "key": "rmkqksgvi4trr2xwrolcpre59esaeujm",
            "user_id": 5,
            "billing_detail_first_name": "",
            "shipping_detail_street": "",
            "billing_detail_email": "",
            "transaction_id": null,
            "time": "2013-10-24T20:11:03.390",
            "discount_total": null,
            "tax_type": ""
        }
    }, {
        "pk": 1,
        "model": "shop.orderitem",
        "fields": {
            "sku": "17",
            "total_price": "100",
            "description": "Professional - Level 2 Advanced Membership",
            "unit_price": "100",
            "order": 1,
            "quantity": 1
        }
    }, {
        "pk": 2,
        "model": "shop.orderitem",
        "fields": {
            "sku": "14",
            "total_price": "0",
            "description": "Parent - Free membership",
            "unit_price": "0",
            "order": 2,
            "quantity": 1
        }
    }, {
        "pk": 3,
        "model": "shop.orderitem",
        "fields": {
            "sku": "15",
            "total_price": "100",
            "description": "Parent - BCCF Voting Membership (annual)",
            "unit_price": "100",
            "order": 3,
            "quantity": 1
        }
    }, {
        "pk": 4,
        "model": "shop.orderitem",
        "fields": {
            "sku": "15",
            "total_price": "100",
            "description": "Parent - BCCF Voting Membership (annual)",
            "unit_price": "100",
            "order": 4,
            "quantity": 1
        }
    }, {
        "pk": 5,
        "model": "shop.orderitem",
        "fields": {
            "sku": "14",
            "total_price": "0",
            "description": "Parent - Free membership",
            "unit_price": "0",
            "order": 5,
            "quantity": 1
        }
    }, {
        "pk": 6,
        "model": "shop.orderitem",
        "fields": {
            "sku": "14",
            "total_price": "0",
            "description": "Parent - Free membership",
            "unit_price": "0",
            "order": 6,
            "quantity": 1
        }
    }, {
        "pk": 7,
        "model": "shop.orderitem",
        "fields": {
            "sku": "14",
            "total_price": "0",
            "description": "Parent - Free membership",
            "unit_price": "0",
            "order": 7,
            "quantity": 1
        }
    }, {
        "pk": 8,
        "model": "shop.orderitem",
        "fields": {
            "sku": "15",
            "total_price": "100",
            "description": "Parent - BCCF Voting Membership (annual)",
            "unit_price": "100",
            "order": 8,
            "quantity": 1
        }
    }, {
        "pk": 9,
        "model": "shop.orderitem",
        "fields": {
            "sku": "15",
            "total_price": "100",
            "description": "Parent - BCCF Voting Membership (annual)",
            "unit_price": "100",
            "order": 9,
            "quantity": 1
        }
    }, {
        "pk": 10,
        "model": "shop.orderitem",
        "fields": {
            "sku": "98",
            "total_price": "0",
            "description": "Parent Membership - FREE Subscription Term: FREE - Unlimited, BCCF Voting: No",
            "unit_price": "0",
            "order": 10,
            "quantity": 1
        }
    }, {
        "pk": 1,
        "model": "shop.productaction",
        "fields": {
            "timestamp": 735165,
            "product": 5,
            "total_purchase": 1,
            "total_cart": 1
        }
    }, {
        "pk": 1,
        "model": "shop.sale",
        "fields": {
            "valid_from": null,
            "title": "50% off ponies.",
            "valid_to": null,
            "products": [1],
            "categories": [],
            "discount_percent": "50",
            "active": true,
            "discount_exact": null,
            "discount_deduct": null
        }
    }, {
        "pk": 1,
        "model": "pybb.category",
        "fields": {
            "position": 0,
            "hidden": false,
            "name": "Test Category"
        }
    }, {
        "pk": 1,
        "model": "auth.permission",
        "fields": {
            "codename": "add_permission",
            "name": "Can add permission",
            "content_type": 1
        }
    }, {
        "pk": 2,
        "model": "auth.permission",
        "fields": {
            "codename": "change_permission",
            "name": "Can change permission",
            "content_type": 1
        }
    }, {
        "pk": 3,
        "model": "auth.permission",
        "fields": {
            "codename": "delete_permission",
            "name": "Can delete permission",
            "content_type": 1
        }
    }, {
        "pk": 4,
        "model": "auth.permission",
        "fields": {
            "codename": "add_group",
            "name": "Can add group",
            "content_type": 2
        }
    }, {
        "pk": 5,
        "model": "auth.permission",
        "fields": {
            "codename": "change_group",
            "name": "Can change group",
            "content_type": 2
        }
    }, {
        "pk": 6,
        "model": "auth.permission",
        "fields": {
            "codename": "delete_group",
            "name": "Can delete group",
            "content_type": 2
        }
    }, {
        "pk": 7,
        "model": "auth.permission",
        "fields": {
            "codename": "add_user",
            "name": "Can add user",
            "content_type": 3
        }
    }, {
        "pk": 8,
        "model": "auth.permission",
        "fields": {
            "codename": "change_user",
            "name": "Can change user",
            "content_type": 3
        }
    }, {
        "pk": 9,
        "model": "auth.permission",
        "fields": {
            "codename": "delete_user",
            "name": "Can delete user",
            "content_type": 3
        }
    }, {
        "pk": 10,
        "model": "auth.permission",
        "fields": {
            "codename": "add_contenttype",
            "name": "Can add content type",
            "content_type": 4
        }
    }, {
        "pk": 11,
        "model": "auth.permission",
        "fields": {
            "codename": "change_contenttype",
            "name": "Can change content type",
            "content_type": 4
        }
    }, {
        "pk": 12,
        "model": "auth.permission",
        "fields": {
            "codename": "delete_contenttype",
            "name": "Can delete content type",
            "content_type": 4
        }
    }, {
        "pk": 13,
        "model": "auth.permission",
        "fields": {
            "codename": "add_redirect",
            "name": "Can add redirect",
            "content_type": 5
        }
    }, {
        "pk": 14,
        "model": "auth.permission",
        "fields": {
            "codename": "change_redirect",
            "name": "Can change redirect",
            "content_type": 5
        }
    }, {
        "pk": 15,
        "model": "auth.permission",
        "fields": {
            "codename": "delete_redirect",
            "name": "Can delete redirect",
            "content_type": 5
        }
    }, {
        "pk": 16,
        "model": "auth.permission",
        "fields": {
            "codename": "add_session",
            "name": "Can add session",
            "content_type": 6
        }
    }, {
        "pk": 17,
        "model": "auth.permission",
        "fields": {
            "codename": "change_session",
            "name": "Can change session",
            "content_type": 6
        }
    }, {
        "pk": 18,
        "model": "auth.permission",
        "fields": {
            "codename": "delete_session",
            "name": "Can delete session",
            "content_type": 6
        }
    }, {
        "pk": 19,
        "model": "auth.permission",
        "fields": {
            "codename": "add_site",
            "name": "Can add site",
            "content_type": 7
        }
    }, {
        "pk": 20,
        "model": "auth.permission",
        "fields": {
            "codename": "change_site",
            "name": "Can change site",
            "content_type": 7
        }
    }, {
        "pk": 21,
        "model": "auth.permission",
        "fields": {
            "codename": "delete_site",
            "name": "Can delete site",
            "content_type": 7
        }
    }, {
        "pk": 22,
        "model": "auth.permission",
        "fields": {
            "codename": "add_migrationhistory",
            "name": "Can add migration history",
            "content_type": 8
        }
    }, {
        "pk": 23,
        "model": "auth.permission",
        "fields": {
            "codename": "change_migrationhistory",
            "name": "Can change migration history",
            "content_type": 8
        }
    }, {
        "pk": 24,
        "model": "auth.permission",
        "fields": {
            "codename": "delete_migrationhistory",
            "name": "Can delete migration history",
            "content_type": 8
        }
    }, {
        "pk": 25,
        "model": "auth.permission",
        "fields": {
            "codename": "add_logentry",
            "name": "Can add log entry",
            "content_type": 9
        }
    }, {
        "pk": 26,
        "model": "auth.permission",
        "fields": {
            "codename": "change_logentry",
            "name": "Can change log entry",
            "content_type": 9
        }
    }, {
        "pk": 27,
        "model": "auth.permission",
        "fields": {
            "codename": "delete_logentry",
            "name": "Can delete log entry",
            "content_type": 9
        }
    }, {
        "pk": 28,
        "model": "auth.permission",
        "fields": {
            "codename": "add_comment",
            "name": "Can add comment",
            "content_type": 10
        }
    }, {
        "pk": 29,
        "model": "auth.permission",
        "fields": {
            "codename": "change_comment",
            "name": "Can change comment",
            "content_type": 10
        }
    }, {
        "pk": 30,
        "model": "auth.permission",
        "fields": {
            "codename": "delete_comment",
            "name": "Can delete comment",
            "content_type": 10
        }
    }, {
        "pk": 31,
        "model": "auth.permission",
        "fields": {
            "codename": "can_moderate",
            "name": "Can moderate comments",
            "content_type": 10
        }
    }, {
        "pk": 32,
        "model": "auth.permission",
        "fields": {
            "codename": "add_commentflag",
            "name": "Can add comment flag",
            "content_type": 11
        }
    }, {
        "pk": 33,
        "model": "auth.permission",
        "fields": {
            "codename": "change_commentflag",
            "name": "Can change comment flag",
            "content_type": 11
        }
    }, {
        "pk": 34,
        "model": "auth.permission",
        "fields": {
            "codename": "delete_commentflag",
            "name": "Can delete comment flag",
            "content_type": 11
        }
    }, {
        "pk": 35,
        "model": "auth.permission",
        "fields": {
            "codename": "add_setting",
            "name": "Can add Setting",
            "content_type": 12
        }
    }, {
        "pk": 36,
        "model": "auth.permission",
        "fields": {
            "codename": "change_setting",
            "name": "Can change Setting",
            "content_type": 12
        }
    }, {
        "pk": 37,
        "model": "auth.permission",
        "fields": {
            "codename": "delete_setting",
            "name": "Can delete Setting",
            "content_type": 12
        }
    }, {
        "pk": 38,
        "model": "auth.permission",
        "fields": {
            "codename": "add_sitepermission",
            "name": "Can add Site permission",
            "content_type": 13
        }
    }, {
        "pk": 39,
        "model": "auth.permission",
        "fields": {
            "codename": "change_sitepermission",
            "name": "Can change Site permission",
            "content_type": 13
        }
    }, {
        "pk": 40,
        "model": "auth.permission",
        "fields": {
            "codename": "delete_sitepermission",
            "name": "Can delete Site permission",
            "content_type": 13
        }
    }, {
        "pk": 41,
        "model": "auth.permission",
        "fields": {
            "codename": "add_page",
            "name": "Can add Page",
            "content_type": 14
        }
    }, {
        "pk": 42,
        "model": "auth.permission",
        "fields": {
            "codename": "change_page",
            "name": "Can change Page",
            "content_type": 14
        }
    }, {
        "pk": 43,
        "model": "auth.permission",
        "fields": {
            "codename": "delete_page",
            "name": "Can delete Page",
            "content_type": 14
        }
    }, {
        "pk": 44,
        "model": "auth.permission",
        "fields": {
            "codename": "add_richtextpage",
            "name": "Can add Rich text page",
            "content_type": 15
        }
    }, {
        "pk": 45,
        "model": "auth.permission",
        "fields": {
            "codename": "change_richtextpage",
            "name": "Can change Rich text page",
            "content_type": 15
        }
    }, {
        "pk": 46,
        "model": "auth.permission",
        "fields": {
            "codename": "delete_richtextpage",
            "name": "Can delete Rich text page",
            "content_type": 15
        }
    }, {
        "pk": 47,
        "model": "auth.permission",
        "fields": {
            "codename": "add_link",
            "name": "Can add Link",
            "content_type": 16
        }
    }, {
        "pk": 48,
        "model": "auth.permission",
        "fields": {
            "codename": "change_link",
            "name": "Can change Link",
            "content_type": 16
        }
    }, {
        "pk": 49,
        "model": "auth.permission",
        "fields": {
            "codename": "delete_link",
            "name": "Can delete Link",
            "content_type": 16
        }
    }, {
        "pk": 50,
        "model": "auth.permission",
        "fields": {
            "codename": "add_blogpost",
            "name": "Can add Blog post",
            "content_type": 17
        }
    }, {
        "pk": 51,
        "model": "auth.permission",
        "fields": {
            "codename": "change_blogpost",
            "name": "Can change Blog post",
            "content_type": 17
        }
    }, {
        "pk": 52,
        "model": "auth.permission",
        "fields": {
            "codename": "delete_blogpost",
            "name": "Can delete Blog post",
            "content_type": 17
        }
    }, {
        "pk": 53,
        "model": "auth.permission",
        "fields": {
            "codename": "add_blogcategory",
            "name": "Can add Blog Category",
            "content_type": 18
        }
    }, {
        "pk": 54,
        "model": "auth.permission",
        "fields": {
            "codename": "change_blogcategory",
            "name": "Can change Blog Category",
            "content_type": 18
        }
    }, {
        "pk": 55,
        "model": "auth.permission",
        "fields": {
            "codename": "delete_blogcategory",
            "name": "Can delete Blog Category",
            "content_type": 18
        }
    }, {
        "pk": 56,
        "model": "auth.permission",
        "fields": {
            "codename": "add_threadedcomment",
            "name": "Can add Comment",
            "content_type": 19
        }
    }, {
        "pk": 57,
        "model": "auth.permission",
        "fields": {
            "codename": "change_threadedcomment",
            "name": "Can change Comment",
            "content_type": 19
        }
    }, {
        "pk": 58,
        "model": "auth.permission",
        "fields": {
            "codename": "delete_threadedcomment",
            "name": "Can delete Comment",
            "content_type": 19
        }
    }, {
        "pk": 59,
        "model": "auth.permission",
        "fields": {
            "codename": "add_keyword",
            "name": "Can add Keyword",
            "content_type": 20
        }
    }, {
        "pk": 60,
        "model": "auth.permission",
        "fields": {
            "codename": "change_keyword",
            "name": "Can change Keyword",
            "content_type": 20
        }
    }, {
        "pk": 61,
        "model": "auth.permission",
        "fields": {
            "codename": "delete_keyword",
            "name": "Can delete Keyword",
            "content_type": 20
        }
    }, {
        "pk": 62,
        "model": "auth.permission",
        "fields": {
            "codename": "add_assignedkeyword",
            "name": "Can add assigned keyword",
            "content_type": 21
        }
    }, {
        "pk": 63,
        "model": "auth.permission",
        "fields": {
            "codename": "change_assignedkeyword",
            "name": "Can change assigned keyword",
            "content_type": 21
        }
    }, {
        "pk": 64,
        "model": "auth.permission",
        "fields": {
            "codename": "delete_assignedkeyword",
            "name": "Can delete assigned keyword",
            "content_type": 21
        }
    }, {
        "pk": 65,
        "model": "auth.permission",
        "fields": {
            "codename": "add_rating",
            "name": "Can add Rating",
            "content_type": 22
        }
    }, {
        "pk": 66,
        "model": "auth.permission",
        "fields": {
            "codename": "change_rating",
            "name": "Can change Rating",
            "content_type": 22
        }
    }, {
        "pk": 67,
        "model": "auth.permission",
        "fields": {
            "codename": "delete_rating",
            "name": "Can delete Rating",
            "content_type": 22
        }
    }, {
        "pk": 68,
        "model": "auth.permission",
        "fields": {
            "codename": "add_form",
            "name": "Can add Form",
            "content_type": 23
        }
    }, {
        "pk": 69,
        "model": "auth.permission",
        "fields": {
            "codename": "change_form",
            "name": "Can change Form",
            "content_type": 23
        }
    }, {
        "pk": 70,
        "model": "auth.permission",
        "fields": {
            "codename": "delete_form",
            "name": "Can delete Form",
            "content_type": 23
        }
    }, {
        "pk": 71,
        "model": "auth.permission",
        "fields": {
            "codename": "add_field",
            "name": "Can add Field",
            "content_type": 24
        }
    }, {
        "pk": 72,
        "model": "auth.permission",
        "fields": {
            "codename": "change_field",
            "name": "Can change Field",
            "content_type": 24
        }
    }, {
        "pk": 73,
        "model": "auth.permission",
        "fields": {
            "codename": "delete_field",
            "name": "Can delete Field",
            "content_type": 24
        }
    }, {
        "pk": 74,
        "model": "auth.permission",
        "fields": {
            "codename": "add_formentry",
            "name": "Can add Form entry",
            "content_type": 25
        }
    }, {
        "pk": 75,
        "model": "auth.permission",
        "fields": {
            "codename": "change_formentry",
            "name": "Can change Form entry",
            "content_type": 25
        }
    }, {
        "pk": 76,
        "model": "auth.permission",
        "fields": {
            "codename": "delete_formentry",
            "name": "Can delete Form entry",
            "content_type": 25
        }
    }, {
        "pk": 77,
        "model": "auth.permission",
        "fields": {
            "codename": "add_fieldentry",
            "name": "Can add Form field entry",
            "content_type": 26
        }
    }, {
        "pk": 78,
        "model": "auth.permission",
        "fields": {
            "codename": "change_fieldentry",
            "name": "Can change Form field entry",
            "content_type": 26
        }
    }, {
        "pk": 79,
        "model": "auth.permission",
        "fields": {
            "codename": "delete_fieldentry",
            "name": "Can delete Form field entry",
            "content_type": 26
        }
    }, {
        "pk": 80,
        "model": "auth.permission",
        "fields": {
            "codename": "add_gallery",
            "name": "Can add Gallery",
            "content_type": 27
        }
    }, {
        "pk": 81,
        "model": "auth.permission",
        "fields": {
            "codename": "change_gallery",
            "name": "Can change Gallery",
            "content_type": 27
        }
    }, {
        "pk": 82,
        "model": "auth.permission",
        "fields": {
            "codename": "delete_gallery",
            "name": "Can delete Gallery",
            "content_type": 27
        }
    }, {
        "pk": 83,
        "model": "auth.permission",
        "fields": {
            "codename": "add_galleryimage",
            "name": "Can add Image",
            "content_type": 28
        }
    }, {
        "pk": 84,
        "model": "auth.permission",
        "fields": {
            "codename": "change_galleryimage",
            "name": "Can change Image",
            "content_type": 28
        }
    }, {
        "pk": 85,
        "model": "auth.permission",
        "fields": {
            "codename": "delete_galleryimage",
            "name": "Can delete Image",
            "content_type": 28
        }
    }, {
        "pk": 86,
        "model": "auth.permission",
        "fields": {
            "codename": "add_query",
            "name": "Can add Twitter query",
            "content_type": 29
        }
    }, {
        "pk": 87,
        "model": "auth.permission",
        "fields": {
            "codename": "change_query",
            "name": "Can change Twitter query",
            "content_type": 29
        }
    }, {
        "pk": 88,
        "model": "auth.permission",
        "fields": {
            "codename": "delete_query",
            "name": "Can delete Twitter query",
            "content_type": 29
        }
    }, {
        "pk": 89,
        "model": "auth.permission",
        "fields": {
            "codename": "add_tweet",
            "name": "Can add Tweet",
            "content_type": 30
        }
    }, {
        "pk": 90,
        "model": "auth.permission",
        "fields": {
            "codename": "change_tweet",
            "name": "Can change Tweet",
            "content_type": 30
        }
    }, {
        "pk": 91,
        "model": "auth.permission",
        "fields": {
            "codename": "delete_tweet",
            "name": "Can delete Tweet",
            "content_type": 30
        }
    }, {
        "pk": 92,
        "model": "auth.permission",
        "fields": {
            "codename": "add_topic",
            "name": "Can add topic",
            "content_type": 31
        }
    }, {
        "pk": 93,
        "model": "auth.permission",
        "fields": {
            "codename": "change_topic",
            "name": "Can change topic",
            "content_type": 31
        }
    }, {
        "pk": 94,
        "model": "auth.permission",
        "fields": {
            "codename": "delete_topic",
            "name": "Can delete topic",
            "content_type": 31
        }
    }, {
        "pk": 95,
        "model": "auth.permission",
        "fields": {
            "codename": "add_topiclink",
            "name": "Can add topic link",
            "content_type": 32
        }
    }, {
        "pk": 96,
        "model": "auth.permission",
        "fields": {
            "codename": "change_topiclink",
            "name": "Can change topic link",
            "content_type": 32
        }
    }, {
        "pk": 97,
        "model": "auth.permission",
        "fields": {
            "codename": "delete_topiclink",
            "name": "Can delete topic link",
            "content_type": 32
        }
    }, {
        "pk": 98,
        "model": "auth.permission",
        "fields": {
            "codename": "change_footermarqueeslide",
            "name": "Can change footer marquee slide",
            "content_type": 33
        }
    }, {
        "pk": 99,
        "model": "auth.permission",
        "fields": {
            "codename": "delete_footermarqueeslide",
            "name": "Can delete footer marquee slide",
            "content_type": 33
        }
    }, {
        "pk": 100,
        "model": "auth.permission",
        "fields": {
            "codename": "add_pagemarqueeslide",
            "name": "Can add page marquee slide",
            "content_type": 34
        }
    }, {
        "pk": 101,
        "model": "auth.permission",
        "fields": {
            "codename": "add_product",
            "name": "Can add Product",
            "content_type": 34
        }
    }, {
        "pk": 102,
        "model": "auth.permission",
        "fields": {
            "codename": "change_product",
            "name": "Can change Product",
            "content_type": 34
        }
    }, {
        "pk": 103,
        "model": "auth.permission",
        "fields": {
            "codename": "delete_product",
            "name": "Can delete Product",
            "content_type": 34
        }
    }, {
        "pk": 104,
        "model": "auth.permission",
        "fields": {
            "codename": "add_productimage",
            "name": "Can add Image",
            "content_type": 35
        }
    }, {
        "pk": 105,
        "model": "auth.permission",
        "fields": {
            "codename": "change_productimage",
            "name": "Can change Image",
            "content_type": 35
        }
    }, {
        "pk": 106,
        "model": "auth.permission",
        "fields": {
            "codename": "delete_productimage",
            "name": "Can delete Image",
            "content_type": 35
        }
    }, {
        "pk": 107,
        "model": "auth.permission",
        "fields": {
            "codename": "add_productoption",
            "name": "Can add Product option",
            "content_type": 36
        }
    }, {
        "pk": 108,
        "model": "auth.permission",
        "fields": {
            "codename": "change_productoption",
            "name": "Can change Product option",
            "content_type": 36
        }
    }, {
        "pk": 109,
        "model": "auth.permission",
        "fields": {
            "codename": "delete_productoption",
            "name": "Can delete Product option",
            "content_type": 36
        }
    }, {
        "pk": 110,
        "model": "auth.permission",
        "fields": {
            "codename": "add_productvariation",
            "name": "Can add product variation",
            "content_type": 37
        }
    }, {
        "pk": 111,
        "model": "auth.permission",
        "fields": {
            "codename": "change_productvariation",
            "name": "Can change product variation",
            "content_type": 37
        }
    }, {
        "pk": 112,
        "model": "auth.permission",
        "fields": {
            "codename": "delete_productvariation",
            "name": "Can delete product variation",
            "content_type": 37
        }
    }, {
        "pk": 113,
        "model": "auth.permission",
        "fields": {
            "codename": "add_category",
            "name": "Can add Product category",
            "content_type": 38
        }
    }, {
        "pk": 114,
        "model": "auth.permission",
        "fields": {
            "codename": "change_category",
            "name": "Can change Product category",
            "content_type": 38
        }
    }, {
        "pk": 115,
        "model": "auth.permission",
        "fields": {
            "codename": "delete_category",
            "name": "Can delete Product category",
            "content_type": 38
        }
    }, {
        "pk": 116,
        "model": "auth.permission",
        "fields": {
            "codename": "add_order",
            "name": "Can add Order",
            "content_type": 39
        }
    }, {
        "pk": 117,
        "model": "auth.permission",
        "fields": {
            "codename": "change_order",
            "name": "Can change Order",
            "content_type": 39
        }
    }, {
        "pk": 118,
        "model": "auth.permission",
        "fields": {
            "codename": "delete_order",
            "name": "Can delete Order",
            "content_type": 39
        }
    }, {
        "pk": 119,
        "model": "auth.permission",
        "fields": {
            "codename": "add_cart",
            "name": "Can add cart",
            "content_type": 40
        }
    }, {
        "pk": 120,
        "model": "auth.permission",
        "fields": {
            "codename": "change_cart",
            "name": "Can change cart",
            "content_type": 40
        }
    }, {
        "pk": 121,
        "model": "auth.permission",
        "fields": {
            "codename": "delete_cart",
            "name": "Can delete cart",
            "content_type": 40
        }
    }, {
        "pk": 122,
        "model": "auth.permission",
        "fields": {
            "codename": "add_cartitem",
            "name": "Can add cart item",
            "content_type": 41
        }
    }, {
        "pk": 123,
        "model": "auth.permission",
        "fields": {
            "codename": "change_cartitem",
            "name": "Can change cart item",
            "content_type": 41
        }
    }, {
        "pk": 124,
        "model": "auth.permission",
        "fields": {
            "codename": "delete_cartitem",
            "name": "Can delete cart item",
            "content_type": 41
        }
    }, {
        "pk": 125,
        "model": "auth.permission",
        "fields": {
            "codename": "add_orderitem",
            "name": "Can add order item",
            "content_type": 42
        }
    }, {
        "pk": 126,
        "model": "auth.permission",
        "fields": {
            "codename": "change_orderitem",
            "name": "Can change order item",
            "content_type": 42
        }
    }, {
        "pk": 127,
        "model": "auth.permission",
        "fields": {
            "codename": "delete_orderitem",
            "name": "Can delete order item",
            "content_type": 42
        }
    }, {
        "pk": 128,
        "model": "auth.permission",
        "fields": {
            "codename": "add_productaction",
            "name": "Can add product action",
            "content_type": 43
        }
    }, {
        "pk": 129,
        "model": "auth.permission",
        "fields": {
            "codename": "change_productaction",
            "name": "Can change product action",
            "content_type": 43
        }
    }, {
        "pk": 130,
        "model": "auth.permission",
        "fields": {
            "codename": "delete_productaction",
            "name": "Can delete product action",
            "content_type": 43
        }
    }, {
        "pk": 131,
        "model": "auth.permission",
        "fields": {
            "codename": "add_sale",
            "name": "Can add Sale",
            "content_type": 44
        }
    }, {
        "pk": 132,
        "model": "auth.permission",
        "fields": {
            "codename": "change_sale",
            "name": "Can change Sale",
            "content_type": 44
        }
    }, {
        "pk": 133,
        "model": "auth.permission",
        "fields": {
            "codename": "delete_sale",
            "name": "Can delete Sale",
            "content_type": 44
        }
    }, {
        "pk": 134,
        "model": "auth.permission",
        "fields": {
            "codename": "add_discountcode",
            "name": "Can add Discount code",
            "content_type": 45
        }
    }, {
        "pk": 135,
        "model": "auth.permission",
        "fields": {
            "codename": "change_discountcode",
            "name": "Can change Discount code",
            "content_type": 45
        }
    }, {
        "pk": 136,
        "model": "auth.permission",
        "fields": {
            "codename": "delete_discountcode",
            "name": "Can delete Discount code",
            "content_type": 45
        }
    }, {
        "pk": 137,
        "model": "auth.permission",
        "fields": {
            "codename": "add_userprofile",
            "name": "Can add user profile",
            "content_type": 46
        }
    }, {
        "pk": 138,
        "model": "auth.permission",
        "fields": {
            "codename": "change_userprofile",
            "name": "Can change user profile",
            "content_type": 46
        }
    }, {
        "pk": 139,
        "model": "auth.permission",
        "fields": {
            "codename": "delete_userprofile",
            "name": "Can delete user profile",
            "content_type": 46
        }
    }, {
        "pk": 140,
        "model": "auth.permission",
        "fields": {
            "codename": "add_eventforparents",
            "name": "Can add Event for Parents",
            "content_type": 47
        }
    }, {
        "pk": 141,
        "model": "auth.permission",
        "fields": {
            "codename": "change_eventforparents",
            "name": "Can change Event for Parents",
            "content_type": 47
        }
    }, {
        "pk": 142,
        "model": "auth.permission",
        "fields": {
            "codename": "delete_eventforparents",
            "name": "Can delete Event for Parents",
            "content_type": 47
        }
    }, {
        "pk": 143,
        "model": "auth.permission",
        "fields": {
            "codename": "add_eventforprofessionals",
            "name": "Can add Event for Professionals",
            "content_type": 48
        }
    }, {
        "pk": 144,
        "model": "auth.permission",
        "fields": {
            "codename": "change_eventforprofessionals",
            "name": "Can change Event for Professionals",
            "content_type": 48
        }
    }, {
        "pk": 145,
        "model": "auth.permission",
        "fields": {
            "codename": "delete_eventforprofessionals",
            "name": "Can delete Event for Professionals",
            "content_type": 48
        }
    }, {
        "pk": 146,
        "model": "auth.permission",
        "fields": {
            "codename": "add_settings",
            "name": "Can add settings",
            "content_type": 49
        }
    }, {
        "pk": 147,
        "model": "auth.permission",
        "fields": {
            "codename": "change_settings",
            "name": "Can change settings",
            "content_type": 49
        }
    }, {
        "pk": 148,
        "model": "auth.permission",
        "fields": {
            "codename": "delete_settings",
            "name": "Can delete settings",
            "content_type": 49
        }
    }, {
        "pk": 149,
        "model": "auth.permission",
        "fields": {
            "codename": "add_parentcategory",
            "name": "Can add category (iTunes parent)",
            "content_type": 50
        }
    }, {
        "pk": 150,
        "model": "auth.permission",
        "fields": {
            "codename": "change_parentcategory",
            "name": "Can change category (iTunes parent)",
            "content_type": 50
        }
    }, {
        "pk": 151,
        "model": "auth.permission",
        "fields": {
            "codename": "delete_parentcategory",
            "name": "Can delete category (iTunes parent)",
            "content_type": 50
        }
    }, {
        "pk": 152,
        "model": "auth.permission",
        "fields": {
            "codename": "add_childcategory",
            "name": "Can add category (iTunes child)",
            "content_type": 51
        }
    }, {
        "pk": 153,
        "model": "auth.permission",
        "fields": {
            "codename": "change_childcategory",
            "name": "Can change category (iTunes child)",
            "content_type": 51
        }
    }, {
        "pk": 154,
        "model": "auth.permission",
        "fields": {
            "codename": "delete_childcategory",
            "name": "Can delete category (iTunes child)",
            "content_type": 51
        }
    }, {
        "pk": 155,
        "model": "auth.permission",
        "fields": {
            "codename": "add_show",
            "name": "Can add show",
            "content_type": 52
        }
    }, {
        "pk": 156,
        "model": "auth.permission",
        "fields": {
            "codename": "change_show",
            "name": "Can change show",
            "content_type": 52
        }
    }, {
        "pk": 157,
        "model": "auth.permission",
        "fields": {
            "codename": "delete_show",
            "name": "Can delete show",
            "content_type": 52
        }
    }, {
        "pk": 158,
        "model": "auth.permission",
        "fields": {
            "codename": "add_mediacategory",
            "name": "Can add category (Media RSS)",
            "content_type": 53
        }
    }, {
        "pk": 159,
        "model": "auth.permission",
        "fields": {
            "codename": "change_mediacategory",
            "name": "Can change category (Media RSS)",
            "content_type": 53
        }
    }, {
        "pk": 160,
        "model": "auth.permission",
        "fields": {
            "codename": "delete_mediacategory",
            "name": "Can delete category (Media RSS)",
            "content_type": 53
        }
    }, {
        "pk": 161,
        "model": "auth.permission",
        "fields": {
            "codename": "add_episode",
            "name": "Can add episode",
            "content_type": 54
        }
    }, {
        "pk": 162,
        "model": "auth.permission",
        "fields": {
            "codename": "change_episode",
            "name": "Can change episode",
            "content_type": 54
        }
    }, {
        "pk": 163,
        "model": "auth.permission",
        "fields": {
            "codename": "delete_episode",
            "name": "Can delete episode",
            "content_type": 54
        }
    }, {
        "pk": 164,
        "model": "auth.permission",
        "fields": {
            "codename": "add_enclosure",
            "name": "Can add enclosure",
            "content_type": 55
        }
    }, {
        "pk": 165,
        "model": "auth.permission",
        "fields": {
            "codename": "change_enclosure",
            "name": "Can change enclosure",
            "content_type": 55
        }
    }, {
        "pk": 166,
        "model": "auth.permission",
        "fields": {
            "codename": "delete_enclosure",
            "name": "Can delete enclosure",
            "content_type": 55
        }
    }, {
        "pk": 167,
        "model": "auth.permission",
        "fields": {
            "codename": "add_organization",
            "name": "Can add organization",
            "content_type": 56
        }
    }, {
        "pk": 168,
        "model": "auth.permission",
        "fields": {
            "codename": "change_organization",
            "name": "Can change organization",
            "content_type": 56
        }
    }, {
        "pk": 169,
        "model": "auth.permission",
        "fields": {
            "codename": "delete_organization",
            "name": "Can delete organization",
            "content_type": 56
        }
    }, {
        "pk": 170,
        "model": "auth.permission",
        "fields": {
            "codename": "add_license",
            "name": "Can add license",
            "content_type": 57
        }
    }, {
        "pk": 171,
        "model": "auth.permission",
        "fields": {
            "codename": "change_license",
            "name": "Can change license",
            "content_type": 57
        }
    }, {
        "pk": 172,
        "model": "auth.permission",
        "fields": {
            "codename": "delete_license",
            "name": "Can delete license",
            "content_type": 57
        }
    }, {
        "pk": 173,
        "model": "auth.permission",
        "fields": {
            "codename": "add_show",
            "name": "Can add Show",
            "content_type": 58
        }
    }, {
        "pk": 174,
        "model": "auth.permission",
        "fields": {
            "codename": "change_show",
            "name": "Can change Show",
            "content_type": 58
        }
    }, {
        "pk": 175,
        "model": "auth.permission",
        "fields": {
            "codename": "delete_show",
            "name": "Can delete Show",
            "content_type": 58
        }
    }, {
        "pk": 176,
        "model": "auth.permission",
        "fields": {
            "codename": "add_episode",
            "name": "Can add Episode",
            "content_type": 59
        }
    }, {
        "pk": 177,
        "model": "auth.permission",
        "fields": {
            "codename": "change_episode",
            "name": "Can change Episode",
            "content_type": 59
        }
    }, {
        "pk": 178,
        "model": "auth.permission",
        "fields": {
            "codename": "delete_episode",
            "name": "Can delete Episode",
            "content_type": 59
        }
    }, {
        "pk": 179,
        "model": "auth.permission",
        "fields": {
            "codename": "add_enclosure",
            "name": "Can add Enclosure",
            "content_type": 60
        }
    }, {
        "pk": 180,
        "model": "auth.permission",
        "fields": {
            "codename": "change_enclosure",
            "name": "Can change Enclosure",
            "content_type": 60
        }
    }, {
        "pk": 181,
        "model": "auth.permission",
        "fields": {
            "codename": "delete_enclosure",
            "name": "Can delete Enclosure",
            "content_type": 60
        }
    }, {
        "pk": 182,
        "model": "auth.permission",
        "fields": {
            "codename": "add_video",
            "name": "Can add video",
            "content_type": 61
        }
    }, {
        "pk": 183,
        "model": "auth.permission",
        "fields": {
            "codename": "change_video",
            "name": "Can change video",
            "content_type": 61
        }
    }, {
        "pk": 184,
        "model": "auth.permission",
        "fields": {
            "codename": "delete_video",
            "name": "Can delete video",
            "content_type": 61
        }
    }, {
        "pk": 185,
        "model": "auth.permission",
        "fields": {
            "codename": "add_category",
            "name": "Can add Category",
            "content_type": 63
        }
    }, {
        "pk": 186,
        "model": "auth.permission",
        "fields": {
            "codename": "change_category",
            "name": "Can change Category",
            "content_type": 63
        }
    }, {
        "pk": 187,
        "model": "auth.permission",
        "fields": {
            "codename": "delete_category",
            "name": "Can delete Category",
            "content_type": 63
        }
    }, {
        "pk": 188,
        "model": "auth.permission",
        "fields": {
            "codename": "add_forum",
            "name": "Can add Forum",
            "content_type": 64
        }
    }, {
        "pk": 189,
        "model": "auth.permission",
        "fields": {
            "codename": "change_forum",
            "name": "Can change Forum",
            "content_type": 64
        }
    }, {
        "pk": 190,
        "model": "auth.permission",
        "fields": {
            "codename": "delete_forum",
            "name": "Can delete Forum",
            "content_type": 64
        }
    }, {
        "pk": 191,
        "model": "auth.permission",
        "fields": {
            "codename": "add_topic",
            "name": "Can add Topic",
            "content_type": 65
        }
    }, {
        "pk": 192,
        "model": "auth.permission",
        "fields": {
            "codename": "change_topic",
            "name": "Can change Topic",
            "content_type": 65
        }
    }, {
        "pk": 193,
        "model": "auth.permission",
        "fields": {
            "codename": "delete_topic",
            "name": "Can delete Topic",
            "content_type": 65
        }
    }, {
        "pk": 194,
        "model": "auth.permission",
        "fields": {
            "codename": "add_post",
            "name": "Can add Post",
            "content_type": 66
        }
    }, {
        "pk": 195,
        "model": "auth.permission",
        "fields": {
            "codename": "change_post",
            "name": "Can change Post",
            "content_type": 66
        }
    }, {
        "pk": 196,
        "model": "auth.permission",
        "fields": {
            "codename": "delete_post",
            "name": "Can delete Post",
            "content_type": 66
        }
    }, {
        "pk": 197,
        "model": "auth.permission",
        "fields": {
            "codename": "add_reputation",
            "name": "Can add Reputation",
            "content_type": 67
        }
    }, {
        "pk": 198,
        "model": "auth.permission",
        "fields": {
            "codename": "change_reputation",
            "name": "Can change Reputation",
            "content_type": 67
        }
    }, {
        "pk": 199,
        "model": "auth.permission",
        "fields": {
            "codename": "delete_reputation",
            "name": "Can delete Reputation",
            "content_type": 67
        }
    }, {
        "pk": 200,
        "model": "auth.permission",
        "fields": {
            "codename": "add_profile",
            "name": "Can add Profile",
            "content_type": 68
        }
    }, {
        "pk": 201,
        "model": "auth.permission",
        "fields": {
            "codename": "change_profile",
            "name": "Can change Profile",
            "content_type": 68
        }
    }, {
        "pk": 202,
        "model": "auth.permission",
        "fields": {
            "codename": "delete_profile",
            "name": "Can delete Profile",
            "content_type": 68
        }
    }, {
        "pk": 203,
        "model": "auth.permission",
        "fields": {
            "codename": "add_posttracking",
            "name": "Can add Post tracking",
            "content_type": 69
        }
    }, {
        "pk": 204,
        "model": "auth.permission",
        "fields": {
            "codename": "change_posttracking",
            "name": "Can change Post tracking",
            "content_type": 69
        }
    }, {
        "pk": 205,
        "model": "auth.permission",
        "fields": {
            "codename": "delete_posttracking",
            "name": "Can delete Post tracking",
            "content_type": 69
        }
    }, {
        "pk": 206,
        "model": "auth.permission",
        "fields": {
            "codename": "add_report",
            "name": "Can add Report",
            "content_type": 70
        }
    }, {
        "pk": 207,
        "model": "auth.permission",
        "fields": {
            "codename": "change_report",
            "name": "Can change Report",
            "content_type": 70
        }
    }, {
        "pk": 208,
        "model": "auth.permission",
        "fields": {
            "codename": "delete_report",
            "name": "Can delete Report",
            "content_type": 70
        }
    }, {
        "pk": 209,
        "model": "auth.permission",
        "fields": {
            "codename": "add_ban",
            "name": "Can add Ban",
            "content_type": 71
        }
    }, {
        "pk": 210,
        "model": "auth.permission",
        "fields": {
            "codename": "change_ban",
            "name": "Can change Ban",
            "content_type": 71
        }
    }, {
        "pk": 211,
        "model": "auth.permission",
        "fields": {
            "codename": "delete_ban",
            "name": "Can delete Ban",
            "content_type": 71
        }
    }, {
        "pk": 212,
        "model": "auth.permission",
        "fields": {
            "codename": "add_attachment",
            "name": "Can add attachment",
            "content_type": 72
        }
    }, {
        "pk": 213,
        "model": "auth.permission",
        "fields": {
            "codename": "change_attachment",
            "name": "Can change attachment",
            "content_type": 72
        }
    }, {
        "pk": 214,
        "model": "auth.permission",
        "fields": {
            "codename": "delete_attachment",
            "name": "Can delete attachment",
            "content_type": 72
        }
    }, {
        "pk": 215,
        "model": "auth.permission",
        "fields": {
            "codename": "add_poll",
            "name": "Can add poll",
            "content_type": 73
        }
    }, {
        "pk": 216,
        "model": "auth.permission",
        "fields": {
            "codename": "change_poll",
            "name": "Can change poll",
            "content_type": 73
        }
    }, {
        "pk": 217,
        "model": "auth.permission",
        "fields": {
            "codename": "delete_poll",
            "name": "Can delete poll",
            "content_type": 73
        }
    }, {
        "pk": 218,
        "model": "auth.permission",
        "fields": {
            "codename": "add_pollchoice",
            "name": "Can add poll choice",
            "content_type": 74
        }
    }, {
        "pk": 219,
        "model": "auth.permission",
        "fields": {
            "codename": "change_pollchoice",
            "name": "Can change poll choice",
            "content_type": 74
        }
    }, {
        "pk": 220,
        "model": "auth.permission",
        "fields": {
            "codename": "delete_pollchoice",
            "name": "Can delete poll choice",
            "content_type": 74
        }
    }, {
        "pk": 221,
        "model": "auth.permission",
        "fields": {
            "codename": "add_category",
            "name": "Can add Category",
            "content_type": 75
        }
    }, {
        "pk": 222,
        "model": "auth.permission",
        "fields": {
            "codename": "change_category",
            "name": "Can change Category",
            "content_type": 75
        }
    }, {
        "pk": 223,
        "model": "auth.permission",
        "fields": {
            "codename": "delete_category",
            "name": "Can delete Category",
            "content_type": 75
        }
    }, {
        "pk": 224,
        "model": "auth.permission",
        "fields": {
            "codename": "add_forum",
            "name": "Can add Forum",
            "content_type": 76
        }
    }, {
        "pk": 225,
        "model": "auth.permission",
        "fields": {
            "codename": "change_forum",
            "name": "Can change Forum",
            "content_type": 76
        }
    }, {
        "pk": 226,
        "model": "auth.permission",
        "fields": {
            "codename": "delete_forum",
            "name": "Can delete Forum",
            "content_type": 76
        }
    }, {
        "pk": 227,
        "model": "auth.permission",
        "fields": {
            "codename": "add_topic",
            "name": "Can add Topic",
            "content_type": 77
        }
    }, {
        "pk": 228,
        "model": "auth.permission",
        "fields": {
            "codename": "change_topic",
            "name": "Can change Topic",
            "content_type": 77
        }
    }, {
        "pk": 229,
        "model": "auth.permission",
        "fields": {
            "codename": "delete_topic",
            "name": "Can delete Topic",
            "content_type": 77
        }
    }, {
        "pk": 230,
        "model": "auth.permission",
        "fields": {
            "codename": "add_post",
            "name": "Can add Post",
            "content_type": 78
        }
    }, {
        "pk": 231,
        "model": "auth.permission",
        "fields": {
            "codename": "change_post",
            "name": "Can change Post",
            "content_type": 78
        }
    }, {
        "pk": 232,
        "model": "auth.permission",
        "fields": {
            "codename": "delete_post",
            "name": "Can delete Post",
            "content_type": 78
        }
    }, {
        "pk": 233,
        "model": "auth.permission",
        "fields": {
            "codename": "add_profile",
            "name": "Can add Profile",
            "content_type": 79
        }
    }, {
        "pk": 234,
        "model": "auth.permission",
        "fields": {
            "codename": "change_profile",
            "name": "Can change Profile",
            "content_type": 79
        }
    }, {
        "pk": 235,
        "model": "auth.permission",
        "fields": {
            "codename": "delete_profile",
            "name": "Can delete Profile",
            "content_type": 79
        }
    }, {
        "pk": 236,
        "model": "auth.permission",
        "fields": {
            "codename": "add_attachment",
            "name": "Can add Attachment",
            "content_type": 80
        }
    }, {
        "pk": 237,
        "model": "auth.permission",
        "fields": {
            "codename": "change_attachment",
            "name": "Can change Attachment",
            "content_type": 80
        }
    }, {
        "pk": 238,
        "model": "auth.permission",
        "fields": {
            "codename": "delete_attachment",
            "name": "Can delete Attachment",
            "content_type": 80
        }
    }, {
        "pk": 239,
        "model": "auth.permission",
        "fields": {
            "codename": "add_topicreadtracker",
            "name": "Can add Topic read tracker",
            "content_type": 81
        }
    }, {
        "pk": 240,
        "model": "auth.permission",
        "fields": {
            "codename": "change_topicreadtracker",
            "name": "Can change Topic read tracker",
            "content_type": 81
        }
    }, {
        "pk": 241,
        "model": "auth.permission",
        "fields": {
            "codename": "delete_topicreadtracker",
            "name": "Can delete Topic read tracker",
            "content_type": 81
        }
    }, {
        "pk": 242,
        "model": "auth.permission",
        "fields": {
            "codename": "add_forumreadtracker",
            "name": "Can add Forum read tracker",
            "content_type": 82
        }
    }, {
        "pk": 243,
        "model": "auth.permission",
        "fields": {
            "codename": "change_forumreadtracker",
            "name": "Can change Forum read tracker",
            "content_type": 82
        }
    }, {
        "pk": 244,
        "model": "auth.permission",
        "fields": {
            "codename": "delete_forumreadtracker",
            "name": "Can delete Forum read tracker",
            "content_type": 82
        }
    }, {
        "pk": 245,
        "model": "auth.permission",
        "fields": {
            "codename": "add_pollanswer",
            "name": "Can add Poll answer",
            "content_type": 83
        }
    }, {
        "pk": 246,
        "model": "auth.permission",
        "fields": {
            "codename": "change_pollanswer",
            "name": "Can change Poll answer",
            "content_type": 83
        }
    }, {
        "pk": 247,
        "model": "auth.permission",
        "fields": {
            "codename": "delete_pollanswer",
            "name": "Can delete Poll answer",
            "content_type": 83
        }
    }, {
        "pk": 248,
        "model": "auth.permission",
        "fields": {
            "codename": "add_pollansweruser",
            "name": "Can add Poll answer user",
            "content_type": 84
        }
    }, {
        "pk": 249,
        "model": "auth.permission",
        "fields": {
            "codename": "change_pollansweruser",
            "name": "Can change Poll answer user",
            "content_type": 84
        }
    }, {
        "pk": 250,
        "model": "auth.permission",
        "fields": {
            "codename": "delete_pollansweruser",
            "name": "Can delete Poll answer user",
            "content_type": 84
        }
    }, {
        "pk": 251,
        "model": "auth.permission",
        "fields": {
            "codename": "add_dummytable",
            "name": "Can add dummy table",
            "content_type": 85
        }
    }, {
        "pk": 252,
        "model": "auth.permission",
        "fields": {
            "codename": "change_dummytable",
            "name": "Can change dummy table",
            "content_type": 85
        }
    }, {
        "pk": 253,
        "model": "auth.permission",
        "fields": {
            "codename": "delete_dummytable",
            "name": "Can delete dummy table",
            "content_type": 85
        }
    }, {
        "pk": 254,
        "model": "auth.permission",
        "fields": {
            "codename": "add_newspost",
            "name": "Can add news post",
            "content_type": 62
        }
    }, {
        "pk": 255,
        "model": "auth.permission",
        "fields": {
            "codename": "change_newspost",
            "name": "Can change news post",
            "content_type": 62
        }
    }, {
        "pk": 256,
        "model": "auth.permission",
        "fields": {
            "codename": "delete_newspost",
            "name": "Can delete news post",
            "content_type": 62
        }
    }, {
        "pk": 1,
        "model": "auth.user",
        "fields": {
            "username": "admin",
            "first_name": "Foo",
            "last_name": "Bar",
            "is_active": true,
            "is_superuser": true,
            "is_staff": true,
            "last_login": "2014-01-02T17:37:25.713",
            "groups": [],
            "user_permissions": [],
            "password": "pbkdf2_sha256$10000$srX898JhqS0p$DSdjq7r9hSy0lyVQlOWMYgtAX0yTtyZj8jvPu9LVNhQ=",
            "email": "admin@admin.ad",
            "date_joined": "2013-10-15T18:35:44"
        }
    }, {
        "pk": 2,
        "model": "auth.user",
        "fields": {
            "username": "test01",
            "first_name": "Test01",
            "last_name": "Tester",
            "is_active": true,
            "is_superuser": false,
            "is_staff": false,
            "last_login": "2013-10-23T22:13:18.435",
            "groups": [],
            "user_permissions": [],
            "password": "pbkdf2_sha256$10000$U2Gu6XUylpa3$3wC+DApA60s6p8svczcGRdFc9M8LfZFqzBXqihjLyYQ=",
            "email": "test01@bjola.ca",
            "date_joined": "2013-10-23T18:41:45.542"
        }
    }, {
        "pk": 3,
        "model": "auth.user",
        "fields": {
            "username": "test02",
            "first_name": "test02",
            "last_name": "Tester",
            "is_active": true,
            "is_superuser": false,
            "is_staff": false,
            "last_login": "2013-10-23T22:26:43.894",
            "groups": [],
            "user_permissions": [],
            "password": "pbkdf2_sha256$10000$qFfifqKOXaMk$XzhOHPcS/0MGq8hQKCzmZtOT3+0gXfhRgjxjwhiqtAE=",
            "email": "test02@bjola.ca",
            "date_joined": "2013-10-23T22:26:43.066"
        }
    }, {
        "pk": 4,
        "model": "auth.user",
        "fields": {
            "username": "test03",
            "first_name": "Test03",
            "last_name": "Tester",
            "is_active": true,
            "is_superuser": false,
            "is_staff": false,
            "last_login": "2013-10-23T23:00:15.139",
            "groups": [],
            "user_permissions": [],
            "password": "pbkdf2_sha256$10000$ddLyxxBH8EZg$ASUA5cuKzTxDtiU9fvMukSiSiNxhs9cTWgOBcSQBEVo=",
            "email": "test03@bjola.ca",
            "date_joined": "2013-10-23T22:48:58.971"
        }
    }, {
        "pk": 5,
        "model": "auth.user",
        "fields": {
            "username": "test04",
            "first_name": "Test04",
            "last_name": "Tester",
            "is_active": true,
            "is_superuser": false,
            "is_staff": false,
            "last_login": "2013-10-24T20:09:38.744",
            "groups": [],
            "user_permissions": [],
            "password": "pbkdf2_sha256$10000$eLdoZdsNFtaK$jF4aN500OAyGRqvMWHLnLZBEENF+hcYPcSu4L67cj/4=",
            "email": "test04@bjola.ca",
            "date_joined": "2013-10-24T20:09:37.881"
        }
    }, {
        "pk": 1,
        "model": "generic.rating",
        "fields": {
            "object_pk": 1,
            "content_type": 17,
            "rating_date": "2013-10-21T19:13:16.478",
            "value": 4,
            "user": 1
        }
    }, {
        "pk": 1,
        "model": "bccf.userprofile",
        "fields": {
            "is_forum_moderator": false,
            "photo": "uploads/profile-photos/screen-2013-09-15-09-38-011.jpeg",
            "requested_cancellation": false,
            "user": 1,
            "membership_order": 2
        }
    }, {
        "pk": 2,
        "model": "bccf.userprofile",
        "fields": {
            "is_forum_moderator": false,
            "photo": "uploads/profile-photos/screen-2013-09-15-09-38-011_1.jpeg",
            "requested_cancellation": false,
            "user": 2,
            "membership_order": 5
        }
    }, {
        "pk": 3,
        "model": "bccf.userprofile",
        "fields": {
            "is_forum_moderator": false,
            "photo": "uploads/profile-photos/screen-2013-09-15-09-44-011.jpeg",
            "requested_cancellation": false,
            "user": 3,
            "membership_order": 7
        }
    }, {
        "pk": 4,
        "model": "bccf.userprofile",
        "fields": {
            "is_forum_moderator": false,
            "photo": "",
            "requested_cancellation": false,
            "user": 4,
            "membership_order": 9
        }
    }, {
        "pk": 5,
        "model": "bccf.userprofile",
        "fields": {
            "is_forum_moderator": false,
            "photo": "",
            "requested_cancellation": false,
            "user": 5,
            "membership_order": 10
        }
    }, {
        "pk": 1,
        "model": "admin.logentry",
        "fields": {
            "action_flag": 1,
            "action_time": "2014-01-02T18:39:49.162",
            "object_repr": "Programs",
            "object_id": "16",
            "change_message": "",
            "user": 1,
            "content_type": 35
        }
    }, {
        "pk": 1,
        "model": "pybb.profile",
        "fields": {
            "show_signatures": true,
            "language": "en",
            "signature_html": "",
            "time_zone": 3.0,
            "post_count": 0,
            "avatar": "",
            "signature": "",
            "autosubscribe": true,
            "user": 1
        }
    }
]