[{"pk": 1, "model": "contenttypes.contenttype", "fields": {"model": "permission", "name": "permission", "app_label": "auth"}}, {"pk": 2, "model": "contenttypes.contenttype", "fields": {"model": "group", "name": "group", "app_label": "auth"}}, {"pk": 3, "model": "contenttypes.contenttype", "fields": {"model": "user", "name": "user", "app_label": "auth"}}, {"pk": 4, "model": "contenttypes.contenttype", "fields": {"model": "contenttype", "name": "content type", "app_label": "contenttypes"}}, {"pk": 5, "model": "contenttypes.contenttype", "fields": {"model": "redirect", "name": "redirect", "app_label": "redirects"}}, {"pk": 6, "model": "contenttypes.contenttype", "fields": {"model": "session", "name": "session", "app_label": "sessions"}}, {"pk": 7, "model": "contenttypes.contenttype", "fields": {"model": "site", "name": "site", "app_label": "sites"}}, {"pk": 8, "model": "contenttypes.contenttype", "fields": {"model": "product", "name": "Product", "app_label": "shop"}}, {"pk": 9, "model": "contenttypes.contenttype", "fields": {"model": "productimage", "name": "Image", "app_label": "shop"}}, {"pk": 10, "model": "contenttypes.contenttype", "fields": {"model": "productoption", "name": "Product option", "app_label": "shop"}}, {"pk": 11, "model": "contenttypes.contenttype", "fields": {"model": "productvariation", "name": "product variation", "app_label": "shop"}}, {"pk": 12, "model": "contenttypes.contenttype", "fields": {"model": "category", "name": "Product category", "app_label": "shop"}}, {"pk": 13, "model": "contenttypes.contenttype", "fields": {"model": "order", "name": "Order", "app_label": "shop"}}, {"pk": 14, "model": "contenttypes.contenttype", "fields": {"model": "cart", "name": "cart", "app_label": "shop"}}, {"pk": 15, "model": "contenttypes.contenttype", "fields": {"model": "cartitem", "name": "cart item", "app_label": "shop"}}, {"pk": 16, "model": "contenttypes.contenttype", "fields": {"model": "orderitem", "name": "order item", "app_label": "shop"}}, {"pk": 17, "model": "contenttypes.contenttype", "fields": {"model": "productaction", "name": "product action", "app_label": "shop"}}, {"pk": 18, "model": "contenttypes.contenttype", "fields": {"model": "sale", "name": "Sale", "app_label": "shop"}}, {"pk": 19, "model": "contenttypes.contenttype", "fields": {"model": "discountcode", "name": "Discount code", "app_label": "shop"}}, {"pk": 20, "model": "contenttypes.contenttype", "fields": {"model": "setting", "name": "Setting", "app_label": "conf"}}, {"pk": 21, "model": "contenttypes.contenttype", "fields": {"model": "sitepermission", "name": "Site permission", "app_label": "core"}}, {"pk": 22, "model": "contenttypes.contenttype", "fields": {"model": "threadedcomment", "name": "Comment", "app_label": "generic"}}, {"pk": 23, "model": "contenttypes.contenttype", "fields": {"model": "keyword", "name": "Keyword", "app_label": "generic"}}, {"pk": 24, "model": "contenttypes.contenttype", "fields": {"model": "assignedkeyword", "name": "assigned keyword", "app_label": "generic"}}, {"pk": 25, "model": "contenttypes.contenttype", "fields": {"model": "rating", "name": "Rating", "app_label": "generic"}}, {"pk": 26, "model": "contenttypes.contenttype", "fields": {"model": "blogpost", "name": "Blog post", "app_label": "blog"}}, {"pk": 27, "model": "contenttypes.contenttype", "fields": {"model": "blogcategory", "name": "Blog Category", "app_label": "blog"}}, {"pk": 28, "model": "contenttypes.contenttype", "fields": {"model": "form", "name": "Form", "app_label": "forms"}}, {"pk": 29, "model": "contenttypes.contenttype", "fields": {"model": "field", "name": "Field", "app_label": "forms"}}, {"pk": 30, "model": "contenttypes.contenttype", "fields": {"model": "formentry", "name": "Form entry", "app_label": "forms"}}, {"pk": 31, "model": "contenttypes.contenttype", "fields": {"model": "fieldentry", "name": "Form field entry", "app_label": "forms"}}, {"pk": 32, "model": "contenttypes.contenttype", "fields": {"model": "page", "name": "Page", "app_label": "pages"}}, {"pk": 33, "model": "contenttypes.contenttype", "fields": {"model": "richtextpage", "name": "Rich text page", "app_label": "pages"}}, {"pk": 34, "model": "contenttypes.contenttype", "fields": {"model": "link", "name": "Link", "app_label": "pages"}}, {"pk": 35, "model": "contenttypes.contenttype", "fields": {"model": "gallery", "name": "Gallery", "app_label": "galleries"}}, {"pk": 36, "model": "contenttypes.contenttype", "fields": {"model": "galleryimage", "name": "Image", "app_label": "galleries"}}, {"pk": 37, "model": "contenttypes.contenttype", "fields": {"model": "query", "name": "Twitter query", "app_label": "twitter"}}, {"pk": 38, "model": "contenttypes.contenttype", "fields": {"model": "tweet", "name": "Tweet", "app_label": "twitter"}}, {"pk": 39, "model": "contenttypes.contenttype", "fields": {"model": "topic", "name": "topic", "app_label": "bccf"}}, {"pk": 40, "model": "contenttypes.contenttype", "fields": {"model": "topiclink", "name": "topic link", "app_label": "bccf"}}, {"pk": 41, "model": "contenttypes.contenttype", "fields": {"model": "userprofile", "name": "user profile", "app_label": "bccf"}}, {"pk": 42, "model": "contenttypes.contenttype", "fields": {"model": "eventforparents", "name": "Event for Parents", "app_label": "bccf"}}, {"pk": 43, "model": "contenttypes.contenttype", "fields": {"model": "eventforprofessionals", "name": "Event for Professionals", "app_label": "bccf"}}, {"pk": 44, "model": "contenttypes.contenttype", "fields": {"model": "settings", "name": "System Settings", "app_label": "bccf"}}, {"pk": 45, "model": "contenttypes.contenttype", "fields": {"model": "magazine", "name": "magazine", "app_label": "bccf"}}, {"pk": 46, "model": "contenttypes.contenttype", "fields": {"model": "article", "name": "article", "app_label": "bccf"}}, {"pk": 47, "model": "contenttypes.contenttype", "fields": {"model": "tipsheet", "name": "tip sheet", "app_label": "bccf"}}, {"pk": 48, "model": "contenttypes.contenttype", "fields": {"model": "downloadableform", "name": "downloadable form", "app_label": "bccf"}}, {"pk": 49, "model": "contenttypes.contenttype", "fields": {"model": "video", "name": "video", "app_label": "bccf"}}, {"pk": 50, "model": "contenttypes.contenttype", "fields": {"model": "formstructure", "name": "Form Structure", "app_label": "builder"}}, {"pk": 51, "model": "contenttypes.contenttype", "fields": {"model": "formpublished", "name": "Published Form", "app_label": "builder"}}, {"pk": 52, "model": "contenttypes.contenttype", "fields": {"model": "formfilled", "name": "Filled Form", "app_label": "builder"}}, {"pk": 53, "model": "contenttypes.contenttype", "fields": {"model": "question", "name": "Question", "app_label": "builder"}}, {"pk": 54, "model": "contenttypes.contenttype", "fields": {"model": "fieldanswer", "name": "Answer", "app_label": "builder"}}, {"pk": 55, "model": "contenttypes.contenttype", "fields": {"model": "migrationhistory", "name": "migration history", "app_label": "south"}}, {"pk": 56, "model": "contenttypes.contenttype", "fields": {"model": "logentry", "name": "log entry", "app_label": "admin"}}, {"pk": 57, "model": "contenttypes.contenttype", "fields": {"model": "comment", "name": "comment", "app_label": "comments"}}, {"pk": 58, "model": "contenttypes.contenttype", "fields": {"model": "commentflag", "name": "comment flag", "app_label": "comments"}}, {"pk": 59, "model": "contenttypes.contenttype", "fields": {"model": "category", "name": "Category", "app_label": "pybb"}}, {"pk": 60, "model": "contenttypes.contenttype", "fields": {"model": "forum", "name": "Forum", "app_label": "pybb"}}, {"pk": 61, "model": "contenttypes.contenttype", "fields": {"model": "topic", "name": "Topic", "app_label": "pybb"}}, {"pk": 62, "model": "contenttypes.contenttype", "fields": {"model": "post", "name": "Post", "app_label": "pybb"}}, {"pk": 63, "model": "contenttypes.contenttype", "fields": {"model": "profile", "name": "Profile", "app_label": "pybb"}}, {"pk": 64, "model": "contenttypes.contenttype", "fields": {"model": "attachment", "name": "Attachment", "app_label": "pybb"}}, {"pk": 65, "model": "contenttypes.contenttype", "fields": {"model": "topicreadtracker", "name": "Topic read tracker", "app_label": "pybb"}}, {"pk": 66, "model": "contenttypes.contenttype", "fields": {"model": "forumreadtracker", "name": "Forum read tracker", "app_label": "pybb"}}, {"pk": 67, "model": "contenttypes.contenttype", "fields": {"model": "pollanswer", "name": "Poll answer", "app_label": "pybb"}}, {"pk": 68, "model": "contenttypes.contenttype", "fields": {"model": "pollansweruser", "name": "Poll answer user", "app_label": "pybb"}}, {"pk": 69, "model": "contenttypes.contenttype", "fields": {"model": "dummytable", "name": "dummy table", "app_label": "news"}}, {"pk": 70, "model": "contenttypes.contenttype", "fields": {"model": "newspost", "name": "news post", "app_label": "news"}}, {"pk": "09e0se3dlcjqo8yjm9ia3flpvlfv3exf", "model": "sessions.session", "fields": {"expire_date": "2013-11-06T21:58:27.987", "session_data": "MDBiMzdjMmIyYjVkYTE3YWE5NmE0N2NmMjI2YTAwNmY1YTg4YjAzYjqAAn1xAShVBGNhcnROVRJfYXV0aF91c2VyX2JhY2tlbmRVLW1lenphbmluZS5jb3JlLmF1dGhfYmFja2VuZHMuTWV6emFuaW5lQmFja2VuZFUNX2F1dGhfdXNlcl9pZEsCdS4="}}, {"pk": "1bindfos3nwd6t744gaurxcunmol2k1u", "model": "sessions.session", "fields": {"expire_date": "2013-11-06T23:00:15.266", "session_data": "ODNlNzY0NDY2M2ViZTI0NTA2ZTQ0MDhlZWVhZjY3OWM5ZjEwOGQyNDqAAn1xAShVEl9hdXRoX3VzZXJfYmFja2VuZHECVS1tZXp6YW5pbmUuY29yZS5hdXRoX2JhY2tlbmRzLk1lenphbmluZUJhY2tlbmRxA1UNX2F1dGhfdXNlcl9pZHEESwR1Lg=="}}, {"pk": "1jmiqdp8j5knyo6wvz79elrpg8tu48nb", "model": "sessions.session", "fields": {"expire_date": "2013-11-05T22:32:41.196", "session_data": "NGU3OThmZGY1NmEyMjVlMTkwOWVkMGRiYzQ3MDdlNDZlODI5NmRhYzqAAn1xAShVEl9hdXRoX3VzZXJfYmFja2VuZHECVS1tZXp6YW5pbmUuY29yZS5hdXRoX2JhY2tlbmRzLk1lenphbmluZUJhY2tlbmRxA1UNX2F1dGhfdXNlcl9pZHEESwF1Lg=="}}, {"pk": "4wrj8zjwharqj072e01d30dh31mr9840", "model": "sessions.session", "fields": {"expire_date": "2013-11-06T22:49:27.932", "session_data": "ZmUwYzNkMDdhZDc5NWIyMzRkNzYwZTcxYWZlNDk0N2MwOGM2Yjg4YTqAAn1xAShVBGNhcnROVRJfYXV0aF91c2VyX2JhY2tlbmRVLW1lenphbmluZS5jb3JlLmF1dGhfYmFja2VuZHMuTWV6emFuaW5lQmFja2VuZFUNX2F1dGhfdXNlcl9pZEsEVQ1hZnRlcmNoZWNrb3V0WCMAAAAvcGFyZW50cy9ldmVudC9zaWdudXAvcGFyZW50LWV2ZW50L3Uu"}}, {"pk": "7yrn98u1l891s7csulinwwb9w1lm2n53", "model": "sessions.session", "fields": {"expire_date": "2013-11-04T19:06:41.412", "session_data": "NGU3OThmZGY1NmEyMjVlMTkwOWVkMGRiYzQ3MDdlNDZlODI5NmRhYzqAAn1xAShVEl9hdXRoX3VzZXJfYmFja2VuZHECVS1tZXp6YW5pbmUuY29yZS5hdXRoX2JhY2tlbmRzLk1lenphbmluZUJhY2tlbmRxA1UNX2F1dGhfdXNlcl9pZHEESwF1Lg=="}}, {"pk": "89dru6ijfe2i9v243mapf2kaocwwpbjl", "model": "sessions.session", "fields": {"expire_date": "2013-12-24T16:28:27.248", "session_data": "NGU3OThmZGY1NmEyMjVlMTkwOWVkMGRiYzQ3MDdlNDZlODI5NmRhYzqAAn1xAShVEl9hdXRoX3VzZXJfYmFja2VuZHECVS1tZXp6YW5pbmUuY29yZS5hdXRoX2JhY2tlbmRzLk1lenphbmluZUJhY2tlbmRxA1UNX2F1dGhfdXNlcl9pZHEESwF1Lg=="}}, {"pk": "d4jm546ca1wrekrlufrlzm5gm8gwysl8", "model": "sessions.session", "fields": {"expire_date": "2013-12-20T19:13:45.724", "session_data": "NGU3OThmZGY1NmEyMjVlMTkwOWVkMGRiYzQ3MDdlNDZlODI5NmRhYzqAAn1xAShVEl9hdXRoX3VzZXJfYmFja2VuZHECVS1tZXp6YW5pbmUuY29yZS5hdXRoX2JhY2tlbmRzLk1lenphbmluZUJhY2tlbmRxA1UNX2F1dGhfdXNlcl9pZHEESwF1Lg=="}}, {"pk": "dtkjd6v0hqng9l3hdkbh7jv52xyaodk1", "model": "sessions.session", "fields": {"expire_date": "2013-11-06T22:15:33.880", "session_data": "OTI5MWQ3OWMxM2M1ODNjM2NkY2RiZDUwYTdlMWQxZjNlNDQ2M2FkYjqAAn1xAShVEl9hdXRoX3VzZXJfYmFja2VuZFUtbWV6emFuaW5lLmNvcmUuYXV0aF9iYWNrZW5kcy5NZXp6YW5pbmVCYWNrZW5kVQ1fYXV0aF91c2VyX2lkSwJVBGNhcnROdS4="}}, {"pk": "eyzt3o3kxp885yo8c92vqg6ef1tvckqx", "model": "sessions.session", "fields": {"expire_date": "2013-11-06T22:32:15.402", "session_data": "YmU1MDYxNmYxNzU3NGMxYjY3MjBmZTFmN2Q1NzdjNTY5OTdhMjc0NTqAAn1xAShVBGNhcnROVRJfYXV0aF91c2VyX2JhY2tlbmRVLW1lenphbmluZS5jb3JlLmF1dGhfYmFja2VuZHMuTWV6emFuaW5lQmFja2VuZFUNX2F1dGhfdXNlcl9pZEsDVQ1hZnRlcmNoZWNrb3V0WCMAAAAvcGFyZW50cy9ldmVudC9zaWdudXAvcGFyZW50LWV2ZW50L3Uu"}}, {"pk": "f38v8w3jvnh2r2b7o1m8rc133qv8ipz0", "model": "sessions.session", "fields": {"expire_date": "2013-12-17T09:25:32.710", "session_data": "NGU3OThmZGY1NmEyMjVlMTkwOWVkMGRiYzQ3MDdlNDZlODI5NmRhYzqAAn1xAShVEl9hdXRoX3VzZXJfYmFja2VuZHECVS1tZXp6YW5pbmUuY29yZS5hdXRoX2JhY2tlbmRzLk1lenphbmluZUJhY2tlbmRxA1UNX2F1dGhfdXNlcl9pZHEESwF1Lg=="}}, {"pk": "g9twczatc4unsxhka0l3rhr8mxzd5lsl", "model": "sessions.session", "fields": {"expire_date": "2013-11-06T19:39:41.056", "session_data": "NGU3OThmZGY1NmEyMjVlMTkwOWVkMGRiYzQ3MDdlNDZlODI5NmRhYzqAAn1xAShVEl9hdXRoX3VzZXJfYmFja2VuZHECVS1tZXp6YW5pbmUuY29yZS5hdXRoX2JhY2tlbmRzLk1lenphbmluZUJhY2tlbmRxA1UNX2F1dGhfdXNlcl9pZHEESwF1Lg=="}}, {"pk": "hvsw630q0wunm9pmve2zpi3r0h95h2vz", "model": "sessions.session", "fields": {"expire_date": "2013-12-17T16:21:04.430", "session_data": "OTJlNjAyYjdlMzg0MGYyYTIxNmI3Y2ZmNTIyMmVhYmI5NDJkOTE2MDqAAn1xAShVBGNhcnROVRJfYXV0aF91c2VyX2JhY2tlbmRVLW1lenphbmluZS5jb3JlLmF1dGhfYmFja2VuZHMuTWV6emFuaW5lQmFja2VuZFUNX2F1dGhfdXNlcl9pZEsGVQ1hZnRlcmNoZWNrb3V0VQEvdS4="}}, {"pk": "iv6yyy6n2uadku75c1b6dayde78a3ncx", "model": "sessions.session", "fields": {"expire_date": "2014-01-01T13:11:34.214", "session_data": "ZjUzYzJlMmFmMzU0YTRiN2E0NjUxNWNhZDJhMmI4YWQ3MGEyYjlmZTqAAn1xAShVEl9hdXRoX3VzZXJfYmFja2VuZFUtbWV6emFuaW5lLmNvcmUuYXV0aF9iYWNrZW5kcy5NZXp6YW5pbmVCYWNrZW5kVQ1mcmVlX3NoaXBwaW5niVUEY2FydE5VDV9hdXRoX3VzZXJfaWRLAXUu"}}, {"pk": "kggywj6t8rnztvna9fm8oalga9he03q1", "model": "sessions.session", "fields": {"expire_date": "2013-12-17T12:56:33.247", "session_data": "MTIxOTI3NGY3M2I3NTliYzc2MWI2NzQ1YjA0YWNjNmQwM2FhMTE2NjqAAn1xAS4="}}, {"pk": "n5q3sp7fpfppuytvrgb00fjrizhcjudx", "model": "sessions.session", "fields": {"expire_date": "2013-11-08T17:23:19.630", "session_data": "NGU3OThmZGY1NmEyMjVlMTkwOWVkMGRiYzQ3MDdlNDZlODI5NmRhYzqAAn1xAShVEl9hdXRoX3VzZXJfYmFja2VuZHECVS1tZXp6YW5pbmUuY29yZS5hdXRoX2JhY2tlbmRzLk1lenphbmluZUJhY2tlbmRxA1UNX2F1dGhfdXNlcl9pZHEESwF1Lg=="}}, {"pk": "nqb57nrmy46v5c4vo2ph0ggifue0xlvu", "model": "sessions.session", "fields": {"expire_date": "2013-11-06T21:34:45.159", "session_data": "NGU3OThmZGY1NmEyMjVlMTkwOWVkMGRiYzQ3MDdlNDZlODI5NmRhYzqAAn1xAShVEl9hdXRoX3VzZXJfYmFja2VuZHECVS1tZXp6YW5pbmUuY29yZS5hdXRoX2JhY2tlbmRzLk1lenphbmluZUJhY2tlbmRxA1UNX2F1dGhfdXNlcl9pZHEESwF1Lg=="}}, {"pk": "pjdxgwxb143tmt4eajh7td1t2yc6ch24", "model": "sessions.session", "fields": {"expire_date": "2013-11-08T17:52:36.594", "session_data": "NGU3OThmZGY1NmEyMjVlMTkwOWVkMGRiYzQ3MDdlNDZlODI5NmRhYzqAAn1xAShVEl9hdXRoX3VzZXJfYmFja2VuZHECVS1tZXp6YW5pbmUuY29yZS5hdXRoX2JhY2tlbmRzLk1lenphbmluZUJhY2tlbmRxA1UNX2F1dGhfdXNlcl9pZHEESwF1Lg=="}}, {"pk": "s2wb0b2g9lpi0vek4uenig1xa9ebl3d5", "model": "sessions.session", "fields": {"expire_date": "2013-11-08T19:00:26.025", "session_data": "MTIxOTI3NGY3M2I3NTliYzc2MWI2NzQ1YjA0YWNjNmQwM2FhMTE2NjqAAn1xAS4="}}, {"pk": "tyr29urtwxr6izwhluz0wt3weuuvtf78", "model": "sessions.session", "fields": {"expire_date": "2013-11-07T20:11:50.629", "session_data": "NGU3OThmZGY1NmEyMjVlMTkwOWVkMGRiYzQ3MDdlNDZlODI5NmRhYzqAAn1xAShVEl9hdXRoX3VzZXJfYmFja2VuZHECVS1tZXp6YW5pbmUuY29yZS5hdXRoX2JhY2tlbmRzLk1lenphbmluZUJhY2tlbmRxA1UNX2F1dGhfdXNlcl9pZHEESwF1Lg=="}}, {"pk": "uv6a4qhd863ykcbiy33hu0ja60wqbxef", "model": "sessions.session", "fields": {"expire_date": "2013-12-24T07:14:34.894", "session_data": "N2Y0NmMyNTAwZTk3MTg3OWM5ODA1YzJjMTNkZTljNWY1ODU1NTUzNTqAAn1xAShVDV9hdXRoX3VzZXJfaWRLAVUSX2F1dGhfdXNlcl9iYWNrZW5kVS1tZXp6YW5pbmUuY29yZS5hdXRoX2JhY2tlbmRzLk1lenphbmluZUJhY2tlbmRVBGNhcnRLAVUNYWZ0ZXJjaGVja291dFUBL1UJc29tZSB0ZXN0Y3V1aWQKVVVJRApxAimBcQN9cQRVA2ludHEFihHpozNCqRRztftIWpCabs7iAHNiVQ1kaXNjb3VudF9jb2RlaAN1Lg=="}}, {"pk": "vhy51aqo1eru90eeluwvbcm3q10atbue", "model": "sessions.session", "fields": {"expire_date": "2013-11-06T17:10:19.061", "session_data": "NGU3OThmZGY1NmEyMjVlMTkwOWVkMGRiYzQ3MDdlNDZlODI5NmRhYzqAAn1xAShVEl9hdXRoX3VzZXJfYmFja2VuZHECVS1tZXp6YW5pbmUuY29yZS5hdXRoX2JhY2tlbmRzLk1lenphbmluZUJhY2tlbmRxA1UNX2F1dGhfdXNlcl9pZHEESwF1Lg=="}}, {"pk": "xafmv77znn8qkfd08ffedy3903owc42c", "model": "sessions.session", "fields": {"expire_date": "2013-11-05T19:03:47.097", "session_data": "NGU3OThmZGY1NmEyMjVlMTkwOWVkMGRiYzQ3MDdlNDZlODI5NmRhYzqAAn1xAShVEl9hdXRoX3VzZXJfYmFja2VuZHECVS1tZXp6YW5pbmUuY29yZS5hdXRoX2JhY2tlbmRzLk1lenphbmluZUJhY2tlbmRxA1UNX2F1dGhfdXNlcl9pZHEESwF1Lg=="}}, {"pk": "yel83l0l7k6mzcnyqjmk5do3ew94wi71", "model": "sessions.session", "fields": {"expire_date": "2014-01-01T13:05:51.986", "session_data": "ZGQ4ZGUxYjQ4ZWExNzVlZGU4N2JlMWI2MTg2ZGY4NDhiMjA5MGVjZjqAAn1xAShVEl9hdXRoX3VzZXJfYmFja2VuZFUtbWV6emFuaW5lLmNvcmUuYXV0aF9iYWNrZW5kcy5NZXp6YW5pbmVCYWNrZW5kVQRjYXJ0TlUNX2F1dGhfdXNlcl9pZEsBVQ1hZnRlcmNoZWNrb3V0VQEvdS4="}}, {"pk": 1, "model": "sites.site", "fields": {"domain": "127.0.0.1:8000", "name": "Default"}}, {"pk": 3, "model": "shop.product", "fields": {"available": false, "upsell_products": [5], "short_url": null, "image": null, "site": 1, "keywords_string": "", "in_sitemap": true, "sale_to": null, "sale_from": null, "title": "Parent Membership", "sale_id": null, "unit_price": "100", "content": "<p>Membership for parents</p>", "rating_sum": 0, "rating_count": 0, "categories": [8], "sale_price": null, "status": 2, "sku": "14", "updated": "2013-12-10T16:31:12.775", "description": "Membership for parents", "rating_average": 0.0, "related_products": [5], "num_in_stock": null, "expiry_date": null, "date_added": "2013-10-24T19:42:24.244", "slug": "parent-membership", "gen_description": true, "created": "2013-10-24T19:42:24.244", "_meta_title": "", "publish_date": "2013-10-24T19:42:24"}}, {"pk": 4, "model": "shop.product", "fields": {"available": false, "upsell_products": [6], "short_url": null, "image": null, "site": 1, "keywords_string": "", "in_sitemap": true, "sale_to": null, "sale_from": null, "title": "Professional Membership", "sale_id": null, "unit_price": "100", "content": "<p>Membership for Professionals</p>", "rating_sum": 0, "rating_count": 0, "categories": [10], "sale_price": null, "status": 2, "sku": "82", "updated": "2013-12-10T16:31:58.088", "description": "Membership for Professionals", "rating_average": 0.0, "related_products": [6], "num_in_stock": null, "expiry_date": null, "date_added": "2013-10-24T19:44:39.728", "slug": "professional-membership", "gen_description": true, "created": "2013-10-24T19:44:39.728", "_meta_title": "", "publish_date": "2013-10-24T19:44:39"}}, {"pk": 5, "model": "shop.product", "fields": {"available": false, "upsell_products": [3], "short_url": null, "image": null, "site": 1, "keywords_string": "", "in_sitemap": true, "sale_to": null, "sale_from": null, "title": "Parent Membership - FREE", "sale_id": null, "unit_price": "0", "content": "<p>Free membership for parents</p>", "rating_sum": 0, "rating_count": 0, "categories": [8], "sale_price": null, "status": 2, "sku": "98", "updated": "2013-10-24T20:03:31.046", "description": "Free membership for parents", "rating_average": 0.0, "related_products": [3], "num_in_stock": null, "expiry_date": null, "date_added": "2013-10-24T20:01:43.632", "slug": "parent-membership-free", "gen_description": true, "created": "2013-10-24T20:01:43.632", "_meta_title": "", "publish_date": "2013-10-24T20:01:43"}}, {"pk": 6, "model": "shop.product", "fields": {"available": false, "upsell_products": [4], "short_url": null, "image": null, "site": 1, "keywords_string": "", "in_sitemap": true, "sale_to": null, "sale_from": null, "title": "Professional Membership - FREE", "sale_id": null, "unit_price": null, "content": "<p>Free professional membership</p>", "rating_sum": 0, "rating_count": 0, "categories": [10], "sale_price": null, "status": 2, "sku": "99", "updated": "2013-10-24T20:02:58.662", "description": "Free professional membership", "rating_average": 0.0, "related_products": [4], "num_in_stock": null, "expiry_date": null, "date_added": "2013-10-24T20:02:58.549", "slug": "professional-membership-free", "gen_description": true, "created": "2013-10-24T20:02:58.549", "_meta_title": "", "publish_date": "2013-10-24T20:02:58.540"}}, {"pk": 7, "model": "shop.product", "fields": {"available": true, "upsell_products": [], "short_url": null, "image": null, "site": 1, "keywords_string": "", "in_sitemap": true, "sale_to": null, "sale_from": null, "title": "Oranization Membership", "sale_id": null, "unit_price": null, "content": "<p>Oranization Membership</p>", "rating_sum": 0, "rating_count": 0, "categories": [16], "sale_price": null, "status": 2, "sku": "100", "updated": "2013-12-18T11:23:42.063", "description": "Oranization Membership", "rating_average": 0.0, "related_products": [], "num_in_stock": null, "expiry_date": null, "date_added": "2013-12-10T16:35:52.401", "slug": "oranization-membership", "gen_description": true, "created": "2013-12-10T16:35:52.400", "_meta_title": "", "publish_date": "2013-12-10T16:35:52"}}, {"pk": 2, "model": "shop.productoption", "fields": {"type": 1, "name": "Annual"}}, {"pk": 5, "model": "shop.productoption", "fields": {"type": 2, "name": "Yes"}}, {"pk": 6, "model": "shop.productoption", "fields": {"type": 2, "name": "No"}}, {"pk": 7, "model": "shop.productoption", "fields": {"type": 3, "name": "No"}}, {"pk": 8, "model": "shop.productoption", "fields": {"type": 3, "name": "Accredited Programs Only"}}, {"pk": 9, "model": "shop.productoption", "fields": {"type": 3, "name": "Accredited and Other Programs"}}, {"pk": 10, "model": "shop.productoption", "fields": {"type": 4, "name": "No"}}, {"pk": 11, "model": "shop.productoption", "fields": {"type": 1, "name": "FREE - Unlimited"}}, {"pk": 12, "model": "shop.productoption", "fields": {"type": 4, "name": "Basic"}}, {"pk": 13, "model": "shop.productoption", "fields": {"type": 4, "name": "Business Card"}}, {"pk": 14, "model": "shop.productoption", "fields": {"type": 4, "name": "High Profile"}}, {"pk": 15, "model": "shop.productoption", "fields": {"type": 5, "name": "15%"}}, {"pk": 16, "model": "shop.productoption", "fields": {"type": 5, "name": "No"}}, {"pk": 14, "model": "shop.productvariation", "fields": {"sale_to": null, "sku": "14", "product": 3, "sale_from": null, "default": true, "image": null, "sale_id": null, "unit_price": "100", "num_in_stock": null, "sale_price": null, "option4": null, "option5": null, "option2": "Yes", "option3": null, "option1": "Annual"}}, {"pk": 82, "model": "shop.productvariation", "fields": {"sale_to": null, "sku": "82", "product": 4, "sale_from": null, "default": true, "image": null, "sale_id": null, "unit_price": "100", "num_in_stock": null, "sale_price": null, "option4": "Business Card", "option5": "No", "option2": null, "option3": "Accredited Programs Only", "option1": "Annual"}}, {"pk": 94, "model": "shop.productvariation", "fields": {"sale_to": null, "sku": "94", "product": 4, "sale_from": null, "default": false, "image": null, "sale_id": null, "unit_price": "200", "num_in_stock": null, "sale_price": null, "option4": "High Profile", "option5": "15%", "option2": null, "option3": "Accredited and Other Programs", "option1": "Annual"}}, {"pk": 98, "model": "shop.productvariation", "fields": {"sale_to": null, "sku": "98", "product": 5, "sale_from": null, "default": true, "image": null, "sale_id": null, "unit_price": "0", "num_in_stock": null, "sale_price": null, "option4": null, "option5": null, "option2": "No", "option3": null, "option1": "FREE - Unlimited"}}, {"pk": 99, "model": "shop.productvariation", "fields": {"sale_to": null, "sku": "99", "product": 6, "sale_from": null, "default": true, "image": null, "sale_id": null, "unit_price": null, "num_in_stock": null, "sale_price": null, "option4": "Basic", "option5": null, "option2": null, "option3": "No", "option1": "FREE - Unlimited"}}, {"pk": 100, "model": "shop.productvariation", "fields": {"sale_to": null, "sku": "100", "product": 7, "sale_from": null, "default": true, "image": null, "sale_id": null, "unit_price": null, "num_in_stock": null, "sale_price": null, "option4": "No", "option5": "No", "option2": null, "option3": "No", "option1": "FREE - Unlimited"}}, {"pk": 120, "model": "shop.productvariation", "fields": {"sale_to": null, "sku": "120", "product": 7, "sale_from": null, "default": false, "image": null, "sale_id": null, "unit_price": "100", "num_in_stock": null, "sale_price": null, "option4": "Basic", "option5": "No", "option2": null, "option3": "Accredited Programs Only", "option1": "Annual"}}, {"pk": 128, "model": "shop.productvariation", "fields": {"sale_to": null, "sku": "128", "product": 7, "sale_from": null, "default": false, "image": null, "sale_id": null, "unit_price": "200", "num_in_stock": null, "sale_price": null, "option4": "Business Card", "option5": "15%", "option2": null, "option3": "Accredited and Other Programs", "option1": "Annual"}}, {"pk": 11, "model": "shop.category", "fields": {"price_max": null, "sale": null, "price_min": null, "content": "<p>parent category for all membership types</p>", "products": [], "combined": true, "featured_image": null, "options": []}}, {"pk": 13, "model": "shop.category", "fields": {"price_max": null, "sale": null, "price_min": null, "content": "<p>Corporate membership category</p>", "products": [], "combined": true, "featured_image": null, "options": []}}, {"pk": 16, "model": "shop.category", "fields": {"price_max": null, "sale": null, "price_min": null, "content": "<p>Organization Membership</p>", "products": [7], "combined": true, "featured_image": null, "options": []}}, {"pk": 8, "model": "shop.category", "fields": {"price_max": null, "sale": null, "price_min": null, "content": "<p>Please select a type of membership you would like to purchase</p>", "products": [3, 5], "combined": false, "featured_image": null, "options": [2, 5, 6, 11]}}, {"pk": 10, "model": "shop.category", "fields": {"price_max": null, "sale": null, "price_min": null, "content": "<p>Membership types for professionals</p>", "products": [4, 6], "combined": false, "featured_image": null, "options": [2, 7, 8, 9, 11, 12, 13, 14, 15]}}, {"pk": 7, "model": "shop.category", "fields": {"price_max": null, "sale": null, "price_min": null, "content": "<p>Shop shop shop</p>", "products": [], "combined": true, "featured_image": null, "options": []}}, {"pk": 1, "model": "shop.order", "fields": {"status": 1, "shipping_detail_country": "Canada", "additional_instructions": "", "billing_detail_city": "Coquitlam", "shipping_detail_city": "Coquitlam", "billing_detail_country": "Canada", "shipping_detail_phone": "6049316684", "shipping_type": "Flat rate shipping", "total": "110", "shipping_detail_postcode": "V3J7K9", "billing_detail_phone": "6049316684", "tax_total": "0", "shipping_detail_last_name": "Orlenko", "billing_detail_street": "925 Merritt St", "shipping_detail_first_name": "Volodymyr", "billing_detail_last_name": "Orlenko", "discount_code": "", "billing_detail_postcode": "V3J7K9", "shipping_total": "10", "shipping_detail_state": "British Columbia", "item_total": "100", "billing_detail_state": "British Columbia", "key": "v7agt6i7gc2rpar77v2m2mfhqm5w80e2", "user_id": 1, "billing_detail_first_name": "Volodymyr", "shipping_detail_street": "925 Merritt St", "billing_detail_email": "admin@admin.ad", "transaction_id": null, "time": "2013-10-22T21:48:46.634", "discount_total": null, "tax_type": "Tax"}}, {"pk": 2, "model": "shop.order", "fields": {"status": 3, "shipping_detail_country": "Canada", "additional_instructions": "", "billing_detail_city": "Coquitlam", "shipping_detail_city": "Coquitlam", "billing_detail_country": "Canada", "shipping_detail_phone": "6049316684", "shipping_type": "Flat rate shipping", "total": "10", "shipping_detail_postcode": "V3J7K9", "billing_detail_phone": "6049316684", "tax_total": "0", "shipping_detail_last_name": "Orlenko", "billing_detail_street": "925 Merritt St", "shipping_detail_first_name": "Volodymyr", "billing_detail_last_name": "Orlenko", "discount_code": "", "billing_detail_postcode": "V3J7K9", "shipping_total": "10", "shipping_detail_state": "British Columbia", "item_total": "0", "billing_detail_state": "British Columbia", "key": "k5pa33p1blmqouoz7pcl0tl76gn6pfps", "user_id": 1, "billing_detail_first_name": "Volodymyr", "shipping_detail_street": "925 Merritt St", "billing_detail_email": "admin@admin.ad", "transaction_id": null, "time": "2013-10-23T19:45:17.871", "discount_total": null, "tax_type": "Tax"}}, {"pk": 3, "model": "shop.order", "fields": {"status": 3, "shipping_detail_country": "Noplace", "additional_instructions": "", "billing_detail_city": "asffdasf", "shipping_detail_city": "asffdasf", "billing_detail_country": "Noplace", "shipping_detail_phone": "123123", "shipping_type": "Flat rate shipping", "total": "110", "shipping_detail_postcode": "23456", "billing_detail_phone": "123123", "tax_total": "0", "shipping_detail_last_name": "Tester", "billing_detail_street": "123 Nowhere", "shipping_detail_first_name": "Test01", "billing_detail_last_name": "Tester", "discount_code": "", "billing_detail_postcode": "23456", "shipping_total": "10", "shipping_detail_state": "Ontario", "item_total": "100", "billing_detail_state": "Ontario", "key": "hhzysg4l917473yg3i3ro03e4f4pzeo9", "user_id": 2, "billing_detail_first_name": "Test01", "shipping_detail_street": "123 Nowhere", "billing_detail_email": "test01@bjola.ca", "transaction_id": null, "time": "2013-10-23T20:51:46.739", "discount_total": null, "tax_type": "Tax"}}, {"pk": 4, "model": "shop.order", "fields": {"status": 3, "shipping_detail_country": "Noplace", "additional_instructions": "", "billing_detail_city": "asffdasf", "shipping_detail_city": "asffdasf", "billing_detail_country": "Noplace", "shipping_detail_phone": "123123", "shipping_type": "Flat rate shipping", "total": "110", "shipping_detail_postcode": "23456", "billing_detail_phone": "123123", "tax_total": "0", "shipping_detail_last_name": "Tester", "billing_detail_street": "123 Nowhere", "shipping_detail_first_name": "Test01", "billing_detail_last_name": "Tester", "discount_code": "", "billing_detail_postcode": "23456", "shipping_total": "10", "shipping_detail_state": "Ontario", "item_total": "100", "billing_detail_state": "Ontario", "key": "09e0se3dlcjqo8yjm9ia3flpvlfv3exf", "user_id": 2, "billing_detail_first_name": "Test01", "shipping_detail_street": "123 Nowhere", "billing_detail_email": "test01@bjola.ca", "transaction_id": null, "time": "2013-10-23T21:58:27.176", "discount_total": null, "tax_type": "Tax"}}, {"pk": 5, "model": "shop.order", "fields": {"status": 3, "shipping_detail_country": "", "additional_instructions": "", "billing_detail_city": "", "shipping_detail_city": "", "billing_detail_country": "", "shipping_detail_phone": "", "shipping_type": "", "total": "0", "shipping_detail_postcode": "", "billing_detail_phone": "", "tax_total": null, "shipping_detail_last_name": "", "billing_detail_street": "", "shipping_detail_first_name": "", "billing_detail_last_name": "", "discount_code": "", "billing_detail_postcode": "", "shipping_total": null, "shipping_detail_state": "", "item_total": "0", "billing_detail_state": "", "key": "dtkjd6v0hqng9l3hdkbh7jv52xyaodk1", "user_id": 2, "billing_detail_first_name": "", "shipping_detail_street": "", "billing_detail_email": "", "transaction_id": null, "time": "2013-10-23T22:15:32.877", "discount_total": null, "tax_type": ""}}, {"pk": 6, "model": "shop.order", "fields": {"status": 3, "shipping_detail_country": "", "additional_instructions": "", "billing_detail_city": "", "shipping_detail_city": "", "billing_detail_country": "", "shipping_detail_phone": "", "shipping_type": "", "total": "0", "shipping_detail_postcode": "", "billing_detail_phone": "", "tax_total": null, "shipping_detail_last_name": "", "billing_detail_street": "", "shipping_detail_first_name": "", "billing_detail_last_name": "", "discount_code": "", "billing_detail_postcode": "", "shipping_total": null, "shipping_detail_state": "", "item_total": "0", "billing_detail_state": "", "key": "eyzt3o3kxp885yo8c92vqg6ef1tvckqx", "user_id": 3, "billing_detail_first_name": "", "shipping_detail_street": "", "billing_detail_email": "", "transaction_id": null, "time": "2013-10-23T22:26:52.751", "discount_total": null, "tax_type": ""}}, {"pk": 7, "model": "shop.order", "fields": {"status": 3, "shipping_detail_country": "", "additional_instructions": "", "billing_detail_city": "", "shipping_detail_city": "", "billing_detail_country": "", "shipping_detail_phone": "", "shipping_type": "", "total": "0", "shipping_detail_postcode": "", "billing_detail_phone": "", "tax_total": null, "shipping_detail_last_name": "", "billing_detail_street": "", "shipping_detail_first_name": "", "billing_detail_last_name": "", "discount_code": "", "billing_detail_postcode": "", "shipping_total": null, "shipping_detail_state": "", "item_total": "0", "billing_detail_state": "", "key": "eyzt3o3kxp885yo8c92vqg6ef1tvckqx", "user_id": 3, "billing_detail_first_name": "", "shipping_detail_street": "", "billing_detail_email": "", "transaction_id": null, "time": "2013-10-23T22:30:50.020", "discount_total": null, "tax_type": ""}}, {"pk": 8, "model": "shop.order", "fields": {"status": 3, "shipping_detail_country": "Canada", "additional_instructions": "", "billing_detail_city": "Coquitlam", "shipping_detail_city": "Coquitlam", "billing_detail_country": "Canada", "shipping_detail_phone": "6049316684", "shipping_type": "Flat rate shipping", "total": "110", "shipping_detail_postcode": "V3J7K9", "billing_detail_phone": "6049316684", "tax_total": "0", "shipping_detail_last_name": "Orlenko", "billing_detail_street": "925 Merritt St", "shipping_detail_first_name": "Volodymyr", "billing_detail_last_name": "Orlenko", "discount_code": "", "billing_detail_postcode": "V3J7K9", "shipping_total": "10", "shipping_detail_state": "British Columbia", "item_total": "100", "billing_detail_state": "British Columbia", "key": "eyzt3o3kxp885yo8c92vqg6ef1tvckqx", "user_id": 3, "billing_detail_first_name": "Volodymyr", "shipping_detail_street": "925 Merritt St", "billing_detail_email": "orlenko@gmail.com", "transaction_id": null, "time": "2013-10-23T22:32:14.417", "discount_total": null, "tax_type": "Tax"}}, {"pk": 9, "model": "shop.order", "fields": {"status": 2, "shipping_detail_country": "Canada", "additional_instructions": "", "billing_detail_city": "Coquitlam", "shipping_detail_city": "Coquitlam", "billing_detail_country": "Canada", "shipping_detail_phone": "6049316684", "shipping_type": "Flat rate shipping", "total": "110", "shipping_detail_postcode": "V3J7K9", "billing_detail_phone": "6049316684", "tax_total": "0", "shipping_detail_last_name": "Tester", "billing_detail_street": "925 Merritt St", "shipping_detail_first_name": "Test03", "billing_detail_last_name": "Tester", "discount_code": "", "billing_detail_postcode": "V3J7K9", "shipping_total": "10", "shipping_detail_state": "British Columbia", "item_total": "100", "billing_detail_state": "British Columbia", "key": "4wrj8zjwharqj072e01d30dh31mr9840", "user_id": 4, "billing_detail_first_name": "Test03", "shipping_detail_street": "925 Merritt St", "billing_detail_email": "test03@bjola.ca", "transaction_id": "", "time": "2013-10-23T22:49:26.890", "discount_total": null, "tax_type": "Tax"}}, {"pk": 10, "model": "shop.order", "fields": {"status": 1, "shipping_detail_country": "", "additional_instructions": "", "billing_detail_city": "", "shipping_detail_city": "", "billing_detail_country": "", "shipping_detail_phone": "", "shipping_type": "", "total": "0", "shipping_detail_postcode": "", "billing_detail_phone": "", "tax_total": null, "shipping_detail_last_name": "", "billing_detail_street": "", "shipping_detail_first_name": "", "billing_detail_last_name": "", "discount_code": "", "billing_detail_postcode": "", "shipping_total": null, "shipping_detail_state": "", "item_total": "0", "billing_detail_state": "", "key": "rmkqksgvi4trr2xwrolcpre59esaeujm", "user_id": 5, "billing_detail_first_name": "", "shipping_detail_street": "", "billing_detail_email": "", "transaction_id": null, "time": "2013-10-24T20:11:03.390", "discount_total": null, "tax_type": ""}}, {"pk": 11, "model": "shop.order", "fields": {"status": 3, "shipping_detail_country": "Canada", "additional_instructions": "", "billing_detail_city": "Coquitlam", "shipping_detail_city": "Coquitlam", "billing_detail_country": "Canada", "shipping_detail_phone": "6049316684", "shipping_type": "Flat rate shipping", "total": "40", "shipping_detail_postcode": "V3J7K9", "billing_detail_phone": "6049316684", "tax_total": "0", "shipping_detail_last_name": "Tester", "billing_detail_street": "925 Merritt St", "shipping_detail_first_name": "Test01", "billing_detail_last_name": "Tester", "discount_code": "", "billing_detail_postcode": "V3J7K9", "shipping_total": "10", "shipping_detail_state": "British Columbia", "item_total": "30", "billing_detail_state": "British Columbia", "key": "9zihvucdyqqx39cs9eyopxrv1wnwinyp", "user_id": 2, "billing_detail_first_name": "Test01", "shipping_detail_street": "925 Merritt St", "billing_detail_email": "test01@bjola.ca", "transaction_id": null, "time": "2013-12-03T15:26:18.220", "discount_total": null, "tax_type": "Tax"}}, {"pk": 12, "model": "shop.order", "fields": {"status": 3, "shipping_detail_country": "Canada", "additional_instructions": "", "billing_detail_city": "Coquitlam", "shipping_detail_city": "Coquitlam", "billing_detail_country": "Canada", "shipping_detail_phone": "6049316684", "shipping_type": "Flat rate shipping", "total": "110", "shipping_detail_postcode": "V3J7K9", "billing_detail_phone": "6049316684", "tax_total": "0", "shipping_detail_last_name": "Bar", "billing_detail_street": "925 Merritt St", "shipping_detail_first_name": "Foo", "billing_detail_last_name": "Bar", "discount_code": "", "billing_detail_postcode": "V3J7K9", "shipping_total": "10", "shipping_detail_state": "British Columbia", "item_total": "100", "billing_detail_state": "British Columbia", "key": "kg46mkv8x2gdehm3qemps2fqj43ntunq", "user_id": 1, "billing_detail_first_name": "Foo", "shipping_detail_street": "925 Merritt St", "billing_detail_email": "admin@admin.ad", "transaction_id": null, "time": "2013-12-03T15:31:10.980", "discount_total": null, "tax_type": "Tax"}}, {"pk": 13, "model": "shop.order", "fields": {"status": 3, "shipping_detail_country": "", "additional_instructions": "", "billing_detail_city": "", "shipping_detail_city": "", "billing_detail_country": "", "shipping_detail_phone": "", "shipping_type": "", "total": "0", "shipping_detail_postcode": "", "billing_detail_phone": "", "tax_total": null, "shipping_detail_last_name": "", "billing_detail_street": "", "shipping_detail_first_name": "", "billing_detail_last_name": "", "discount_code": "", "billing_detail_postcode": "", "shipping_total": null, "shipping_detail_state": "", "item_total": "0", "billing_detail_state": "", "key": "3owtmt4bkakfdoctsd1kwvtueq3kv4co", "user_id": 6, "billing_detail_first_name": "", "shipping_detail_street": "", "billing_detail_email": "", "transaction_id": null, "time": "2013-12-03T15:50:04.744", "discount_total": null, "tax_type": ""}}, {"pk": 14, "model": "shop.order", "fields": {"status": 3, "shipping_detail_country": "Canada", "additional_instructions": "", "billing_detail_city": "Coquitlam", "shipping_detail_city": "Coquitlam", "billing_detail_country": "Canada", "shipping_detail_phone": "6049316684", "shipping_type": "Flat rate shipping", "total": "40", "shipping_detail_postcode": "V3J7K9", "billing_detail_phone": "6049316684", "tax_total": "0", "shipping_detail_last_name": "Tester", "billing_detail_street": "925 Merritt St", "shipping_detail_first_name": "Test11", "billing_detail_last_name": "Tester", "discount_code": "", "billing_detail_postcode": "V3J7K9", "shipping_total": "10", "shipping_detail_state": "British Columbia", "item_total": "30", "billing_detail_state": "British Columbia", "key": "3owtmt4bkakfdoctsd1kwvtueq3kv4co", "user_id": 6, "billing_detail_first_name": "Test11", "shipping_detail_street": "925 Merritt St", "billing_detail_email": "test11@bjola.ca", "transaction_id": null, "time": "2013-12-03T16:10:57.817", "discount_total": null, "tax_type": "Tax"}}, {"pk": 15, "model": "shop.order", "fields": {"status": 3, "shipping_detail_country": "Canada", "additional_instructions": "", "billing_detail_city": "Coquitlam", "shipping_detail_city": "Coquitlam", "billing_detail_country": "Canada", "shipping_detail_phone": "6049316684", "shipping_type": "Flat rate shipping", "total": "40", "shipping_detail_postcode": "V3J7K9", "billing_detail_phone": "6049316684", "tax_total": "0", "shipping_detail_last_name": "Tester", "billing_detail_street": "925 Merritt St", "shipping_detail_first_name": "Test11", "billing_detail_last_name": "Tester", "discount_code": "", "billing_detail_postcode": "V3J7K9", "shipping_total": "10", "shipping_detail_state": "British Columbia", "item_total": "30", "billing_detail_state": "British Columbia", "key": "hvsw630q0wunm9pmve2zpi3r0h95h2vz", "user_id": 6, "billing_detail_first_name": "Test11", "shipping_detail_street": "925 Merritt St", "billing_detail_email": "test11@bjola.ca", "transaction_id": null, "time": "2013-12-03T16:21:02.939", "discount_total": null, "tax_type": "Tax"}}, {"pk": 16, "model": "shop.order", "fields": {"status": 1, "shipping_detail_country": "", "additional_instructions": "", "billing_detail_city": "", "shipping_detail_city": "", "billing_detail_country": "", "shipping_detail_phone": "", "shipping_type": "", "total": "0", "shipping_detail_postcode": "", "billing_detail_phone": "", "tax_total": null, "shipping_detail_last_name": "", "billing_detail_street": "", "shipping_detail_first_name": "", "billing_detail_last_name": "", "discount_code": "", "billing_detail_postcode": "", "shipping_total": null, "shipping_detail_state": "", "item_total": "0", "billing_detail_state": "", "key": "qhwafldtjgmbsg0gqyr0ob4vuk60wc4e", "user_id": 2, "billing_detail_first_name": "", "shipping_detail_street": "", "billing_detail_email": "", "transaction_id": null, "time": "2013-12-10T05:49:05.006", "discount_total": null, "tax_type": ""}}, {"pk": 17, "model": "shop.order", "fields": {"status": 3, "shipping_detail_country": "", "additional_instructions": "", "billing_detail_city": "", "shipping_detail_city": "", "billing_detail_country": "", "shipping_detail_phone": "", "shipping_type": "", "total": "0", "shipping_detail_postcode": "", "billing_detail_phone": "", "tax_total": null, "shipping_detail_last_name": "", "billing_detail_street": "", "shipping_detail_first_name": "", "billing_detail_last_name": "", "discount_code": "e1379254-4335-4477-95ee-0c49c2268074", "billing_detail_postcode": "", "shipping_total": null, "shipping_detail_state": "", "item_total": "0", "billing_detail_state": "", "key": "uv6a4qhd863ykcbiy33hu0ja60wqbxef", "user_id": 1, "billing_detail_first_name": "", "shipping_detail_street": "", "billing_detail_email": "", "transaction_id": null, "time": "2013-12-10T07:00:53.687", "discount_total": null, "tax_type": ""}}, {"pk": 18, "model": "shop.order", "fields": {"status": 3, "shipping_detail_country": "Canada", "additional_instructions": "", "billing_detail_city": "Coquitlam", "shipping_detail_city": "Coquitlam", "billing_detail_country": "Canada", "shipping_detail_phone": "6049316684", "shipping_type": "Flat rate shipping", "total": "110", "shipping_detail_postcode": "V3J7K9", "billing_detail_phone": "6049316684", "tax_total": "0", "shipping_detail_last_name": "Bar", "billing_detail_street": "925 Merritt St", "shipping_detail_first_name": "Foo", "billing_detail_last_name": "Bar", "discount_code": "40524d16-92f5-4589-aabf-59af825a3d27", "billing_detail_postcode": "V3J7K9", "shipping_total": "10", "shipping_detail_state": "British Columbia", "item_total": "100", "billing_detail_state": "British Columbia", "key": "ox7vrbjttsjgrtjqq5hvyriwkyrsxxl7", "user_id": 1, "billing_detail_first_name": "Foo", "shipping_detail_street": "925 Merritt St", "billing_detail_email": "admin@admin.ad", "transaction_id": null, "time": "2013-12-18T11:02:23.116", "discount_total": null, "tax_type": "Tax"}}, {"pk": 19, "model": "shop.order", "fields": {"status": 3, "shipping_detail_country": "Canada", "additional_instructions": "", "billing_detail_city": "Coquitlam", "shipping_detail_city": "Coquitlam", "billing_detail_country": "Canada", "shipping_detail_phone": "6049316684", "shipping_type": "Flat rate shipping", "total": "210", "shipping_detail_postcode": "V3J7K9", "billing_detail_phone": "6049316684", "tax_total": "0", "shipping_detail_last_name": "Bar", "billing_detail_street": "925 Merritt St", "shipping_detail_first_name": "Foo", "billing_detail_last_name": "Bar", "discount_code": "6caf4dfe-6398-4461-a8b3-2b29ae5bf7c1", "billing_detail_postcode": "V3J7K9", "shipping_total": "10", "shipping_detail_state": "British Columbia", "item_total": "200", "billing_detail_state": "British Columbia", "key": "ox7vrbjttsjgrtjqq5hvyriwkyrsxxl7", "user_id": 1, "billing_detail_first_name": "Foo", "shipping_detail_street": "925 Merritt St", "billing_detail_email": "admin@admin.ad", "transaction_id": null, "time": "2013-12-18T11:02:55.346", "discount_total": null, "tax_type": "Tax"}}, {"pk": 20, "model": "shop.order", "fields": {"status": 3, "shipping_detail_country": "", "additional_instructions": "", "billing_detail_city": "", "shipping_detail_city": "", "billing_detail_country": "", "shipping_detail_phone": "", "shipping_type": "", "total": "0", "shipping_detail_postcode": "", "billing_detail_phone": "", "tax_total": null, "shipping_detail_last_name": "", "billing_detail_street": "", "shipping_detail_first_name": "", "billing_detail_last_name": "", "discount_code": "", "billing_detail_postcode": "", "shipping_total": null, "shipping_detail_state": "", "item_total": "0", "billing_detail_state": "", "key": "ox7vrbjttsjgrtjqq5hvyriwkyrsxxl7", "user_id": 1, "billing_detail_first_name": "", "shipping_detail_street": "", "billing_detail_email": "", "transaction_id": null, "time": "2013-12-18T11:23:52.333", "discount_total": null, "tax_type": ""}}, {"pk": 21, "model": "shop.order", "fields": {"status": 3, "shipping_detail_country": "Canada", "additional_instructions": "", "billing_detail_city": "Coquitlam", "shipping_detail_city": "Coquitlam", "billing_detail_country": "Canada", "shipping_detail_phone": "6049316684", "shipping_type": "Flat rate shipping", "total": "110", "shipping_detail_postcode": "V3J7K9", "billing_detail_phone": "6049316684", "tax_total": "0", "shipping_detail_last_name": "Orlenko", "billing_detail_street": "925 Merritt St", "shipping_detail_first_name": "Volodymyr", "billing_detail_last_name": "Orlenko", "discount_code": "3ca13b2b-879a-4cf1-9700-ff1b2bd14c3e", "billing_detail_postcode": "V3J7K9", "shipping_total": "10", "shipping_detail_state": "British Columbia", "item_total": "100", "billing_detail_state": "British Columbia", "key": "ox7vrbjttsjgrtjqq5hvyriwkyrsxxl7", "user_id": 1, "billing_detail_first_name": "Volodymyr", "shipping_detail_street": "925 Merritt St", "billing_detail_email": "orlenko@gmail.com", "transaction_id": null, "time": "2013-12-18T11:24:43.723", "discount_total": null, "tax_type": "Tax"}}, {"pk": 22, "model": "shop.order", "fields": {"status": 3, "shipping_detail_country": "Canada", "additional_instructions": "", "billing_detail_city": "Coquitlam", "shipping_detail_city": "Coquitlam", "billing_detail_country": "Canada", "shipping_detail_phone": "6049316684", "shipping_type": "Flat rate shipping", "total": "210", "shipping_detail_postcode": "V3J7K9", "billing_detail_phone": "6049316684", "tax_total": "0", "shipping_detail_last_name": "Orlenko", "billing_detail_street": "925 Merritt St", "shipping_detail_first_name": "Volodymyr", "billing_detail_last_name": "Orlenko", "discount_code": "4721a391-12ed-4fbc-be8c-49cc6664c133", "billing_detail_postcode": "V3J7K9", "shipping_total": "10", "shipping_detail_state": "British Columbia", "item_total": "200", "billing_detail_state": "British Columbia", "key": "ox7vrbjttsjgrtjqq5hvyriwkyrsxxl7", "user_id": 1, "billing_detail_first_name": "Volodymyr", "shipping_detail_street": "925 Merritt St", "billing_detail_email": "orlenko@gmail.com", "transaction_id": null, "time": "2013-12-18T11:26:02.366", "discount_total": null, "tax_type": "Tax"}}, {"pk": 23, "model": "shop.order", "fields": {"status": 3, "shipping_detail_country": "Canada", "additional_instructions": "", "billing_detail_city": "Coquitlam", "shipping_detail_city": "Coquitlam", "billing_detail_country": "Canada", "shipping_detail_phone": "6049316684", "shipping_type": "Flat rate shipping", "total": "110", "shipping_detail_postcode": "V3J7K9", "billing_detail_phone": "6049316684", "tax_total": "0", "shipping_detail_last_name": "Orlenko", "billing_detail_street": "925 Merritt St", "shipping_detail_first_name": "Volodymyr", "billing_detail_last_name": "Orlenko", "discount_code": "", "billing_detail_postcode": "V3J7K9", "shipping_total": "10", "shipping_detail_state": "British Columbia", "item_total": "100", "billing_detail_state": "British Columbia", "key": "ox7vrbjttsjgrtjqq5hvyriwkyrsxxl7", "user_id": 1, "billing_detail_first_name": "Volodymyr", "shipping_detail_street": "925 Merritt St", "billing_detail_email": "orlenko@gmail.com", "transaction_id": null, "time": "2013-12-18T11:28:31.665", "discount_total": null, "tax_type": "Tax"}}, {"pk": 24, "model": "shop.order", "fields": {"status": 3, "shipping_detail_country": "Canada", "additional_instructions": "", "billing_detail_city": "Coquitlam", "shipping_detail_city": "Coquitlam", "billing_detail_country": "Canada", "shipping_detail_phone": "6049316684", "shipping_type": "Flat rate shipping", "total": "210", "shipping_detail_postcode": "V3J7K9", "billing_detail_phone": "6049316684", "tax_total": "0", "shipping_detail_last_name": "Orlenko", "billing_detail_street": "925 Merritt St", "shipping_detail_first_name": "Volodymyr", "billing_detail_last_name": "Orlenko", "discount_code": "19216c0", "billing_detail_postcode": "V3J7K9", "shipping_total": "10", "shipping_detail_state": "British Columbia", "item_total": "200", "billing_detail_state": "British Columbia", "key": "ox7vrbjttsjgrtjqq5hvyriwkyrsxxl7", "user_id": 1, "billing_detail_first_name": "Volodymyr", "shipping_detail_street": "925 Merritt St", "billing_detail_email": "orlenko@gmail.com", "transaction_id": null, "time": "2013-12-18T11:43:55.810", "discount_total": null, "tax_type": "Tax"}}, {"pk": 25, "model": "shop.order", "fields": {"status": 3, "shipping_detail_country": "Canada", "additional_instructions": "", "billing_detail_city": "Coquitlam", "shipping_detail_city": "Coquitlam", "billing_detail_country": "Canada", "shipping_detail_phone": "6049316684", "shipping_type": "Flat rate shipping", "total": "110", "shipping_detail_postcode": "V3J7K9", "billing_detail_phone": "6049316684", "tax_total": "0", "shipping_detail_last_name": "Orlenko", "billing_detail_street": "925 Merritt St", "shipping_detail_first_name": "Volodymyr", "billing_detail_last_name": "Orlenko", "discount_code": "", "billing_detail_postcode": "V3J7K9", "shipping_total": "10", "shipping_detail_state": "British Columbia", "item_total": "100", "billing_detail_state": "British Columbia", "key": "m8syoci5s011r9ng39bh4egqcggktugs", "user_id": 1, "billing_detail_first_name": "Volodymyr", "shipping_detail_street": "925 Merritt St", "billing_detail_email": "orlenko@gmail.com", "transaction_id": null, "time": "2013-12-18T11:45:41.622", "discount_total": null, "tax_type": "Tax"}}, {"pk": 26, "model": "shop.order", "fields": {"status": 3, "shipping_detail_country": "Canada", "additional_instructions": "", "billing_detail_city": "Coquitlam", "shipping_detail_city": "Coquitlam", "billing_detail_country": "Canada", "shipping_detail_phone": "6049316684", "shipping_type": "Flat rate shipping", "total": "210", "shipping_detail_postcode": "V3J7K9", "billing_detail_phone": "6049316684", "tax_total": "0", "shipping_detail_last_name": "Orlenko", "billing_detail_street": "925 Merritt St", "shipping_detail_first_name": "Volodymyr", "billing_detail_last_name": "Orlenko", "discount_code": "15c5f3", "billing_detail_postcode": "V3J7K9", "shipping_total": "10", "shipping_detail_state": "British Columbia", "item_total": "200", "billing_detail_state": "British Columbia", "key": "m8syoci5s011r9ng39bh4egqcggktugs", "user_id": 1, "billing_detail_first_name": "Volodymyr", "shipping_detail_street": "925 Merritt St", "billing_detail_email": "orlenko@gmail.com", "transaction_id": null, "time": "2013-12-18T11:47:46.481", "discount_total": null, "tax_type": "Tax"}}, {"pk": 27, "model": "shop.order", "fields": {"status": 3, "shipping_detail_country": "Canada", "additional_instructions": "", "billing_detail_city": "Coquitlam", "shipping_detail_city": "Coquitlam", "billing_detail_country": "Canada", "shipping_detail_phone": "6049316684", "shipping_type": "Flat rate shipping", "total": "110", "shipping_detail_postcode": "V3J7K9", "billing_detail_phone": "6049316684", "tax_total": "0", "shipping_detail_last_name": "Orlenko", "billing_detail_street": "925 Merritt St", "shipping_detail_first_name": "Volodymyr", "billing_detail_last_name": "Orlenko", "discount_code": "", "billing_detail_postcode": "V3J7K9", "shipping_total": "10", "shipping_detail_state": "British Columbia", "item_total": "100", "billing_detail_state": "British Columbia", "key": "m8syoci5s011r9ng39bh4egqcggktugs", "user_id": 1, "billing_detail_first_name": "Volodymyr", "shipping_detail_street": "925 Merritt St", "billing_detail_email": "orlenko@gmail.com", "transaction_id": null, "time": "2013-12-18T11:49:04.349", "discount_total": null, "tax_type": "Tax"}}, {"pk": 28, "model": "shop.order", "fields": {"status": 3, "shipping_detail_country": "Canada", "additional_instructions": "", "billing_detail_city": "Coquitlam", "shipping_detail_city": "Coquitlam", "billing_detail_country": "Canada", "shipping_detail_phone": "6049316684", "shipping_type": "Flat rate shipping", "total": "210", "shipping_detail_postcode": "V3J7K9", "billing_detail_phone": "6049316684", "tax_total": "0", "shipping_detail_last_name": "Orlenko", "billing_detail_street": "925 Merritt St", "shipping_detail_first_name": "Volodymyr", "billing_detail_last_name": "Orlenko", "discount_code": "2775f8", "billing_detail_postcode": "V3J7K9", "shipping_total": "10", "shipping_detail_state": "British Columbia", "item_total": "200", "billing_detail_state": "British Columbia", "key": "m8syoci5s011r9ng39bh4egqcggktugs", "user_id": 1, "billing_detail_first_name": "Volodymyr", "shipping_detail_street": "925 Merritt St", "billing_detail_email": "orlenko@gmail.com", "transaction_id": null, "time": "2013-12-18T11:49:25.136", "discount_total": null, "tax_type": "Tax"}}, {"pk": 29, "model": "shop.order", "fields": {"status": 3, "shipping_detail_country": "Canada", "additional_instructions": "", "billing_detail_city": "Coquitlam", "shipping_detail_city": "Coquitlam", "billing_detail_country": "Canada", "shipping_detail_phone": "6049316684", "shipping_type": "Flat rate shipping", "total": "110", "shipping_detail_postcode": "V3J7K9", "billing_detail_phone": "6049316684", "tax_total": "0", "shipping_detail_last_name": "Orlenko", "billing_detail_street": "925 Merritt St", "shipping_detail_first_name": "Volodymyr", "billing_detail_last_name": "Orlenko", "discount_code": "", "billing_detail_postcode": "V3J7K9", "shipping_total": "10", "shipping_detail_state": "British Columbia", "item_total": "100", "billing_detail_state": "British Columbia", "key": "yel83l0l7k6mzcnyqjmk5do3ew94wi71", "user_id": 1, "billing_detail_first_name": "Volodymyr", "shipping_detail_street": "925 Merritt St", "billing_detail_email": "orlenko@gmail.com", "transaction_id": null, "time": "2013-12-18T11:54:33.885", "discount_total": null, "tax_type": "Tax"}}, {"pk": 30, "model": "shop.order", "fields": {"status": 3, "shipping_detail_country": "Canada", "additional_instructions": "", "billing_detail_city": "Coquitlam", "shipping_detail_city": "Coquitlam", "billing_detail_country": "Canada", "shipping_detail_phone": "6049316684", "shipping_type": "Flat rate shipping", "total": "210", "shipping_detail_postcode": "V3J7K9", "billing_detail_phone": "6049316684", "tax_total": "0", "shipping_detail_last_name": "Orlenko", "billing_detail_street": "925 Merritt St", "shipping_detail_first_name": "Volodymyr", "billing_detail_last_name": "Orlenko", "discount_code": "39f07c", "billing_detail_postcode": "V3J7K9", "shipping_total": "10", "shipping_detail_state": "British Columbia", "item_total": "200", "billing_detail_state": "British Columbia", "key": "yel83l0l7k6mzcnyqjmk5do3ew94wi71", "user_id": 1, "billing_detail_first_name": "Volodymyr", "shipping_detail_street": "925 Merritt St", "billing_detail_email": "orlenko@gmail.com", "transaction_id": null, "time": "2013-12-18T11:55:06.135", "discount_total": null, "tax_type": "Tax"}}, {"pk": 31, "model": "shop.order", "fields": {"status": 3, "shipping_detail_country": "Canada", "additional_instructions": "", "billing_detail_city": "Coquitlam", "shipping_detail_city": "Coquitlam", "billing_detail_country": "Canada", "shipping_detail_phone": "6049316684", "shipping_type": "Flat rate shipping", "total": "210", "shipping_detail_postcode": "V3J7K9", "billing_detail_phone": "6049316684", "tax_total": "0", "shipping_detail_last_name": "Orlenko", "billing_detail_street": "925 Merritt St", "shipping_detail_first_name": "Volodymyr", "billing_detail_last_name": "Orlenko", "discount_code": "40761d", "billing_detail_postcode": "V3J7K9", "shipping_total": "10", "shipping_detail_state": "British Columbia", "item_total": "200", "billing_detail_state": "British Columbia", "key": "yel83l0l7k6mzcnyqjmk5do3ew94wi71", "user_id": 1, "billing_detail_first_name": "Volodymyr", "shipping_detail_street": "925 Merritt St", "billing_detail_email": "orlenko@gmail.com", "transaction_id": null, "time": "2013-12-18T12:17:40.815", "discount_total": null, "tax_type": "Tax"}}, {"pk": 32, "model": "shop.order", "fields": {"status": 3, "shipping_detail_country": "Canada", "additional_instructions": "", "billing_detail_city": "Coquitlam", "shipping_detail_city": "Coquitlam", "billing_detail_country": "Canada", "shipping_detail_phone": "6049316684", "shipping_type": "Flat rate shipping", "total": "210", "shipping_detail_postcode": "V3J7K9", "billing_detail_phone": "6049316684", "tax_total": "0", "shipping_detail_last_name": "Orlenko", "billing_detail_street": "925 Merritt St", "shipping_detail_first_name": "Volodymyr", "billing_detail_last_name": "Orlenko", "discount_code": "580455", "billing_detail_postcode": "V3J7K9", "shipping_total": "10", "shipping_detail_state": "British Columbia", "item_total": "200", "billing_detail_state": "British Columbia", "key": "yel83l0l7k6mzcnyqjmk5do3ew94wi71", "user_id": 1, "billing_detail_first_name": "Volodymyr", "shipping_detail_street": "925 Merritt St", "billing_detail_email": "orlenko@gmail.com", "transaction_id": null, "time": "2013-12-18T12:21:17.211", "discount_total": null, "tax_type": "Tax"}}, {"pk": 33, "model": "shop.order", "fields": {"status": 3, "shipping_detail_country": "Canada", "additional_instructions": "", "billing_detail_city": "Coquitlam", "shipping_detail_city": "Coquitlam", "billing_detail_country": "Canada", "shipping_detail_phone": "6049316684", "shipping_type": "Flat rate shipping", "total": "210", "shipping_detail_postcode": "V3J7K9", "billing_detail_phone": "6049316684", "tax_total": "0", "shipping_detail_last_name": "Orlenko", "billing_detail_street": "925 Merritt St", "shipping_detail_first_name": "Volodymyr", "billing_detail_last_name": "Orlenko", "discount_code": "6f99fd", "billing_detail_postcode": "V3J7K9", "shipping_total": "10", "shipping_detail_state": "British Columbia", "item_total": "200", "billing_detail_state": "British Columbia", "key": "yel83l0l7k6mzcnyqjmk5do3ew94wi71", "user_id": 1, "billing_detail_first_name": "Volodymyr", "shipping_detail_street": "925 Merritt St", "billing_detail_email": "orlenko@gmail.com", "transaction_id": null, "time": "2013-12-18T12:23:03.904", "discount_total": null, "tax_type": "Tax"}}, {"pk": 34, "model": "shop.order", "fields": {"status": 3, "shipping_detail_country": "Canada", "additional_instructions": "", "billing_detail_city": "Coquitlam", "shipping_detail_city": "Coquitlam", "billing_detail_country": "Canada", "shipping_detail_phone": "6049316684", "shipping_type": "Flat rate shipping", "total": "210", "shipping_detail_postcode": "V3J7K9", "billing_detail_phone": "6049316684", "tax_total": "0", "shipping_detail_last_name": "Orlenko", "billing_detail_street": "925 Merritt St", "shipping_detail_first_name": "Volodymyr", "billing_detail_last_name": "Orlenko", "discount_code": "71b0a4", "billing_detail_postcode": "V3J7K9", "shipping_total": "10", "shipping_detail_state": "British Columbia", "item_total": "200", "billing_detail_state": "British Columbia", "key": "yel83l0l7k6mzcnyqjmk5do3ew94wi71", "user_id": 1, "billing_detail_first_name": "Volodymyr", "shipping_detail_street": "925 Merritt St", "billing_detail_email": "orlenko@gmail.com", "transaction_id": null, "time": "2013-12-18T13:05:49.740", "discount_total": null, "tax_type": "Tax"}}, {"pk": 35, "model": "shop.order", "fields": {"status": 3, "shipping_detail_country": "Canada", "additional_instructions": "", "billing_detail_city": "Coquitlam", "shipping_detail_city": "Coquitlam", "billing_detail_country": "Canada", "shipping_detail_phone": "6049316684", "shipping_type": "Flat rate shipping", "total": "110.01", "shipping_detail_postcode": "V3J7K9", "billing_detail_phone": "6049316684", "tax_total": "0", "shipping_detail_last_name": "Orlenko", "billing_detail_street": "925 Merritt St", "shipping_detail_first_name": "Volodymyr", "billing_detail_last_name": "Orlenko", "discount_code": "104a4e2", "billing_detail_postcode": "V3J7K9", "shipping_total": "10", "shipping_detail_state": "British Columbia", "item_total": "200", "billing_detail_state": "British Columbia", "key": "iv6yyy6n2uadku75c1b6dayde78a3ncx", "user_id": 1, "billing_detail_first_name": "Volodymyr", "shipping_detail_street": "925 Merritt St", "billing_detail_email": "orlenko@gmail.com", "transaction_id": null, "time": "2013-12-18T13:11:32.226", "discount_total": "99.99", "tax_type": "Tax"}}, {"pk": 1, "model": "shop.cart", "fields": {"last_updated": "2013-12-18T13:10:46.216"}}, {"pk": 1, "model": "shop.cartitem", "fields": {"sku": "128", "total_price": "200", "description": "Oranization Membership Subscription Term: Annual, Create Events for Parents: Accredited and Other Programs, Directory Listing: Business Card, Store Discount: 15%", "url": "/shop/product/oranization-membership/", "image": null, "cart": 1, "unit_price": "200", "quantity": 1}}, {"pk": 1, "model": "shop.orderitem", "fields": {"sku": "17", "total_price": "100", "description": "Professional - Level 2 Advanced Membership", "unit_price": "100", "order": 1, "quantity": 1}}, {"pk": 2, "model": "shop.orderitem", "fields": {"sku": "14", "total_price": "0", "description": "Parent - Free membership", "unit_price": "0", "order": 2, "quantity": 1}}, {"pk": 3, "model": "shop.orderitem", "fields": {"sku": "15", "total_price": "100", "description": "Parent - BCCF Voting Membership (annual)", "unit_price": "100", "order": 3, "quantity": 1}}, {"pk": 4, "model": "shop.orderitem", "fields": {"sku": "15", "total_price": "100", "description": "Parent - BCCF Voting Membership (annual)", "unit_price": "100", "order": 4, "quantity": 1}}, {"pk": 5, "model": "shop.orderitem", "fields": {"sku": "14", "total_price": "0", "description": "Parent - Free membership", "unit_price": "0", "order": 5, "quantity": 1}}, {"pk": 6, "model": "shop.orderitem", "fields": {"sku": "14", "total_price": "0", "description": "Parent - Free membership", "unit_price": "0", "order": 6, "quantity": 1}}, {"pk": 7, "model": "shop.orderitem", "fields": {"sku": "14", "total_price": "0", "description": "Parent - Free membership", "unit_price": "0", "order": 7, "quantity": 1}}, {"pk": 8, "model": "shop.orderitem", "fields": {"sku": "15", "total_price": "100", "description": "Parent - BCCF Voting Membership (annual)", "unit_price": "100", "order": 8, "quantity": 1}}, {"pk": 9, "model": "shop.orderitem", "fields": {"sku": "15", "total_price": "100", "description": "Parent - BCCF Voting Membership (annual)", "unit_price": "100", "order": 9, "quantity": 1}}, {"pk": 10, "model": "shop.orderitem", "fields": {"sku": "98", "total_price": "0", "description": "Parent Membership - FREE Subscription Term: FREE - Unlimited, BCCF Voting: No", "unit_price": "0", "order": 10, "quantity": 1}}, {"pk": 11, "model": "shop.orderitem", "fields": {"sku": "15", "total_price": "30", "description": "Parent Membership Subscription Term: Quarterly, BCCF Voting: Yes", "unit_price": "30", "order": 11, "quantity": 1}}, {"pk": 12, "model": "shop.orderitem", "fields": {"sku": "14", "total_price": "100", "description": "Parent Membership Subscription Term: Annual, BCCF Voting: Yes", "unit_price": "100", "order": 12, "quantity": 1}}, {"pk": 13, "model": "shop.orderitem", "fields": {"sku": "98", "total_price": "0", "description": "Parent Membership - FREE Subscription Term: FREE - Unlimited, BCCF Voting: No", "unit_price": "0", "order": 13, "quantity": 1}}, {"pk": 14, "model": "shop.orderitem", "fields": {"sku": "15", "total_price": "30", "description": "Parent Membership Subscription Term: Quarterly, BCCF Voting: Yes", "unit_price": "30", "order": 14, "quantity": 1}}, {"pk": 15, "model": "shop.orderitem", "fields": {"sku": "15", "total_price": "30", "description": "Parent Membership Subscription Term: Quarterly, BCCF Voting: Yes", "unit_price": "30", "order": 15, "quantity": 1}}, {"pk": 16, "model": "shop.orderitem", "fields": {"sku": "99", "total_price": "0", "description": "Professional Membership - FREE Subscription Term: FREE - Unlimited, Create Events for Parents: No, Directory Listing: Basic", "unit_price": "0", "order": 16, "quantity": 1}}, {"pk": 17, "model": "shop.orderitem", "fields": {"sku": "99", "total_price": "0", "description": "Professional Membership - FREE Subscription Term: FREE - Unlimited, Create Events for Parents: No, Directory Listing: Basic", "unit_price": "0", "order": 17, "quantity": 2}}, {"pk": 18, "model": "shop.orderitem", "fields": {"sku": "82", "total_price": "100", "description": "Professional Membership Subscription Term: Annual, Create Events for Parents: Accredited Programs Only, Directory Listing: Business Card, Store Discount: No", "unit_price": "100", "order": 18, "quantity": 1}}, {"pk": 19, "model": "shop.orderitem", "fields": {"sku": "94", "total_price": "200", "description": "Professional Membership Subscription Term: Annual, Create Events for Parents: Accredited and Other Programs, Directory Listing: High Profile, Store Discount: 15%", "unit_price": "200", "order": 19, "quantity": 1}}, {"pk": 20, "model": "shop.orderitem", "fields": {"sku": "100", "total_price": "0", "description": "Oranization Membership Subscription Term: FREE - Unlimited, Create Events for Parents: No, Directory Listing: No, Store Discount: No", "unit_price": "0", "order": 20, "quantity": 1}}, {"pk": 21, "model": "shop.orderitem", "fields": {"sku": "120", "total_price": "100", "description": "Oranization Membership Subscription Term: Annual, Create Events for Parents: Accredited Programs Only, Directory Listing: Basic, Store Discount: No", "unit_price": "100", "order": 21, "quantity": 1}}, {"pk": 22, "model": "shop.orderitem", "fields": {"sku": "128", "total_price": "200", "description": "Oranization Membership Subscription Term: Annual, Create Events for Parents: Accredited and Other Programs, Directory Listing: Business Card, Store Discount: 15%", "unit_price": "200", "order": 22, "quantity": 1}}, {"pk": 23, "model": "shop.orderitem", "fields": {"sku": "120", "total_price": "100", "description": "Oranization Membership Subscription Term: Annual, Create Events for Parents: Accredited Programs Only, Directory Listing: Basic, Store Discount: No", "unit_price": "100", "order": 23, "quantity": 1}}, {"pk": 24, "model": "shop.orderitem", "fields": {"sku": "128", "total_price": "200", "description": "Oranization Membership Subscription Term: Annual, Create Events for Parents: Accredited and Other Programs, Directory Listing: Business Card, Store Discount: 15%", "unit_price": "200", "order": 24, "quantity": 1}}, {"pk": 25, "model": "shop.orderitem", "fields": {"sku": "120", "total_price": "100", "description": "Oranization Membership Subscription Term: Annual, Create Events for Parents: Accredited Programs Only, Directory Listing: Basic, Store Discount: No", "unit_price": "100", "order": 25, "quantity": 1}}, {"pk": 26, "model": "shop.orderitem", "fields": {"sku": "128", "total_price": "200", "description": "Oranization Membership Subscription Term: Annual, Create Events for Parents: Accredited and Other Programs, Directory Listing: Business Card, Store Discount: 15%", "unit_price": "200", "order": 26, "quantity": 1}}, {"pk": 27, "model": "shop.orderitem", "fields": {"sku": "120", "total_price": "100", "description": "Oranization Membership Subscription Term: Annual, Create Events for Parents: Accredited Programs Only, Directory Listing: Basic, Store Discount: No", "unit_price": "100", "order": 27, "quantity": 1}}, {"pk": 28, "model": "shop.orderitem", "fields": {"sku": "128", "total_price": "200", "description": "Oranization Membership Subscription Term: Annual, Create Events for Parents: Accredited and Other Programs, Directory Listing: Business Card, Store Discount: 15%", "unit_price": "200", "order": 28, "quantity": 1}}, {"pk": 29, "model": "shop.orderitem", "fields": {"sku": "120", "total_price": "100", "description": "Oranization Membership Subscription Term: Annual, Create Events for Parents: Accredited Programs Only, Directory Listing: Basic, Store Discount: No", "unit_price": "100", "order": 29, "quantity": 1}}, {"pk": 30, "model": "shop.orderitem", "fields": {"sku": "128", "total_price": "200", "description": "Oranization Membership Subscription Term: Annual, Create Events for Parents: Accredited and Other Programs, Directory Listing: Business Card, Store Discount: 15%", "unit_price": "200", "order": 30, "quantity": 1}}, {"pk": 31, "model": "shop.orderitem", "fields": {"sku": "128", "total_price": "200", "description": "Oranization Membership Subscription Term: Annual, Create Events for Parents: Accredited and Other Programs, Directory Listing: Business Card, Store Discount: 15%", "unit_price": "200", "order": 31, "quantity": 1}}, {"pk": 32, "model": "shop.orderitem", "fields": {"sku": "128", "total_price": "200", "description": "Oranization Membership Subscription Term: Annual, Create Events for Parents: Accredited and Other Programs, Directory Listing: Business Card, Store Discount: 15%", "unit_price": "200", "order": 32, "quantity": 1}}, {"pk": 33, "model": "shop.orderitem", "fields": {"sku": "128", "total_price": "200", "description": "Oranization Membership Subscription Term: Annual, Create Events for Parents: Accredited and Other Programs, Directory Listing: Business Card, Store Discount: 15%", "unit_price": "200", "order": 33, "quantity": 1}}, {"pk": 34, "model": "shop.orderitem", "fields": {"sku": "128", "total_price": "200", "description": "Oranization Membership Subscription Term: Annual, Create Events for Parents: Accredited and Other Programs, Directory Listing: Business Card, Store Discount: 15%", "unit_price": "200", "order": 34, "quantity": 1}}, {"pk": 35, "model": "shop.orderitem", "fields": {"sku": "128", "total_price": "200", "description": "Oranization Membership Subscription Term: Annual, Create Events for Parents: Accredited and Other Programs, Directory Listing: Business Card, Store Discount: 15%", "unit_price": "200", "order": 35, "quantity": 1}}, {"pk": 1, "model": "shop.productaction", "fields": {"timestamp": 735165, "product": 5, "total_purchase": 1, "total_cart": 1}}, {"pk": 2, "model": "shop.productaction", "fields": {"timestamp": 735205, "product": 3, "total_purchase": 4, "total_cart": 4}}, {"pk": 3, "model": "shop.productaction", "fields": {"timestamp": 735205, "product": 5, "total_purchase": 1, "total_cart": 1}}, {"pk": 4, "model": "shop.productaction", "fields": {"timestamp": 735212, "product": 6, "total_purchase": 2, "total_cart": 3}}, {"pk": 5, "model": "shop.productaction", "fields": {"timestamp": 735212, "product": 4, "total_purchase": 0, "total_cart": 2}}, {"pk": 6, "model": "shop.productaction", "fields": {"timestamp": 735212, "product": 3, "total_purchase": 0, "total_cart": 1}}, {"pk": 7, "model": "shop.productaction", "fields": {"timestamp": 735220, "product": 4, "total_purchase": 2, "total_cart": 2}}, {"pk": 8, "model": "shop.productaction", "fields": {"timestamp": 735220, "product": 7, "total_purchase": 16, "total_cart": 20}}, {"pk": 1, "model": "shop.sale", "fields": {"valid_from": null, "title": "50% off ponies.", "valid_to": null, "products": [], "categories": [], "discount_percent": "50", "active": true, "discount_exact": null, "discount_deduct": null}}, {"pk": 1, "model": "shop.discountcode", "fields": {"free_shipping": false, "valid_from": null, "title": "[temporary discount for membership upgrade]", "uses_remaining": null, "categories": [16], "valid_to": null, "code": "5c5f3331-19f4-4f77-8f41-5f6c7e4c45c1", "products": [7], "min_purchase": "0", "discount_percent": null, "active": true, "discount_exact": null, "discount_deduct": "100"}}, {"pk": 2, "model": "shop.discountcode", "fields": {"free_shipping": false, "valid_from": null, "title": "[temporary discount for membership upgrade]", "uses_remaining": null, "categories": [16], "valid_to": null, "code": "2775f8", "products": [7], "min_purchase": "0", "discount_percent": null, "active": true, "discount_exact": null, "discount_deduct": "100"}}, {"pk": 3, "model": "shop.discountcode", "fields": {"free_shipping": false, "valid_from": null, "title": "[temporary discount for membership upgrade]", "uses_remaining": null, "categories": [16], "valid_to": null, "code": "39f07c", "products": [7], "min_purchase": "0", "discount_percent": null, "active": true, "discount_exact": null, "discount_deduct": "100"}}, {"pk": 4, "model": "shop.discountcode", "fields": {"free_shipping": false, "valid_from": null, "title": "[temporary discount for membership upgrade]", "uses_remaining": null, "categories": [16], "valid_to": null, "code": "40761d", "products": [7], "min_purchase": "0", "discount_percent": null, "active": true, "discount_exact": null, "discount_deduct": "100"}}, {"pk": 5, "model": "shop.discountcode", "fields": {"free_shipping": false, "valid_from": null, "title": "[temporary discount for membership upgrade]", "uses_remaining": null, "categories": [16], "valid_to": null, "code": "580455", "products": [7], "min_purchase": "0", "discount_percent": null, "active": true, "discount_exact": null, "discount_deduct": "99.99"}}, {"pk": 6, "model": "shop.discountcode", "fields": {"free_shipping": false, "valid_from": null, "title": "[temporary discount for membership upgrade]", "uses_remaining": null, "categories": [16], "valid_to": null, "code": "6f99fd", "products": [7], "min_purchase": "0", "discount_percent": null, "active": true, "discount_exact": null, "discount_deduct": "99.99"}}, {"pk": 7, "model": "shop.discountcode", "fields": {"free_shipping": false, "valid_from": null, "title": "[temporary discount for membership upgrade]", "uses_remaining": null, "categories": [16], "valid_to": null, "code": "71b0a4", "products": [7], "min_purchase": "0", "discount_percent": null, "active": true, "discount_exact": null, "discount_deduct": "99.99"}}, {"pk": 8, "model": "shop.discountcode", "fields": {"free_shipping": false, "valid_from": null, "title": "[temporary discount for membership upgrade]", "uses_remaining": null, "categories": [16], "valid_to": null, "code": "860a5e", "products": [7], "min_purchase": "0", "discount_percent": null, "active": true, "discount_exact": null, "discount_deduct": "99.99"}}, {"pk": 9, "model": "shop.discountcode", "fields": {"free_shipping": false, "valid_from": null, "title": "[temporary discount for membership upgrade]", "uses_remaining": null, "categories": [16], "valid_to": null, "code": "996b53", "products": [7], "min_purchase": "0", "discount_percent": null, "active": true, "discount_exact": null, "discount_deduct": "99.99"}}, {"pk": 10, "model": "shop.discountcode", "fields": {"free_shipping": false, "valid_from": null, "title": "[temporary discount for membership upgrade]", "uses_remaining": null, "categories": [16], "valid_to": null, "code": "104a4e2", "products": [7], "min_purchase": "0", "discount_percent": null, "active": true, "discount_exact": null, "discount_deduct": "99.99"}}, {"pk": 1, "model": "conf.setting", "fields": {"site": 1, "value": "", "name": "GOOGLE_ANALYTICS_ID"}}, {"pk": 2, "model": "conf.setting", "fields": {"site": 1, "value": "True", "name": "SHOP_PAYMENT_STEP_ENABLED"}}, {"pk": 3, "model": "conf.setting", "fields": {"site": 1, "value": "10", "name": "SEARCH_PER_PAGE"}}, {"pk": 4, "model": "conf.setting", "fields": {"site": 1, "value": "5", "name": "COMMENTS_NUM_LATEST"}}, {"pk": 5, "model": "conf.setting", "fields": {"site": 1, "value": "", "name": "ACCOUNTS_APPROVAL_EMAILS"}}, {"pk": 6, "model": "conf.setting", "fields": {"site": 1, "value": "", "name": "COMMENTS_DISQUS_API_PUBLIC_KEY"}}, {"pk": 7, "model": "conf.setting", "fields": {"site": 1, "value": "1", "name": "RICHTEXT_FILTER_LEVEL"}}, {"pk": 8, "model": "conf.setting", "fields": {"site": 1, "value": "", "name": "TWITTER_CONSUMER_SECRET"}}, {"pk": 9, "model": "conf.setting", "fields": {"site": 1, "value": "True", "name": "COMMENTS_UNAPPROVED_VISIBLE"}}, {"pk": 10, "model": "conf.setting", "fields": {"site": 1, "value": "", "name": "SHOP_ORDER_EMAIL_BCC"}}, {"pk": 11, "model": "conf.setting", "fields": {"site": 1, "value": "Wat.", "name": "SITE_TAGLINE"}}, {"pk": 12, "model": "conf.setting", "fields": {"site": 1, "value": "search", "name": "TWITTER_DEFAULT_QUERY_TYPE"}}, {"pk": 13, "model": "conf.setting", "fields": {"site": 1, "value": "True", "name": "COMMENTS_REMOVED_VISIBLE"}}, {"pk": 14, "model": "conf.setting", "fields": {"site": 1, "value": "3", "name": "TWITTER_DEFAULT_NUM_TWEETS"}}, {"pk": 15, "model": "conf.setting", "fields": {"site": 1, "value": "12", "name": "SHOP_PER_PAGE_CATEGORY"}}, {"pk": 16, "model": "conf.setting", "fields": {"site": 1, "value": "", "name": "BITLY_ACCESS_TOKEN"}}, {"pk": 17, "model": "conf.setting", "fields": {"site": 1, "value": "False", "name": "SHOP_CHECKOUT_ACCOUNT_REQUIRED"}}, {"pk": 18, "model": "conf.setting", "fields": {"site": 1, "value": "False", "name": "SSL_ENABLED"}}, {"pk": 19, "model": "conf.setting", "fields": {"site": 1, "value": "", "name": "AKISMET_API_KEY"}}, {"pk": 20, "model": "conf.setting", "fields": {"site": 1, "value": "False", "name": "SHOP_DISCOUNT_FIELD_IN_CART"}}, {"pk": 21, "model": "conf.setting", "fields": {"site": 1, "value": "", "name": "TWITTER_ACCESS_TOKEN_KEY"}}, {"pk": 22, "model": "conf.setting", "fields": {"site": 1, "value": "10.0", "name": "SHOP_DEFAULT_SHIPPING_VALUE"}}, {"pk": 23, "model": "conf.setting", "fields": {"site": 1, "value": "django mezzanine", "name": "TWITTER_DEFAULT_QUERY"}}, {"pk": 24, "model": "conf.setting", "fields": {"site": 1, "value": "BCCF - Debug", "name": "SITE_TITLE"}}, {"pk": 25, "model": "conf.setting", "fields": {"site": 1, "value": "5", "name": "BLOG_POST_PER_PAGE"}}, {"pk": 26, "model": "conf.setting", "fields": {"site": 1, "value": "", "name": "COMMENTS_NOTIFICATION_EMAILS"}}, {"pk": 27, "model": "conf.setting", "fields": {"site": 1, "value": "False", "name": "SHOP_DISCOUNT_FIELD_IN_CHECKOUT"}}, {"pk": 28, "model": "conf.setting", "fields": {"site": 1, "value": "", "name": "COMMENTS_DISQUS_API_SECRET_KEY"}}, {"pk": 29, "model": "conf.setting", "fields": {"site": 1, "value": "", "name": "TWITTER_CONSUMER_KEY"}}, {"pk": 30, "model": "conf.setting", "fields": {"site": 1, "value": "False", "name": "COMMENTS_ACCOUNT_REQUIRED"}}, {"pk": 31, "model": "conf.setting", "fields": {"site": 1, "value": "Order Receipt", "name": "SHOP_ORDER_EMAIL_SUBJECT"}}, {"pk": 32, "model": "conf.setting", "fields": {"site": 1, "value": "", "name": "SSL_FORCE_HOST"}}, {"pk": 33, "model": "conf.setting", "fields": {"site": 1, "value": "10", "name": "MAX_PAGING_LINKS"}}, {"pk": 34, "model": "conf.setting", "fields": {"site": 1, "value": "", "name": "TWITTER_ACCESS_TOKEN_SECRET"}}, {"pk": 35, "model": "conf.setting", "fields": {"site": 1, "value": "4", "name": "TAG_CLOUD_SIZES"}}, {"pk": 36, "model": "conf.setting", "fields": {"site": 1, "value": "", "name": "COMMENTS_DISQUS_SHORTNAME"}}, {"pk": 37, "model": "conf.setting", "fields": {"site": 1, "value": "do_not_reply@Japan", "name": "SHOP_ORDER_FROM_EMAIL"}}, {"pk": 38, "model": "conf.setting", "fields": {"site": 1, "value": "True", "name": "COMMENTS_DEFAULT_APPROVED"}}, {"pk": 39, "model": "conf.setting", "fields": {"site": 1, "value": "False", "name": "RATINGS_ACCOUNT_REQUIRED"}}, {"pk": 1, "model": "pages.page", "fields": {"status": 1, "login_required": false, "updated": "2013-10-24T20:12:24.090", "_order": 0, "titles": "Test Page", "description": "some content", "parent": null, "title": "Test Page", "short_url": null, "created": "2013-10-21T19:10:39.366", "site": 1, "in_sitemap": true, "keywords_string": "", "_meta_title": "", "expiry_date": null, "publish_date": "2013-10-21T19:10:39", "content_model": "richtextpage", "in_menus": "", "slug": "test-page", "gen_description": true}}, {"pk": 7, "model": "pages.page", "fields": {"status": 2, "login_required": false, "updated": "2013-10-23T19:51:20.928", "_order": 1, "titles": "Shop", "description": "Shop shop shop", "parent": null, "title": "Shop", "short_url": null, "created": null, "site": 1, "in_sitemap": true, "keywords_string": "", "_meta_title": null, "expiry_date": null, "publish_date": "2013-10-23T19:51:20.926", "content_model": "category", "in_menus": "1,2,3", "slug": "shop", "gen_description": true}}, {"pk": 8, "model": "pages.page", "fields": {"status": 2, "login_required": true, "updated": "2013-10-24T19:39:48.262", "_order": 1, "titles": "Membership / Membership: Parents", "description": "Please select a type of membership you would like to purchase", "parent": 11, "title": "Membership: Parents", "short_url": null, "created": "2013-10-22T21:38:04.247", "site": 1, "in_sitemap": true, "keywords_string": "", "_meta_title": "", "expiry_date": null, "publish_date": "2013-10-22T21:38:04", "content_model": "category", "in_menus": "2", "slug": "membership/membership-parents", "gen_description": true}}, {"pk": 10, "model": "pages.page", "fields": {"status": 2, "login_required": false, "updated": "2013-10-24T19:40:38.632", "_order": 0, "titles": "Membership / Membership: Professionals", "description": "Membership types for professionals", "parent": 11, "title": "Membership: Professionals", "short_url": null, "created": "2013-10-22T22:49:16.248", "site": 1, "in_sitemap": true, "keywords_string": "", "_meta_title": "", "expiry_date": null, "publish_date": "2013-10-22T22:49:16", "content_model": "category", "in_menus": "1,2,3", "slug": "membership/membership-professionals", "gen_description": true}}, {"pk": 11, "model": "pages.page", "fields": {"status": 2, "login_required": false, "updated": "2013-10-22T23:11:02.705", "_order": 2, "titles": "Membership", "description": "parent category for all membership types", "parent": null, "title": "Membership", "short_url": null, "created": "2013-10-22T22:49:47.790", "site": 1, "in_sitemap": true, "keywords_string": "", "_meta_title": "", "expiry_date": null, "publish_date": "2013-10-22T22:49:47", "content_model": "category", "in_menus": "", "slug": "membership", "gen_description": true}}, {"pk": 13, "model": "pages.page", "fields": {"status": 2, "login_required": false, "updated": "2013-10-22T23:00:20.754", "_order": 2, "titles": "Membership / Membership: Corporate", "description": "Corporate membership category", "parent": 11, "title": "Membership: Corporate", "short_url": null, "created": "2013-10-22T23:00:15.470", "site": 1, "in_sitemap": true, "keywords_string": "", "_meta_title": "", "expiry_date": null, "publish_date": "2013-10-22T23:00:15.468", "content_model": "category", "in_menus": "1,2,3", "slug": "membership/membership-corporate", "gen_description": true}}, {"pk": 15, "model": "pages.page", "fields": {"status": 2, "login_required": false, "updated": "2013-10-23T17:10:59.928", "_order": 3, "titles": "For Parents", "description": "For Parents", "parent": null, "title": "For Parents", "short_url": null, "created": "2013-10-23T17:10:59.928", "site": 1, "in_sitemap": false, "keywords_string": "", "_meta_title": null, "expiry_date": null, "publish_date": "2013-10-23T17:10:59.926", "content_model": "link", "in_menus": "2", "slug": "/parents/", "gen_description": true}}, {"pk": 16, "model": "pages.page", "fields": {"status": 2, "login_required": false, "updated": "2013-12-18T11:18:18.810", "_order": 3, "titles": "Membership / Membership: Organizations", "description": "Organization Membership", "parent": 11, "title": "Membership: Organizations", "short_url": null, "created": "2013-12-10T16:34:20.040", "site": 1, "in_sitemap": true, "keywords_string": "", "_meta_title": "", "expiry_date": null, "publish_date": "2013-12-10T16:34:20", "content_model": "category", "in_menus": "", "slug": "membership/membership-organizations", "gen_description": true}}, {"pk": 1, "model": "pages.richtextpage", "fields": {"content": "<p>some content<img height=\"500\" src=\"/static/media/uploads/narrow_wood_grey.jpg\" width=\"500\"></p>"}}, {"pk": 15, "model": "pages.link", "fields": {}}, {"pk": 1, "model": "twitter.query", "fields": {"interested": true, "type": "search", "value": "django mezzanine"}}, {"pk": 1, "model": "bccf.topic", "fields": {"star_survey_id": null, "title": "Test Topic", "site": 1, "content": "", "star_forum_post_id": null, "featured_image": "", "star_blog_id": null, "slug": null}}, {"pk": 1, "model": "bccf.settings", "fields": {"name": "PARENT_MEMBERSHIP_CATEGORY", "value": "membership-parents"}}, {"pk": 2, "model": "bccf.settings", "fields": {"name": "SERVER_EMAIL", "value": "staging_bccf@bjola.ca"}}, {"pk": 3, "model": "bccf.settings", "fields": {"name": "ADMIN_EMAIL", "value": "admin_bccf@bjola.ca"}}, {"pk": 1, "model": "south.migrationhistory", "fields": {"applied": "2013-12-03T09:24:35.936", "app_name": "shop", "migration": "0001_initial"}}, {"pk": 2, "model": "south.migrationhistory", "fields": {"applied": "2013-12-03T09:24:36.076", "app_name": "shop", "migration": "0002_auto__add_field_category_price_max__add_field_category_sale__add_field"}}, {"pk": 3, "model": "south.migrationhistory", "fields": {"applied": "2013-12-03T09:24:36.221", "app_name": "shop", "migration": "0003_auto"}}, {"pk": 4, "model": "south.migrationhistory", "fields": {"applied": "2013-12-03T09:24:36.378", "app_name": "shop", "migration": "0004_auto__del_field_product__keywords__add_field_product_site__add_field_p"}}, {"pk": 5, "model": "south.migrationhistory", "fields": {"applied": "2013-12-03T09:24:36.514", "app_name": "shop", "migration": "0005_auto__add_field_product_rating_count__add_field_product_rating_average"}}, {"pk": 6, "model": "south.migrationhistory", "fields": {"applied": "2013-12-03T09:24:36.647", "app_name": "shop", "migration": "0006_auto__chg_field_product_content__chg_field_category_content"}}, {"pk": 7, "model": "south.migrationhistory", "fields": {"applied": "2013-12-03T09:24:36.772", "app_name": "shop", "migration": "0007_auto__add_field_productimage__order"}}, {"pk": 8, "model": "south.migrationhistory", "fields": {"applied": "2013-12-03T09:24:36.906", "app_name": "shop", "migration": "0008_auto__add_field_order_transaction_id"}}, {"pk": 9, "model": "south.migrationhistory", "fields": {"applied": "2013-12-03T09:24:37.052", "app_name": "shop", "migration": "0009_auto__add_field_product_gen_description"}}, {"pk": 10, "model": "south.migrationhistory", "fields": {"applied": "2013-12-03T09:24:37.198", "app_name": "shop", "migration": "0010_auto__chg_field_product_title__chg_field_product_slug"}}, {"pk": 11, "model": "south.migrationhistory", "fields": {"applied": "2013-12-03T09:24:37.321", "app_name": "shop", "migration": "0011_auto__add_uses_remaining"}}, {"pk": 12, "model": "south.migrationhistory", "fields": {"applied": "2013-12-03T09:24:37.467", "app_name": "shop", "migration": "0012_allow_100_percent_discount"}}, {"pk": 13, "model": "south.migrationhistory", "fields": {"applied": "2013-12-03T09:24:37.612", "app_name": "shop", "migration": "0012_auto__chg_field_cart_last_updated"}}, {"pk": 14, "model": "south.migrationhistory", "fields": {"applied": "2013-12-03T09:24:37.746", "app_name": "shop", "migration": "0013_auto__chg_field_productvariation_sku__add_field_product_num_in_stock"}}, {"pk": 15, "model": "south.migrationhistory", "fields": {"applied": "2013-12-03T09:24:37.892", "app_name": "shop", "migration": "0014_stock_data"}}, {"pk": 16, "model": "south.migrationhistory", "fields": {"applied": "2013-12-03T09:24:38.026", "app_name": "shop", "migration": "0015_add_field_product_sku"}}, {"pk": 17, "model": "south.migrationhistory", "fields": {"applied": "2013-12-03T09:24:38.174", "app_name": "shop", "migration": "0016_add_field_product__meta_title"}}, {"pk": 18, "model": "south.migrationhistory", "fields": {"applied": "2013-12-03T09:24:38.308", "app_name": "shop", "migration": "0017_auto__add_field_category_featured_image"}}, {"pk": 19, "model": "south.migrationhistory", "fields": {"applied": "2013-12-03T09:24:38.454", "app_name": "shop", "migration": "0018_auto__add_field_product_in_sitemap"}}, {"pk": 20, "model": "south.migrationhistory", "fields": {"applied": "2013-12-03T09:24:38.599", "app_name": "shop", "migration": "0019_auto__add_field_order_tax_type__add_field_order_tax_total"}}, {"pk": 21, "model": "south.migrationhistory", "fields": {"applied": "2013-12-03T09:24:38.745", "app_name": "core", "migration": "0001_initial"}}, {"pk": 22, "model": "south.migrationhistory", "fields": {"applied": "2013-12-03T09:24:38.879", "app_name": "pages", "migration": "0001_initial"}}, {"pk": 23, "model": "south.migrationhistory", "fields": {"applied": "2013-12-03T09:24:39.014", "app_name": "pages", "migration": "0002_auto__del_field_page__keywords__add_field_page_keywords_string__chg_fi"}}, {"pk": 24, "model": "south.migrationhistory", "fields": {"applied": "2013-12-03T09:24:39.148", "app_name": "pages", "migration": "0003_auto__add_field_page_site"}}, {"pk": 25, "model": "south.migrationhistory", "fields": {"applied": "2013-12-03T09:24:39.282", "app_name": "pages", "migration": "0004_auto__del_contentpage__add_richtextpage"}}, {"pk": 26, "model": "south.migrationhistory", "fields": {"applied": "2013-12-03T09:24:39.417", "app_name": "pages", "migration": "0005_rename_contentpage"}}, {"pk": 27, "model": "south.migrationhistory", "fields": {"applied": "2013-12-03T09:24:39.551", "app_name": "pages", "migration": "0006_auto__add_field_page_gen_description"}}, {"pk": 28, "model": "south.migrationhistory", "fields": {"applied": "2013-12-03T09:24:39.687", "app_name": "pages", "migration": "0007_auto__chg_field_page_slug__chg_field_page_title"}}, {"pk": 29, "model": "south.migrationhistory", "fields": {"applied": "2013-12-03T09:24:39.822", "app_name": "pages", "migration": "0008_auto__add_link"}}, {"pk": 30, "model": "south.migrationhistory", "fields": {"applied": "2013-12-03T09:24:39.967", "app_name": "pages", "migration": "0009_add_field_page_in_menus"}}, {"pk": 31, "model": "south.migrationhistory", "fields": {"applied": "2013-12-03T09:24:40.124", "app_name": "pages", "migration": "0010_set_menus"}}, {"pk": 32, "model": "south.migrationhistory", "fields": {"applied": "2013-12-03T09:24:40.258", "app_name": "pages", "migration": "0011_delete_nav_flags"}}, {"pk": 33, "model": "south.migrationhistory", "fields": {"applied": "2013-12-03T09:24:40.426", "app_name": "pages", "migration": "0012_add_field_page__meta_title"}}, {"pk": 34, "model": "south.migrationhistory", "fields": {"applied": "2013-12-03T09:24:40.560", "app_name": "pages", "migration": "0013_auto__add_field_page_in_sitemap"}}, {"pk": 35, "model": "south.migrationhistory", "fields": {"applied": "2013-12-03T09:24:40.695", "app_name": "generic", "migration": "0001_initial"}}, {"pk": 36, "model": "south.migrationhistory", "fields": {"applied": "2013-12-03T09:24:40.829", "app_name": "generic", "migration": "0002_auto__add_keyword__add_assignedkeyword"}}, {"pk": 37, "model": "south.migrationhistory", "fields": {"applied": "2013-12-03T09:24:40.964", "app_name": "generic", "migration": "0003_auto__add_rating"}}, {"pk": 38, "model": "south.migrationhistory", "fields": {"applied": "2013-12-03T09:24:41.111", "app_name": "generic", "migration": "0004_auto__chg_field_rating_object_pk__chg_field_assignedkeyword_object_pk"}}, {"pk": 39, "model": "south.migrationhistory", "fields": {"applied": "2013-12-03T09:24:41.245", "app_name": "generic", "migration": "0005_keyword_site"}}, {"pk": 40, "model": "south.migrationhistory", "fields": {"applied": "2013-12-03T09:24:41.379", "app_name": "generic", "migration": "0006_move_keywords"}}, {"pk": 41, "model": "south.migrationhistory", "fields": {"applied": "2013-12-03T09:24:41.514", "app_name": "generic", "migration": "0007_auto__add_field_assignedkeyword__order"}}, {"pk": 42, "model": "south.migrationhistory", "fields": {"applied": "2013-12-03T09:24:41.649", "app_name": "generic", "migration": "0008_set_keyword_order"}}, {"pk": 43, "model": "south.migrationhistory", "fields": {"applied": "2013-12-03T09:24:41.783", "app_name": "shop", "migration": "0020_auto__add_field_product_rating_sum"}}, {"pk": 44, "model": "south.migrationhistory", "fields": {"applied": "2013-12-03T09:24:41.917", "app_name": "shop", "migration": "0021_auto__chg_field_cartitem_url"}}, {"pk": 45, "model": "south.migrationhistory", "fields": {"applied": "2013-12-03T09:24:42.052", "app_name": "shop", "migration": "0022_auto__chg_field_cartitem_description__chg_field_orderitem_description"}}, {"pk": 46, "model": "south.migrationhistory", "fields": {"applied": "2013-12-03T09:24:42.186", "app_name": "shop", "migration": "0023_auto__add_field_product_created__add_field_product_updated"}}, {"pk": 47, "model": "south.migrationhistory", "fields": {"applied": "2013-12-03T09:24:42.320", "app_name": "shop", "migration": "0024_auto__add_field_productvariation_option3__add_field_productvariation_o"}}, {"pk": 48, "model": "south.migrationhistory", "fields": {"applied": "2013-12-03T09:24:42.490", "app_name": "shop", "migration": "0025_initial"}}, {"pk": 49, "model": "south.migrationhistory", "fields": {"applied": "2013-12-03T09:24:42.679", "app_name": "conf", "migration": "0001_initial"}}, {"pk": 50, "model": "south.migrationhistory", "fields": {"applied": "2013-12-03T09:24:42.837", "app_name": "conf", "migration": "0002_auto__add_field_setting_site"}}, {"pk": 51, "model": "south.migrationhistory", "fields": {"applied": "2013-12-03T09:24:42.971", "app_name": "conf", "migration": "0003_update_site_setting"}}, {"pk": 52, "model": "south.migrationhistory", "fields": {"applied": "2013-12-03T09:24:43.105", "app_name": "conf", "migration": "0004_ssl_account_settings_rename"}}, {"pk": 53, "model": "south.migrationhistory", "fields": {"applied": "2013-12-03T09:24:43.269", "app_name": "blog", "migration": "0001_initial"}}, {"pk": 54, "model": "south.migrationhistory", "fields": {"applied": "2013-12-03T09:24:43.408", "app_name": "blog", "migration": "0002_auto"}}, {"pk": 55, "model": "south.migrationhistory", "fields": {"applied": "2013-12-03T09:24:43.542", "app_name": "blog", "migration": "0003_categories"}}, {"pk": 56, "model": "south.migrationhistory", "fields": {"applied": "2013-12-03T09:24:43.677", "app_name": "blog", "migration": "0004_auto__del_field_blogpost_category"}}, {"pk": 57, "model": "south.migrationhistory", "fields": {"applied": "2013-12-03T09:24:43.844", "app_name": "blog", "migration": "0005_auto__del_comment__add_field_blogpost_comments_count__chg_field_blogpo"}}, {"pk": 58, "model": "south.migrationhistory", "fields": {"applied": "2013-12-03T09:24:43.992", "app_name": "blog", "migration": "0006_auto__del_field_blogpost__keywords__add_field_blogpost_keywords_string"}}, {"pk": 59, "model": "south.migrationhistory", "fields": {"applied": "2013-12-03T09:24:44.126", "app_name": "core", "migration": "0002_auto__del_keyword"}}, {"pk": 60, "model": "south.migrationhistory", "fields": {"applied": "2013-12-03T09:24:44.260", "app_name": "core", "migration": "0003_auto__add_sitepermission"}}, {"pk": 61, "model": "south.migrationhistory", "fields": {"applied": "2013-12-03T09:24:44.417", "app_name": "core", "migration": "0004_set_site_permissions"}}, {"pk": 62, "model": "south.migrationhistory", "fields": {"applied": "2013-12-03T09:24:44.607", "app_name": "core", "migration": "0005_auto__chg_field_sitepermission_user__del_unique_sitepermission_user"}}, {"pk": 63, "model": "south.migrationhistory", "fields": {"applied": "2013-12-03T09:24:44.810", "app_name": "generic", "migration": "0009_auto__chg_field_keyword_title__chg_field_keyword_slug"}}, {"pk": 64, "model": "south.migrationhistory", "fields": {"applied": "2013-12-03T09:24:44.965", "app_name": "generic", "migration": "0009_auto__del_field_threadedcomment_email_hash"}}, {"pk": 65, "model": "south.migrationhistory", "fields": {"applied": "2013-12-03T09:24:45.111", "app_name": "generic", "migration": "0010_auto__chg_field_keyword_slug__chg_field_keyword_title"}}, {"pk": 66, "model": "south.migrationhistory", "fields": {"applied": "2013-12-03T09:24:45.245", "app_name": "generic", "migration": "0011_auto__add_field_threadedcomment_rating_count__add_field_threadedcommen"}}, {"pk": 67, "model": "south.migrationhistory", "fields": {"applied": "2013-12-03T09:24:45.430", "app_name": "generic", "migration": "0012_auto__add_field_rating_rating_date"}}, {"pk": 68, "model": "south.migrationhistory", "fields": {"applied": "2013-12-03T09:24:45.571", "app_name": "generic", "migration": "0013_auto__add_field_threadedcomment_rating_sum"}}, {"pk": 69, "model": "south.migrationhistory", "fields": {"applied": "2013-12-03T09:24:45.706", "app_name": "generic", "migration": "0014_auto__add_field_rating_user"}}, {"pk": 70, "model": "south.migrationhistory", "fields": {"applied": "2013-12-03T09:24:45.877", "app_name": "blog", "migration": "0007_auto__add_field_blogpost_site"}}, {"pk": 71, "model": "south.migrationhistory", "fields": {"applied": "2013-12-03T09:24:45.986", "app_name": "blog", "migration": "0008_auto__add_field_blogpost_rating_average__add_field_blogpost_rating_cou"}}, {"pk": 72, "model": "south.migrationhistory", "fields": {"applied": "2013-12-03T09:24:46.131", "app_name": "blog", "migration": "0009_auto__chg_field_blogpost_content"}}, {"pk": 73, "model": "south.migrationhistory", "fields": {"applied": "2013-12-03T09:24:46.277", "app_name": "blog", "migration": "0010_category_site_allow_comments"}}, {"pk": 74, "model": "south.migrationhistory", "fields": {"applied": "2013-12-03T09:24:46.422", "app_name": "blog", "migration": "0011_comment_site_data"}}, {"pk": 75, "model": "south.migrationhistory", "fields": {"applied": "2013-12-03T09:24:46.546", "app_name": "blog", "migration": "0012_auto__add_field_blogpost_featured_image"}}, {"pk": 76, "model": "south.migrationhistory", "fields": {"applied": "2013-12-03T09:24:46.702", "app_name": "blog", "migration": "0013_auto__chg_field_blogpost_featured_image"}}, {"pk": 77, "model": "south.migrationhistory", "fields": {"applied": "2013-12-03T09:24:46.837", "app_name": "blog", "migration": "0014_auto__add_field_blogpost_gen_description"}}, {"pk": 78, "model": "south.migrationhistory", "fields": {"applied": "2013-12-03T09:24:46.973", "app_name": "blog", "migration": "0015_auto__chg_field_blogcategory_title__chg_field_blogcategory_slug__chg_f"}}, {"pk": 79, "model": "south.migrationhistory", "fields": {"applied": "2013-12-03T09:24:47.107", "app_name": "blog", "migration": "0016_add_field_blogpost__meta_title"}}, {"pk": 80, "model": "south.migrationhistory", "fields": {"applied": "2013-12-03T09:24:47.242", "app_name": "blog", "migration": "0017_add_field_blogpost__related_posts"}}, {"pk": 81, "model": "south.migrationhistory", "fields": {"applied": "2013-12-03T09:24:47.398", "app_name": "blog", "migration": "0018_auto__add_field_blogpost_in_sitemap"}}, {"pk": 82, "model": "south.migrationhistory", "fields": {"applied": "2013-12-03T09:24:47.544", "app_name": "blog", "migration": "0019_auto__add_field_blogpost_rating_sum"}}, {"pk": 83, "model": "south.migrationhistory", "fields": {"applied": "2013-12-03T09:24:47.678", "app_name": "blog", "migration": "0020_auto__add_field_blogpost_created__add_field_blogpost_updated"}}, {"pk": 84, "model": "south.migrationhistory", "fields": {"applied": "2013-12-03T09:24:47.902", "app_name": "forms", "migration": "0001_initial"}}, {"pk": 85, "model": "south.migrationhistory", "fields": {"applied": "2013-12-03T09:24:48.114", "app_name": "forms", "migration": "0002_auto__add_field_field_placeholder_text"}}, {"pk": 86, "model": "south.migrationhistory", "fields": {"applied": "2013-12-03T09:24:48.249", "app_name": "forms", "migration": "0003_auto__chg_field_field_field_type"}}, {"pk": 87, "model": "south.migrationhistory", "fields": {"applied": "2013-12-03T09:24:48.405", "app_name": "forms", "migration": "0004_auto__chg_field_form_response__chg_field_form_content"}}, {"pk": 88, "model": "south.migrationhistory", "fields": {"applied": "2013-12-03T09:24:48.541", "app_name": "forms", "migration": "0005_auto__chg_field_fieldentry_value"}}, {"pk": 89, "model": "south.migrationhistory", "fields": {"applied": "2013-12-03T09:24:48.701", "app_name": "pages", "migration": "0014_auto__add_field_page_created__add_field_page_updated"}}, {"pk": 90, "model": "south.migrationhistory", "fields": {"applied": "2013-12-03T09:24:48.911", "app_name": "galleries", "migration": "0001_initial"}}, {"pk": 91, "model": "south.migrationhistory", "fields": {"applied": "2013-12-03T09:24:49.109", "app_name": "twitter", "migration": "0001_initial"}}, {"pk": 92, "model": "south.migrationhistory", "fields": {"applied": "2013-12-03T09:24:49.269", "app_name": "twitter", "migration": "0002_auto__chg_field_query_value"}}, {"pk": 93, "model": "south.migrationhistory", "fields": {"applied": "2013-12-03T09:24:49.492", "app_name": "bccf", "migration": "0001_initial"}}, {"pk": 94, "model": "south.migrationhistory", "fields": {"applied": "2013-12-03T09:24:49.649", "app_name": "bccf", "migration": "0002_auto__del_rating__add_userprofile"}}, {"pk": 95, "model": "south.migrationhistory", "fields": {"applied": "2013-12-03T09:24:49.783", "app_name": "bccf", "migration": "0003_auto__add_field_userprofile_membership_order"}}, {"pk": 96, "model": "south.migrationhistory", "fields": {"applied": "2013-12-03T09:24:49.940", "app_name": "bccf", "migration": "0004_auto__add_eventforprofessionals__add_eventforparents__add_settings"}}, {"pk": 97, "model": "south.migrationhistory", "fields": {"applied": "2013-12-03T09:24:50.076", "app_name": "bccf", "migration": "0005_auto__add_field_eventforprofessionals_price__add_field_eventforparents"}}, {"pk": 98, "model": "south.migrationhistory", "fields": {"applied": "2013-12-03T09:24:50.222", "app_name": "bccf", "migration": "0006_auto__add_field_eventforprofessionals_provider__add_field_eventforprof"}}, {"pk": 99, "model": "south.migrationhistory", "fields": {"applied": "2013-12-03T09:24:50.403", "app_name": "bccf", "migration": "0007_auto__add_field_userprofile_is_forum_moderator"}}, {"pk": 100, "model": "south.migrationhistory", "fields": {"applied": "2013-12-03T09:24:50.557", "app_name": "bccf", "migration": "0008_auto__add_video__add_tipsheet__add_downloadableform__add_magazine__add"}}, {"pk": 101, "model": "south.migrationhistory", "fields": {"applied": "2013-12-03T09:24:50.692", "app_name": "bccf", "migration": "0009_auto__add_field_eventforprofessionals_survey_before__add_field_eventfo"}}, {"pk": 102, "model": "south.migrationhistory", "fields": {"applied": "2013-12-03T09:24:50.848", "app_name": "bccf", "migration": "0009_initial"}}, {"pk": 103, "model": "south.migrationhistory", "fields": {"applied": "2013-12-03T09:24:50.983", "app_name": "bccf", "migration": "0010_auto__add_field_eventforprofessionals_survey_before__add_field_eventfo"}}, {"pk": 104, "model": "south.migrationhistory", "fields": {"applied": "2013-12-03T09:24:51.117", "app_name": "bccf", "migration": "0011_auto__del_field_eventforprofessionals_survey_before__del_field_eventfo"}}, {"pk": 105, "model": "south.migrationhistory", "fields": {"applied": "2013-12-03T09:24:51.252", "app_name": "bccf", "migration": "0012_auto__add_field_eventforprofessionals_survey_before__add_field_eventfo"}}, {"pk": 106, "model": "south.migrationhistory", "fields": {"applied": "2013-12-03T09:24:51.386", "app_name": "bccf", "migration": "0013_auto__del_field_video_audio_file__add_field_video_video_file__del_fiel"}}, {"pk": 107, "model": "south.migrationhistory", "fields": {"applied": "2013-12-03T09:24:51.520", "app_name": "bccf", "migration": "0014_auto__add_field_topic_content__add_field_topic_featured_image"}}, {"pk": 108, "model": "south.migrationhistory", "fields": {"applied": "2013-12-03T09:24:51.681", "app_name": "builder", "migration": "0001_initial"}}, {"pk": 109, "model": "south.migrationhistory", "fields": {"applied": "2013-12-03T09:24:51.836", "app_name": "builder", "migration": "0002_auto__del_field_formpublished_date"}}, {"pk": 110, "model": "south.migrationhistory", "fields": {"applied": "2013-12-03T09:24:51.981", "app_name": "builder", "migration": "0003_auto__add_field_question_required"}}, {"pk": 111, "model": "south.migrationhistory", "fields": {"applied": "2013-12-03T09:24:52.115", "app_name": "builder", "migration": "0004_auto__add_field_question_num_answers"}}, {"pk": 112, "model": "south.migrationhistory", "fields": {"applied": "2013-12-03T09:24:52.322", "app_name": "pybb", "migration": "0001_initial"}}, {"pk": 113, "model": "south.migrationhistory", "fields": {"applied": "2013-12-03T09:24:52.429", "app_name": "pybb", "migration": "0002_remove_avatar"}}, {"pk": 114, "model": "south.migrationhistory", "fields": {"applied": "2013-12-03T09:24:52.574", "app_name": "pybb", "migration": "0003_missing_columns"}}, {"pk": 115, "model": "south.migrationhistory", "fields": {"applied": "2013-12-03T09:24:52.709", "app_name": "pybb", "migration": "0004_fixit"}}, {"pk": 116, "model": "south.migrationhistory", "fields": {"applied": "2013-12-03T09:24:52.843", "app_name": "pybb", "migration": "0005_ToAuto"}}, {"pk": 117, "model": "south.migrationhistory", "fields": {"applied": "2013-12-03T09:24:52.989", "app_name": "pybb", "migration": "0006_autoone"}}, {"pk": 118, "model": "south.migrationhistory", "fields": {"applied": "2013-12-03T09:24:53.125", "app_name": "pybb", "migration": "0007_addavatar"}}, {"pk": 119, "model": "south.migrationhistory", "fields": {"applied": "2013-12-03T09:24:53.259", "app_name": "pybb", "migration": "0008_newreadtracking"}}, {"pk": 120, "model": "south.migrationhistory", "fields": {"applied": "2013-12-03T09:24:53.383", "app_name": "pybb", "migration": "0009_remove_last_post"}}, {"pk": 121, "model": "south.migrationhistory", "fields": {"applied": "2013-12-03T09:24:53.595", "app_name": "pybb", "migration": "0010_addhiddenoption"}}, {"pk": 122, "model": "south.migrationhistory", "fields": {"applied": "2013-12-03T09:24:53.729", "app_name": "pybb", "migration": "0011_adddefaultpermissions"}}, {"pk": 123, "model": "south.migrationhistory", "fields": {"applied": "2013-12-03T09:24:53.875", "app_name": "pybb", "migration": "0012_permission_adding"}}, {"pk": 124, "model": "south.migrationhistory", "fields": {"applied": "2013-12-03T09:24:54.009", "app_name": "pybb", "migration": "0013_abstract_profile"}}, {"pk": 125, "model": "south.migrationhistory", "fields": {"applied": "2013-12-03T09:24:54.155", "app_name": "pybb", "migration": "0014_add_topic_headline"}}, {"pk": 126, "model": "south.migrationhistory", "fields": {"applied": "2013-12-03T09:24:54.301", "app_name": "pybb", "migration": "0015_autosubscribe"}}, {"pk": 127, "model": "south.migrationhistory", "fields": {"applied": "2013-12-03T09:24:54.435", "app_name": "pybb", "migration": "0016_auto__del_field_post_markup__del_field_profile_markup"}}, {"pk": 128, "model": "south.migrationhistory", "fields": {"applied": "2013-12-03T09:24:54.649", "app_name": "pybb", "migration": "0017_add_pre_moderation"}}, {"pk": 129, "model": "south.migrationhistory", "fields": {"applied": "2013-12-03T09:24:54.806", "app_name": "pybb", "migration": "0018_add_file_attachment"}}, {"pk": 130, "model": "south.migrationhistory", "fields": {"applied": "2013-12-03T09:24:54.962", "app_name": "pybb", "migration": "0019_remove_attachment_fields"}}, {"pk": 131, "model": "south.migrationhistory", "fields": {"applied": "2013-12-03T09:24:55.097", "app_name": "pybb", "migration": "0020_auto__add_pollansweruser__add_pollanswer__add_field_topic_poll_type"}}, {"pk": 132, "model": "south.migrationhistory", "fields": {"applied": "2013-12-03T09:24:55.253", "app_name": "pybb", "migration": "0021_auto__chg_field_pollanswer_topic"}}, {"pk": 133, "model": "south.migrationhistory", "fields": {"applied": "2013-12-03T09:24:55.600", "app_name": "pybb", "migration": "0022_auto__add_field_topic_poll_question"}}, {"pk": 134, "model": "south.migrationhistory", "fields": {"applied": "2013-12-03T09:24:55.802", "app_name": "pybb", "migration": "0023_auto__add_unique_pollansweruser_poll_answer_user"}}, {"pk": 135, "model": "south.migrationhistory", "fields": {"applied": "2013-12-03T09:24:55.936", "app_name": "pybb", "migration": "0024_delete_duplicate_read_trackers"}}, {"pk": 136, "model": "south.migrationhistory", "fields": {"applied": "2013-12-03T09:24:56.094", "app_name": "pybb", "migration": "0025_auto__add_unique_topicreadtracker_topic_user__add_unique_forumreadtrac"}}, {"pk": 137, "model": "south.migrationhistory", "fields": {"applied": "2013-12-03T09:24:56.275", "app_name": "news", "migration": "0001_initial"}}, {"pk": 138, "model": "south.migrationhistory", "fields": {"applied": "2013-12-03T09:24:56.430", "app_name": "news", "migration": "0002_initial"}}, {"pk": 139, "model": "south.migrationhistory", "fields": {"applied": "2013-12-18T10:58:07.546", "app_name": "bccf", "migration": "0015_auto__add_field_userprofile_requested_cancellation"}}, {"pk": 1, "model": "pybb.category", "fields": {"position": 0, "hidden": false, "name": "Test Category"}}, {"pk": 1, "model": "news.newspost", "fields": {"status": 2, "content": "<p>blah news</p>", "updated": "2013-10-25T17:33:29.490", "login_required": false, "description": "blah news", "title": "News", "short_url": null, "created": "2013-10-25T17:33:29.490", "site": 1, "in_sitemap": true, "keywords_string": "", "_meta_title": "", "expiry_date": null, "publish_date": "2013-10-25T17:33:29.487", "featured_image": null, "in_menus": "", "slug": "news", "gen_description": true}}, {"pk": 1, "model": "auth.permission", "fields": {"codename": "add_permission", "name": "Can add permission", "content_type": 1}}, {"pk": 2, "model": "auth.permission", "fields": {"codename": "change_permission", "name": "Can change permission", "content_type": 1}}, {"pk": 3, "model": "auth.permission", "fields": {"codename": "delete_permission", "name": "Can delete permission", "content_type": 1}}, {"pk": 4, "model": "auth.permission", "fields": {"codename": "add_group", "name": "Can add group", "content_type": 2}}, {"pk": 5, "model": "auth.permission", "fields": {"codename": "change_group", "name": "Can change group", "content_type": 2}}, {"pk": 6, "model": "auth.permission", "fields": {"codename": "delete_group", "name": "Can delete group", "content_type": 2}}, {"pk": 7, "model": "auth.permission", "fields": {"codename": "add_user", "name": "Can add user", "content_type": 3}}, {"pk": 8, "model": "auth.permission", "fields": {"codename": "change_user", "name": "Can change user", "content_type": 3}}, {"pk": 9, "model": "auth.permission", "fields": {"codename": "delete_user", "name": "Can delete user", "content_type": 3}}, {"pk": 10, "model": "auth.permission", "fields": {"codename": "add_contenttype", "name": "Can add content type", "content_type": 4}}, {"pk": 11, "model": "auth.permission", "fields": {"codename": "change_contenttype", "name": "Can change content type", "content_type": 4}}, {"pk": 12, "model": "auth.permission", "fields": {"codename": "delete_contenttype", "name": "Can delete content type", "content_type": 4}}, {"pk": 13, "model": "auth.permission", "fields": {"codename": "add_redirect", "name": "Can add redirect", "content_type": 5}}, {"pk": 14, "model": "auth.permission", "fields": {"codename": "change_redirect", "name": "Can change redirect", "content_type": 5}}, {"pk": 15, "model": "auth.permission", "fields": {"codename": "delete_redirect", "name": "Can delete redirect", "content_type": 5}}, {"pk": 16, "model": "auth.permission", "fields": {"codename": "add_session", "name": "Can add session", "content_type": 6}}, {"pk": 17, "model": "auth.permission", "fields": {"codename": "change_session", "name": "Can change session", "content_type": 6}}, {"pk": 18, "model": "auth.permission", "fields": {"codename": "delete_session", "name": "Can delete session", "content_type": 6}}, {"pk": 19, "model": "auth.permission", "fields": {"codename": "add_site", "name": "Can add site", "content_type": 7}}, {"pk": 20, "model": "auth.permission", "fields": {"codename": "change_site", "name": "Can change site", "content_type": 7}}, {"pk": 21, "model": "auth.permission", "fields": {"codename": "delete_site", "name": "Can delete site", "content_type": 7}}, {"pk": 22, "model": "auth.permission", "fields": {"codename": "add_migrationhistory", "name": "Can add migration history", "content_type": 8}}, {"pk": 23, "model": "auth.permission", "fields": {"codename": "change_migrationhistory", "name": "Can change migration history", "content_type": 8}}, {"pk": 24, "model": "auth.permission", "fields": {"codename": "delete_migrationhistory", "name": "Can delete migration history", "content_type": 8}}, {"pk": 25, "model": "auth.permission", "fields": {"codename": "add_logentry", "name": "Can add log entry", "content_type": 9}}, {"pk": 26, "model": "auth.permission", "fields": {"codename": "change_logentry", "name": "Can change log entry", "content_type": 9}}, {"pk": 27, "model": "auth.permission", "fields": {"codename": "delete_logentry", "name": "Can delete log entry", "content_type": 9}}, {"pk": 28, "model": "auth.permission", "fields": {"codename": "add_comment", "name": "Can add comment", "content_type": 10}}, {"pk": 29, "model": "auth.permission", "fields": {"codename": "change_comment", "name": "Can change comment", "content_type": 10}}, {"pk": 30, "model": "auth.permission", "fields": {"codename": "delete_comment", "name": "Can delete comment", "content_type": 10}}, {"pk": 31, "model": "auth.permission", "fields": {"codename": "can_moderate", "name": "Can moderate comments", "content_type": 10}}, {"pk": 32, "model": "auth.permission", "fields": {"codename": "add_commentflag", "name": "Can add comment flag", "content_type": 11}}, {"pk": 33, "model": "auth.permission", "fields": {"codename": "change_commentflag", "name": "Can change comment flag", "content_type": 11}}, {"pk": 34, "model": "auth.permission", "fields": {"codename": "delete_commentflag", "name": "Can delete comment flag", "content_type": 11}}, {"pk": 35, "model": "auth.permission", "fields": {"codename": "add_setting", "name": "Can add Setting", "content_type": 12}}, {"pk": 36, "model": "auth.permission", "fields": {"codename": "change_setting", "name": "Can change Setting", "content_type": 12}}, {"pk": 37, "model": "auth.permission", "fields": {"codename": "delete_setting", "name": "Can delete Setting", "content_type": 12}}, {"pk": 38, "model": "auth.permission", "fields": {"codename": "add_sitepermission", "name": "Can add Site permission", "content_type": 13}}, {"pk": 39, "model": "auth.permission", "fields": {"codename": "change_sitepermission", "name": "Can change Site permission", "content_type": 13}}, {"pk": 40, "model": "auth.permission", "fields": {"codename": "delete_sitepermission", "name": "Can delete Site permission", "content_type": 13}}, {"pk": 41, "model": "auth.permission", "fields": {"codename": "add_page", "name": "Can add Page", "content_type": 14}}, {"pk": 42, "model": "auth.permission", "fields": {"codename": "change_page", "name": "Can change Page", "content_type": 14}}, {"pk": 43, "model": "auth.permission", "fields": {"codename": "delete_page", "name": "Can delete Page", "content_type": 14}}, {"pk": 44, "model": "auth.permission", "fields": {"codename": "add_richtextpage", "name": "Can add Rich text page", "content_type": 15}}, {"pk": 45, "model": "auth.permission", "fields": {"codename": "change_richtextpage", "name": "Can change Rich text page", "content_type": 15}}, {"pk": 46, "model": "auth.permission", "fields": {"codename": "delete_richtextpage", "name": "Can delete Rich text page", "content_type": 15}}, {"pk": 47, "model": "auth.permission", "fields": {"codename": "add_link", "name": "Can add Link", "content_type": 16}}, {"pk": 48, "model": "auth.permission", "fields": {"codename": "change_link", "name": "Can change Link", "content_type": 16}}, {"pk": 49, "model": "auth.permission", "fields": {"codename": "delete_link", "name": "Can delete Link", "content_type": 16}}, {"pk": 50, "model": "auth.permission", "fields": {"codename": "add_blogpost", "name": "Can add Blog post", "content_type": 17}}, {"pk": 51, "model": "auth.permission", "fields": {"codename": "change_blogpost", "name": "Can change Blog post", "content_type": 17}}, {"pk": 52, "model": "auth.permission", "fields": {"codename": "delete_blogpost", "name": "Can delete Blog post", "content_type": 17}}, {"pk": 53, "model": "auth.permission", "fields": {"codename": "add_blogcategory", "name": "Can add Blog Category", "content_type": 18}}, {"pk": 54, "model": "auth.permission", "fields": {"codename": "change_blogcategory", "name": "Can change Blog Category", "content_type": 18}}, {"pk": 55, "model": "auth.permission", "fields": {"codename": "delete_blogcategory", "name": "Can delete Blog Category", "content_type": 18}}, {"pk": 56, "model": "auth.permission", "fields": {"codename": "add_threadedcomment", "name": "Can add Comment", "content_type": 19}}, {"pk": 57, "model": "auth.permission", "fields": {"codename": "change_threadedcomment", "name": "Can change Comment", "content_type": 19}}, {"pk": 58, "model": "auth.permission", "fields": {"codename": "delete_threadedcomment", "name": "Can delete Comment", "content_type": 19}}, {"pk": 59, "model": "auth.permission", "fields": {"codename": "add_keyword", "name": "Can add Keyword", "content_type": 20}}, {"pk": 60, "model": "auth.permission", "fields": {"codename": "change_keyword", "name": "Can change Keyword", "content_type": 20}}, {"pk": 61, "model": "auth.permission", "fields": {"codename": "delete_keyword", "name": "Can delete Keyword", "content_type": 20}}, {"pk": 62, "model": "auth.permission", "fields": {"codename": "add_assignedkeyword", "name": "Can add assigned keyword", "content_type": 21}}, {"pk": 63, "model": "auth.permission", "fields": {"codename": "change_assignedkeyword", "name": "Can change assigned keyword", "content_type": 21}}, {"pk": 64, "model": "auth.permission", "fields": {"codename": "delete_assignedkeyword", "name": "Can delete assigned keyword", "content_type": 21}}, {"pk": 65, "model": "auth.permission", "fields": {"codename": "add_rating", "name": "Can add Rating", "content_type": 22}}, {"pk": 66, "model": "auth.permission", "fields": {"codename": "change_rating", "name": "Can change Rating", "content_type": 22}}, {"pk": 67, "model": "auth.permission", "fields": {"codename": "delete_rating", "name": "Can delete Rating", "content_type": 22}}, {"pk": 68, "model": "auth.permission", "fields": {"codename": "add_form", "name": "Can add Form", "content_type": 23}}, {"pk": 69, "model": "auth.permission", "fields": {"codename": "change_form", "name": "Can change Form", "content_type": 23}}, {"pk": 70, "model": "auth.permission", "fields": {"codename": "delete_form", "name": "Can delete Form", "content_type": 23}}, {"pk": 71, "model": "auth.permission", "fields": {"codename": "add_field", "name": "Can add Field", "content_type": 24}}, {"pk": 72, "model": "auth.permission", "fields": {"codename": "change_field", "name": "Can change Field", "content_type": 24}}, {"pk": 73, "model": "auth.permission", "fields": {"codename": "delete_field", "name": "Can delete Field", "content_type": 24}}, {"pk": 74, "model": "auth.permission", "fields": {"codename": "add_formentry", "name": "Can add Form entry", "content_type": 25}}, {"pk": 75, "model": "auth.permission", "fields": {"codename": "change_formentry", "name": "Can change Form entry", "content_type": 25}}, {"pk": 76, "model": "auth.permission", "fields": {"codename": "delete_formentry", "name": "Can delete Form entry", "content_type": 25}}, {"pk": 77, "model": "auth.permission", "fields": {"codename": "add_fieldentry", "name": "Can add Form field entry", "content_type": 26}}, {"pk": 78, "model": "auth.permission", "fields": {"codename": "change_fieldentry", "name": "Can change Form field entry", "content_type": 26}}, {"pk": 79, "model": "auth.permission", "fields": {"codename": "delete_fieldentry", "name": "Can delete Form field entry", "content_type": 26}}, {"pk": 80, "model": "auth.permission", "fields": {"codename": "add_gallery", "name": "Can add Gallery", "content_type": 27}}, {"pk": 81, "model": "auth.permission", "fields": {"codename": "change_gallery", "name": "Can change Gallery", "content_type": 27}}, {"pk": 82, "model": "auth.permission", "fields": {"codename": "delete_gallery", "name": "Can delete Gallery", "content_type": 27}}, {"pk": 83, "model": "auth.permission", "fields": {"codename": "add_galleryimage", "name": "Can add Image", "content_type": 28}}, {"pk": 84, "model": "auth.permission", "fields": {"codename": "change_galleryimage", "name": "Can change Image", "content_type": 28}}, {"pk": 85, "model": "auth.permission", "fields": {"codename": "delete_galleryimage", "name": "Can delete Image", "content_type": 28}}, {"pk": 86, "model": "auth.permission", "fields": {"codename": "add_query", "name": "Can add Twitter query", "content_type": 29}}, {"pk": 87, "model": "auth.permission", "fields": {"codename": "change_query", "name": "Can change Twitter query", "content_type": 29}}, {"pk": 88, "model": "auth.permission", "fields": {"codename": "delete_query", "name": "Can delete Twitter query", "content_type": 29}}, {"pk": 89, "model": "auth.permission", "fields": {"codename": "add_tweet", "name": "Can add Tweet", "content_type": 30}}, {"pk": 90, "model": "auth.permission", "fields": {"codename": "change_tweet", "name": "Can change Tweet", "content_type": 30}}, {"pk": 91, "model": "auth.permission", "fields": {"codename": "delete_tweet", "name": "Can delete Tweet", "content_type": 30}}, {"pk": 92, "model": "auth.permission", "fields": {"codename": "add_topic", "name": "Can add topic", "content_type": 31}}, {"pk": 93, "model": "auth.permission", "fields": {"codename": "change_topic", "name": "Can change topic", "content_type": 31}}, {"pk": 94, "model": "auth.permission", "fields": {"codename": "delete_topic", "name": "Can delete topic", "content_type": 31}}, {"pk": 95, "model": "auth.permission", "fields": {"codename": "add_topiclink", "name": "Can add topic link", "content_type": 32}}, {"pk": 96, "model": "auth.permission", "fields": {"codename": "change_topiclink", "name": "Can change topic link", "content_type": 32}}, {"pk": 97, "model": "auth.permission", "fields": {"codename": "delete_topiclink", "name": "Can delete topic link", "content_type": 32}}, {"pk": 98, "model": "auth.permission", "fields": {"codename": "change_richtextpage", "name": "Can change Rich text page", "content_type": 33}}, {"pk": 99, "model": "auth.permission", "fields": {"codename": "delete_richtextpage", "name": "Can delete Rich text page", "content_type": 33}}, {"pk": 100, "model": "auth.permission", "fields": {"codename": "add_link", "name": "Can add Link", "content_type": 34}}, {"pk": 101, "model": "auth.permission", "fields": {"codename": "add_product", "name": "Can add Product", "content_type": 34}}, {"pk": 102, "model": "auth.permission", "fields": {"codename": "change_product", "name": "Can change Product", "content_type": 34}}, {"pk": 103, "model": "auth.permission", "fields": {"codename": "delete_product", "name": "Can delete Product", "content_type": 34}}, {"pk": 104, "model": "auth.permission", "fields": {"codename": "add_productimage", "name": "Can add Image", "content_type": 35}}, {"pk": 105, "model": "auth.permission", "fields": {"codename": "change_productimage", "name": "Can change Image", "content_type": 35}}, {"pk": 106, "model": "auth.permission", "fields": {"codename": "delete_productimage", "name": "Can delete Image", "content_type": 35}}, {"pk": 107, "model": "auth.permission", "fields": {"codename": "add_productoption", "name": "Can add Product option", "content_type": 36}}, {"pk": 108, "model": "auth.permission", "fields": {"codename": "change_productoption", "name": "Can change Product option", "content_type": 36}}, {"pk": 109, "model": "auth.permission", "fields": {"codename": "delete_productoption", "name": "Can delete Product option", "content_type": 36}}, {"pk": 110, "model": "auth.permission", "fields": {"codename": "add_productvariation", "name": "Can add product variation", "content_type": 37}}, {"pk": 111, "model": "auth.permission", "fields": {"codename": "change_productvariation", "name": "Can change product variation", "content_type": 37}}, {"pk": 112, "model": "auth.permission", "fields": {"codename": "delete_productvariation", "name": "Can delete product variation", "content_type": 37}}, {"pk": 113, "model": "auth.permission", "fields": {"codename": "add_category", "name": "Can add Product category", "content_type": 38}}, {"pk": 114, "model": "auth.permission", "fields": {"codename": "change_category", "name": "Can change Product category", "content_type": 38}}, {"pk": 115, "model": "auth.permission", "fields": {"codename": "delete_category", "name": "Can delete Product category", "content_type": 38}}, {"pk": 116, "model": "auth.permission", "fields": {"codename": "add_order", "name": "Can add Order", "content_type": 39}}, {"pk": 117, "model": "auth.permission", "fields": {"codename": "change_order", "name": "Can change Order", "content_type": 39}}, {"pk": 118, "model": "auth.permission", "fields": {"codename": "delete_order", "name": "Can delete Order", "content_type": 39}}, {"pk": 119, "model": "auth.permission", "fields": {"codename": "add_cart", "name": "Can add cart", "content_type": 40}}, {"pk": 120, "model": "auth.permission", "fields": {"codename": "change_cart", "name": "Can change cart", "content_type": 40}}, {"pk": 121, "model": "auth.permission", "fields": {"codename": "delete_cart", "name": "Can delete cart", "content_type": 40}}, {"pk": 122, "model": "auth.permission", "fields": {"codename": "add_cartitem", "name": "Can add cart item", "content_type": 41}}, {"pk": 123, "model": "auth.permission", "fields": {"codename": "change_cartitem", "name": "Can change cart item", "content_type": 41}}, {"pk": 124, "model": "auth.permission", "fields": {"codename": "delete_cartitem", "name": "Can delete cart item", "content_type": 41}}, {"pk": 125, "model": "auth.permission", "fields": {"codename": "add_orderitem", "name": "Can add order item", "content_type": 42}}, {"pk": 126, "model": "auth.permission", "fields": {"codename": "change_orderitem", "name": "Can change order item", "content_type": 42}}, {"pk": 127, "model": "auth.permission", "fields": {"codename": "delete_orderitem", "name": "Can delete order item", "content_type": 42}}, {"pk": 128, "model": "auth.permission", "fields": {"codename": "add_productaction", "name": "Can add product action", "content_type": 43}}, {"pk": 129, "model": "auth.permission", "fields": {"codename": "change_productaction", "name": "Can change product action", "content_type": 43}}, {"pk": 130, "model": "auth.permission", "fields": {"codename": "delete_productaction", "name": "Can delete product action", "content_type": 43}}, {"pk": 131, "model": "auth.permission", "fields": {"codename": "add_sale", "name": "Can add Sale", "content_type": 44}}, {"pk": 132, "model": "auth.permission", "fields": {"codename": "change_sale", "name": "Can change Sale", "content_type": 44}}, {"pk": 133, "model": "auth.permission", "fields": {"codename": "delete_sale", "name": "Can delete Sale", "content_type": 44}}, {"pk": 134, "model": "auth.permission", "fields": {"codename": "add_discountcode", "name": "Can add Discount code", "content_type": 45}}, {"pk": 135, "model": "auth.permission", "fields": {"codename": "change_discountcode", "name": "Can change Discount code", "content_type": 45}}, {"pk": 136, "model": "auth.permission", "fields": {"codename": "delete_discountcode", "name": "Can delete Discount code", "content_type": 45}}, {"pk": 137, "model": "auth.permission", "fields": {"codename": "add_userprofile", "name": "Can add user profile", "content_type": 46}}, {"pk": 138, "model": "auth.permission", "fields": {"codename": "change_userprofile", "name": "Can change user profile", "content_type": 46}}, {"pk": 139, "model": "auth.permission", "fields": {"codename": "delete_userprofile", "name": "Can delete user profile", "content_type": 46}}, {"pk": 140, "model": "auth.permission", "fields": {"codename": "add_eventforparents", "name": "Can add Event for Parents", "content_type": 47}}, {"pk": 141, "model": "auth.permission", "fields": {"codename": "change_eventforparents", "name": "Can change Event for Parents", "content_type": 47}}, {"pk": 142, "model": "auth.permission", "fields": {"codename": "delete_eventforparents", "name": "Can delete Event for Parents", "content_type": 47}}, {"pk": 143, "model": "auth.permission", "fields": {"codename": "add_eventforprofessionals", "name": "Can add Event for Professionals", "content_type": 48}}, {"pk": 144, "model": "auth.permission", "fields": {"codename": "change_eventforprofessionals", "name": "Can change Event for Professionals", "content_type": 48}}, {"pk": 145, "model": "auth.permission", "fields": {"codename": "delete_eventforprofessionals", "name": "Can delete Event for Professionals", "content_type": 48}}, {"pk": 146, "model": "auth.permission", "fields": {"codename": "add_settings", "name": "Can add settings", "content_type": 49}}, {"pk": 147, "model": "auth.permission", "fields": {"codename": "change_settings", "name": "Can change settings", "content_type": 49}}, {"pk": 148, "model": "auth.permission", "fields": {"codename": "delete_settings", "name": "Can delete settings", "content_type": 49}}, {"pk": 149, "model": "auth.permission", "fields": {"codename": "add_parentcategory", "name": "Can add category (iTunes parent)", "content_type": 50}}, {"pk": 150, "model": "auth.permission", "fields": {"codename": "change_parentcategory", "name": "Can change category (iTunes parent)", "content_type": 50}}, {"pk": 151, "model": "auth.permission", "fields": {"codename": "delete_parentcategory", "name": "Can delete category (iTunes parent)", "content_type": 50}}, {"pk": 152, "model": "auth.permission", "fields": {"codename": "add_childcategory", "name": "Can add category (iTunes child)", "content_type": 51}}, {"pk": 153, "model": "auth.permission", "fields": {"codename": "change_childcategory", "name": "Can change category (iTunes child)", "content_type": 51}}, {"pk": 154, "model": "auth.permission", "fields": {"codename": "delete_childcategory", "name": "Can delete category (iTunes child)", "content_type": 51}}, {"pk": 155, "model": "auth.permission", "fields": {"codename": "add_show", "name": "Can add show", "content_type": 52}}, {"pk": 156, "model": "auth.permission", "fields": {"codename": "change_show", "name": "Can change show", "content_type": 52}}, {"pk": 157, "model": "auth.permission", "fields": {"codename": "delete_show", "name": "Can delete show", "content_type": 52}}, {"pk": 158, "model": "auth.permission", "fields": {"codename": "add_mediacategory", "name": "Can add category (Media RSS)", "content_type": 53}}, {"pk": 159, "model": "auth.permission", "fields": {"codename": "change_mediacategory", "name": "Can change category (Media RSS)", "content_type": 53}}, {"pk": 160, "model": "auth.permission", "fields": {"codename": "delete_mediacategory", "name": "Can delete category (Media RSS)", "content_type": 53}}, {"pk": 161, "model": "auth.permission", "fields": {"codename": "add_episode", "name": "Can add episode", "content_type": 54}}, {"pk": 162, "model": "auth.permission", "fields": {"codename": "change_episode", "name": "Can change episode", "content_type": 54}}, {"pk": 163, "model": "auth.permission", "fields": {"codename": "delete_episode", "name": "Can delete episode", "content_type": 54}}, {"pk": 164, "model": "auth.permission", "fields": {"codename": "add_enclosure", "name": "Can add enclosure", "content_type": 55}}, {"pk": 165, "model": "auth.permission", "fields": {"codename": "change_enclosure", "name": "Can change enclosure", "content_type": 55}}, {"pk": 166, "model": "auth.permission", "fields": {"codename": "delete_enclosure", "name": "Can delete enclosure", "content_type": 55}}, {"pk": 167, "model": "auth.permission", "fields": {"codename": "add_organization", "name": "Can add organization", "content_type": 56}}, {"pk": 168, "model": "auth.permission", "fields": {"codename": "change_organization", "name": "Can change organization", "content_type": 56}}, {"pk": 169, "model": "auth.permission", "fields": {"codename": "delete_organization", "name": "Can delete organization", "content_type": 56}}, {"pk": 170, "model": "auth.permission", "fields": {"codename": "add_license", "name": "Can add license", "content_type": 57}}, {"pk": 171, "model": "auth.permission", "fields": {"codename": "change_license", "name": "Can change license", "content_type": 57}}, {"pk": 172, "model": "auth.permission", "fields": {"codename": "delete_license", "name": "Can delete license", "content_type": 57}}, {"pk": 173, "model": "auth.permission", "fields": {"codename": "add_show", "name": "Can add Show", "content_type": 58}}, {"pk": 174, "model": "auth.permission", "fields": {"codename": "change_show", "name": "Can change Show", "content_type": 58}}, {"pk": 175, "model": "auth.permission", "fields": {"codename": "delete_show", "name": "Can delete Show", "content_type": 58}}, {"pk": 176, "model": "auth.permission", "fields": {"codename": "add_episode", "name": "Can add Episode", "content_type": 59}}, {"pk": 177, "model": "auth.permission", "fields": {"codename": "change_episode", "name": "Can change Episode", "content_type": 59}}, {"pk": 178, "model": "auth.permission", "fields": {"codename": "delete_episode", "name": "Can delete Episode", "content_type": 59}}, {"pk": 179, "model": "auth.permission", "fields": {"codename": "add_enclosure", "name": "Can add Enclosure", "content_type": 60}}, {"pk": 180, "model": "auth.permission", "fields": {"codename": "change_enclosure", "name": "Can change Enclosure", "content_type": 60}}, {"pk": 181, "model": "auth.permission", "fields": {"codename": "delete_enclosure", "name": "Can delete Enclosure", "content_type": 60}}, {"pk": 182, "model": "auth.permission", "fields": {"codename": "add_video", "name": "Can add video", "content_type": 61}}, {"pk": 183, "model": "auth.permission", "fields": {"codename": "change_video", "name": "Can change video", "content_type": 61}}, {"pk": 184, "model": "auth.permission", "fields": {"codename": "delete_video", "name": "Can delete video", "content_type": 61}}, {"pk": 185, "model": "auth.permission", "fields": {"codename": "add_category", "name": "Can add Category", "content_type": 63}}, {"pk": 186, "model": "auth.permission", "fields": {"codename": "change_category", "name": "Can change Category", "content_type": 63}}, {"pk": 187, "model": "auth.permission", "fields": {"codename": "delete_category", "name": "Can delete Category", "content_type": 63}}, {"pk": 188, "model": "auth.permission", "fields": {"codename": "add_forum", "name": "Can add Forum", "content_type": 64}}, {"pk": 189, "model": "auth.permission", "fields": {"codename": "change_forum", "name": "Can change Forum", "content_type": 64}}, {"pk": 190, "model": "auth.permission", "fields": {"codename": "delete_forum", "name": "Can delete Forum", "content_type": 64}}, {"pk": 191, "model": "auth.permission", "fields": {"codename": "add_topic", "name": "Can add Topic", "content_type": 65}}, {"pk": 192, "model": "auth.permission", "fields": {"codename": "change_topic", "name": "Can change Topic", "content_type": 65}}, {"pk": 193, "model": "auth.permission", "fields": {"codename": "delete_topic", "name": "Can delete Topic", "content_type": 65}}, {"pk": 194, "model": "auth.permission", "fields": {"codename": "add_post", "name": "Can add Post", "content_type": 66}}, {"pk": 195, "model": "auth.permission", "fields": {"codename": "change_post", "name": "Can change Post", "content_type": 66}}, {"pk": 196, "model": "auth.permission", "fields": {"codename": "delete_post", "name": "Can delete Post", "content_type": 66}}, {"pk": 197, "model": "auth.permission", "fields": {"codename": "add_reputation", "name": "Can add Reputation", "content_type": 67}}, {"pk": 198, "model": "auth.permission", "fields": {"codename": "change_reputation", "name": "Can change Reputation", "content_type": 67}}, {"pk": 199, "model": "auth.permission", "fields": {"codename": "delete_reputation", "name": "Can delete Reputation", "content_type": 67}}, {"pk": 200, "model": "auth.permission", "fields": {"codename": "add_profile", "name": "Can add Profile", "content_type": 68}}, {"pk": 201, "model": "auth.permission", "fields": {"codename": "change_profile", "name": "Can change Profile", "content_type": 68}}, {"pk": 202, "model": "auth.permission", "fields": {"codename": "delete_profile", "name": "Can delete Profile", "content_type": 68}}, {"pk": 203, "model": "auth.permission", "fields": {"codename": "add_posttracking", "name": "Can add Post tracking", "content_type": 69}}, {"pk": 204, "model": "auth.permission", "fields": {"codename": "change_posttracking", "name": "Can change Post tracking", "content_type": 69}}, {"pk": 205, "model": "auth.permission", "fields": {"codename": "delete_posttracking", "name": "Can delete Post tracking", "content_type": 69}}, {"pk": 206, "model": "auth.permission", "fields": {"codename": "add_report", "name": "Can add Report", "content_type": 70}}, {"pk": 207, "model": "auth.permission", "fields": {"codename": "change_report", "name": "Can change Report", "content_type": 70}}, {"pk": 208, "model": "auth.permission", "fields": {"codename": "delete_report", "name": "Can delete Report", "content_type": 70}}, {"pk": 209, "model": "auth.permission", "fields": {"codename": "add_ban", "name": "Can add Ban", "content_type": 71}}, {"pk": 210, "model": "auth.permission", "fields": {"codename": "change_ban", "name": "Can change Ban", "content_type": 71}}, {"pk": 211, "model": "auth.permission", "fields": {"codename": "delete_ban", "name": "Can delete Ban", "content_type": 71}}, {"pk": 212, "model": "auth.permission", "fields": {"codename": "add_attachment", "name": "Can add attachment", "content_type": 72}}, {"pk": 213, "model": "auth.permission", "fields": {"codename": "change_attachment", "name": "Can change attachment", "content_type": 72}}, {"pk": 214, "model": "auth.permission", "fields": {"codename": "delete_attachment", "name": "Can delete attachment", "content_type": 72}}, {"pk": 215, "model": "auth.permission", "fields": {"codename": "add_poll", "name": "Can add poll", "content_type": 73}}, {"pk": 216, "model": "auth.permission", "fields": {"codename": "change_poll", "name": "Can change poll", "content_type": 73}}, {"pk": 217, "model": "auth.permission", "fields": {"codename": "delete_poll", "name": "Can delete poll", "content_type": 73}}, {"pk": 218, "model": "auth.permission", "fields": {"codename": "add_pollchoice", "name": "Can add poll choice", "content_type": 74}}, {"pk": 219, "model": "auth.permission", "fields": {"codename": "change_pollchoice", "name": "Can change poll choice", "content_type": 74}}, {"pk": 220, "model": "auth.permission", "fields": {"codename": "delete_pollchoice", "name": "Can delete poll choice", "content_type": 74}}, {"pk": 221, "model": "auth.permission", "fields": {"codename": "add_category", "name": "Can add Category", "content_type": 75}}, {"pk": 222, "model": "auth.permission", "fields": {"codename": "change_category", "name": "Can change Category", "content_type": 75}}, {"pk": 223, "model": "auth.permission", "fields": {"codename": "delete_category", "name": "Can delete Category", "content_type": 75}}, {"pk": 224, "model": "auth.permission", "fields": {"codename": "add_forum", "name": "Can add Forum", "content_type": 76}}, {"pk": 225, "model": "auth.permission", "fields": {"codename": "change_forum", "name": "Can change Forum", "content_type": 76}}, {"pk": 226, "model": "auth.permission", "fields": {"codename": "delete_forum", "name": "Can delete Forum", "content_type": 76}}, {"pk": 227, "model": "auth.permission", "fields": {"codename": "add_topic", "name": "Can add Topic", "content_type": 77}}, {"pk": 228, "model": "auth.permission", "fields": {"codename": "change_topic", "name": "Can change Topic", "content_type": 77}}, {"pk": 229, "model": "auth.permission", "fields": {"codename": "delete_topic", "name": "Can delete Topic", "content_type": 77}}, {"pk": 230, "model": "auth.permission", "fields": {"codename": "add_post", "name": "Can add Post", "content_type": 78}}, {"pk": 231, "model": "auth.permission", "fields": {"codename": "change_post", "name": "Can change Post", "content_type": 78}}, {"pk": 232, "model": "auth.permission", "fields": {"codename": "delete_post", "name": "Can delete Post", "content_type": 78}}, {"pk": 233, "model": "auth.permission", "fields": {"codename": "add_profile", "name": "Can add Profile", "content_type": 79}}, {"pk": 234, "model": "auth.permission", "fields": {"codename": "change_profile", "name": "Can change Profile", "content_type": 79}}, {"pk": 235, "model": "auth.permission", "fields": {"codename": "delete_profile", "name": "Can delete Profile", "content_type": 79}}, {"pk": 236, "model": "auth.permission", "fields": {"codename": "add_attachment", "name": "Can add Attachment", "content_type": 80}}, {"pk": 237, "model": "auth.permission", "fields": {"codename": "change_attachment", "name": "Can change Attachment", "content_type": 80}}, {"pk": 238, "model": "auth.permission", "fields": {"codename": "delete_attachment", "name": "Can delete Attachment", "content_type": 80}}, {"pk": 239, "model": "auth.permission", "fields": {"codename": "add_topicreadtracker", "name": "Can add Topic read tracker", "content_type": 81}}, {"pk": 240, "model": "auth.permission", "fields": {"codename": "change_topicreadtracker", "name": "Can change Topic read tracker", "content_type": 81}}, {"pk": 241, "model": "auth.permission", "fields": {"codename": "delete_topicreadtracker", "name": "Can delete Topic read tracker", "content_type": 81}}, {"pk": 242, "model": "auth.permission", "fields": {"codename": "add_forumreadtracker", "name": "Can add Forum read tracker", "content_type": 82}}, {"pk": 243, "model": "auth.permission", "fields": {"codename": "change_forumreadtracker", "name": "Can change Forum read tracker", "content_type": 82}}, {"pk": 244, "model": "auth.permission", "fields": {"codename": "delete_forumreadtracker", "name": "Can delete Forum read tracker", "content_type": 82}}, {"pk": 245, "model": "auth.permission", "fields": {"codename": "add_pollanswer", "name": "Can add Poll answer", "content_type": 83}}, {"pk": 246, "model": "auth.permission", "fields": {"codename": "change_pollanswer", "name": "Can change Poll answer", "content_type": 83}}, {"pk": 247, "model": "auth.permission", "fields": {"codename": "delete_pollanswer", "name": "Can delete Poll answer", "content_type": 83}}, {"pk": 248, "model": "auth.permission", "fields": {"codename": "add_pollansweruser", "name": "Can add Poll answer user", "content_type": 84}}, {"pk": 249, "model": "auth.permission", "fields": {"codename": "change_pollansweruser", "name": "Can change Poll answer user", "content_type": 84}}, {"pk": 250, "model": "auth.permission", "fields": {"codename": "delete_pollansweruser", "name": "Can delete Poll answer user", "content_type": 84}}, {"pk": 251, "model": "auth.permission", "fields": {"codename": "add_dummytable", "name": "Can add dummy table", "content_type": 85}}, {"pk": 252, "model": "auth.permission", "fields": {"codename": "change_dummytable", "name": "Can change dummy table", "content_type": 85}}, {"pk": 253, "model": "auth.permission", "fields": {"codename": "delete_dummytable", "name": "Can delete dummy table", "content_type": 85}}, {"pk": 254, "model": "auth.permission", "fields": {"codename": "add_newspost", "name": "Can add news post", "content_type": 62}}, {"pk": 255, "model": "auth.permission", "fields": {"codename": "change_newspost", "name": "Can change news post", "content_type": 62}}, {"pk": 256, "model": "auth.permission", "fields": {"codename": "delete_newspost", "name": "Can delete news post", "content_type": 62}}, {"pk": 1, "model": "auth.user", "fields": {"username": "admin", "first_name": "Foo", "last_name": "Bar", "is_active": true, "is_superuser": true, "is_staff": true, "last_login": "2013-12-18T13:10:53.758", "groups": [], "user_permissions": [], "password": "pbkdf2_sha256$10000$srX898JhqS0p$DSdjq7r9hSy0lyVQlOWMYgtAX0yTtyZj8jvPu9LVNhQ=", "email": "admin@admin.ad", "date_joined": "2013-10-15T18:35:44"}}, {"pk": 2, "model": "auth.user", "fields": {"username": "test01", "first_name": "Test01", "last_name": "Tester", "is_active": true, "is_superuser": false, "is_staff": false, "last_login": "2013-12-18T10:57:10.594", "groups": [], "user_permissions": [], "password": "pbkdf2_sha256$10000$U2Gu6XUylpa3$3wC+DApA60s6p8svczcGRdFc9M8LfZFqzBXqihjLyYQ=", "email": "test01@bjola.ca", "date_joined": "2013-10-23T18:41:45.542"}}, {"pk": 3, "model": "auth.user", "fields": {"username": "test02", "first_name": "test02", "last_name": "Tester", "is_active": true, "is_superuser": false, "is_staff": false, "last_login": "2013-12-10T16:01:29.658", "groups": [], "user_permissions": [], "password": "pbkdf2_sha256$10000$qFfifqKOXaMk$XzhOHPcS/0MGq8hQKCzmZtOT3+0gXfhRgjxjwhiqtAE=", "email": "test02@bjola.ca", "date_joined": "2013-10-23T22:26:43.066"}}, {"pk": 4, "model": "auth.user", "fields": {"username": "test03", "first_name": "Test03", "last_name": "Tester", "is_active": true, "is_superuser": false, "is_staff": false, "last_login": "2013-10-23T23:00:15.139", "groups": [], "user_permissions": [], "password": "pbkdf2_sha256$10000$ddLyxxBH8EZg$ASUA5cuKzTxDtiU9fvMukSiSiNxhs9cTWgOBcSQBEVo=", "email": "test03@bjola.ca", "date_joined": "2013-10-23T22:48:58.971"}}, {"pk": 5, "model": "auth.user", "fields": {"username": "test04", "first_name": "Test04", "last_name": "Tester", "is_active": true, "is_superuser": false, "is_staff": false, "last_login": "2013-10-24T20:09:38.744", "groups": [], "user_permissions": [], "password": "pbkdf2_sha256$10000$eLdoZdsNFtaK$jF4aN500OAyGRqvMWHLnLZBEENF+hcYPcSu4L67cj/4=", "email": "test04@bjola.ca", "date_joined": "2013-10-24T20:09:37.881"}}, {"pk": 6, "model": "auth.user", "fields": {"username": "test11", "first_name": "Test11", "last_name": "Tester", "is_active": true, "is_superuser": false, "is_staff": false, "last_login": "2013-12-03T16:12:54.454", "groups": [], "user_permissions": [], "password": "pbkdf2_sha256$10000$8Tsih6NQMOVU$Py/oC3jkR0igS7pPbfqTZiJGKYTnIIDYDsMHRGz16JU=", "email": "test11@bjola.ca", "date_joined": "2013-12-03T15:49:42.254"}}, {"pk": 1, "model": "generic.rating", "fields": {"object_pk": 1, "content_type": 17, "rating_date": "2013-10-21T19:13:16.478", "value": 4, "user": 1}}, {"pk": 1, "model": "blog.blogpost", "fields": {"related_posts": [], "short_url": null, "site": 1, "keywords_string": "", "in_sitemap": true, "featured_image": null, "title": "Test Blog Post", "content": "<p>blah blah blah</p>", "rating_sum": 4, "rating_count": 1, "categories": [], "publish_date": "2013-10-21T19:12:33.139", "status": 2, "updated": "2013-10-21T19:13:16.615", "description": "blah blah blah", "rating_average": 4.0, "expiry_date": null, "user": 1, "slug": "test-blog-post", "gen_description": true, "allow_comments": true, "created": "2013-10-21T19:12:33.141", "_meta_title": "", "comments_count": 0}}, {"pk": 1, "model": "bccf.userprofile", "fields": {"is_forum_moderator": false, "photo": "uploads/profile-photos/screen-2013-09-15-09-38-011.jpeg", "requested_cancellation": false, "user": 1, "membership_order": 35}}, {"pk": 2, "model": "bccf.userprofile", "fields": {"is_forum_moderator": false, "photo": "uploads/profile-photos/screen-2013-09-15-09-38-011_1.jpeg", "requested_cancellation": false, "user": 2, "membership_order": 16}}, {"pk": 3, "model": "bccf.userprofile", "fields": {"is_forum_moderator": false, "photo": "uploads/profile-photos/screen-2013-09-15-09-44-011.jpeg", "requested_cancellation": false, "user": 3, "membership_order": null}}, {"pk": 4, "model": "bccf.userprofile", "fields": {"is_forum_moderator": false, "photo": "", "requested_cancellation": false, "user": 4, "membership_order": 9}}, {"pk": 5, "model": "bccf.userprofile", "fields": {"is_forum_moderator": false, "photo": "", "requested_cancellation": false, "user": 5, "membership_order": 10}}, {"pk": 6, "model": "bccf.userprofile", "fields": {"is_forum_moderator": false, "photo": "", "requested_cancellation": false, "user": 6, "membership_order": 15}}, {"pk": 1, "model": "bccf.eventforparents", "fields": {"short_url": "", "date_end": "2013-10-31T18:00:32", "site": 1, "keywords_string": "", "location_street": "925 Merritt St", "in_sitemap": true, "location_city": "Coquitlam", "location_postal_code": "V3J7K9", "title": "Parent Event", "date_start": "2013-10-23T18:00:31", "content": "<p>This is a parent event</p>", "location_street2": "", "provider": 1, "status": 2, "updated": "2013-10-23T18:00:33.441", "description": "This is a parent event", "price": "123.45", "expiry_date": null, "slug": "parent-event", "gen_description": true, "created": "2013-10-23T17:20:54.618", "_meta_title": "", "publish_date": "2013-10-23T17:20:54"}}, {"pk": 1, "model": "admin.logentry", "fields": {"action_flag": 3, "action_time": "2013-12-03T09:26:24.074", "object_repr": "A book", "object_id": "2", "change_message": "", "user": 1, "content_type": 8}}, {"pk": 2, "model": "admin.logentry", "fields": {"action_flag": 3, "action_time": "2013-12-03T09:26:24.221", "object_repr": "Django Pony", "object_id": "1", "change_message": "", "user": 1, "content_type": 8}}, {"pk": 3, "model": "admin.logentry", "fields": {"action_flag": 2, "action_time": "2013-12-03T15:27:31.620", "object_repr": "admin", "object_id": "1", "change_message": "Changed password. Changed membership_order for user profile \"Profile of Foo Bar\".", "user": 1, "content_type": 3}}, {"pk": 4, "model": "admin.logentry", "fields": {"action_flag": 2, "action_time": "2013-12-03T15:32:06.197", "object_repr": "admin", "object_id": "1", "change_message": "Changed password. Changed membership_order for user profile \"Profile of Foo Bar\".", "user": 1, "content_type": 3}}, {"pk": 5, "model": "admin.logentry", "fields": {"action_flag": 2, "action_time": "2013-12-03T16:12:40.109", "object_repr": "#14 Test11 Tester 2013-12-03 16:10:57.817560", "object_id": "14", "change_message": "Changed status.", "user": 1, "content_type": 13}}, {"pk": 6, "model": "admin.logentry", "fields": {"action_flag": 1, "action_time": "2013-12-06T19:14:23.718", "object_repr": "test discount", "object_id": "1", "change_message": "", "user": 1, "content_type": 19}}, {"pk": 7, "model": "admin.logentry", "fields": {"action_flag": 2, "action_time": "2013-12-06T19:15:35.180", "object_repr": "test discount", "object_id": "1", "change_message": "Changed products, categories and discount_deduct.", "user": 1, "content_type": 19}}, {"pk": 8, "model": "admin.logentry", "fields": {"action_flag": 3, "action_time": "2013-12-10T16:29:14.305", "object_repr": "Subscription Term: Monthly", "object_id": "4", "change_message": "", "user": 1, "content_type": 10}}, {"pk": 9, "model": "admin.logentry", "fields": {"action_flag": 3, "action_time": "2013-12-10T16:29:14.445", "object_repr": "Subscription Term: Quarterly", "object_id": "3", "change_message": "", "user": 1, "content_type": 10}}, {"pk": 10, "model": "admin.logentry", "fields": {"action_flag": 2, "action_time": "2013-12-10T16:31:12.785", "object_repr": "Parent Membership", "object_id": "3", "change_message": "Changed unit_price for product variation \"Parent Membership Subscription Term: Annual, BCCF Voting: Yes\". Deleted product variation \"Parent Membership Subscription Term: Quarterly, BCCF Voting: Yes\". Deleted product variation \"Parent Membership Subscription Term: Monthly, BCCF Voting: Yes\".", "user": 1, "content_type": 8}}, {"pk": 11, "model": "admin.logentry", "fields": {"action_flag": 2, "action_time": "2013-12-10T16:31:58.097", "object_repr": "Professional Membership", "object_id": "4", "change_message": "Changed unit_price for product variation \"Professional Membership Subscription Term: Annual, Create Events for Parents: Accredited Programs Only, Directory Listing: Business Card, Store Discount: No\". Changed unit_price for product variation \"Professional Membership Subscription Term: Annual, Create Events for Parents: Accredited and Other Programs, Directory Listing: High Profile, Store Discount: 15%\". Deleted product variation \"Professional Membership Subscription Term: Quarterly, Create Events for Parents: Accredited Programs Only, Directory Listing: Business Card, Store Discount: No\". Deleted product variation \"Professional Membership Subscription Term: Monthly, Create Events for Parents: Accredited Programs Only, Directory Listing: Business Card, Store Discount: No\". Deleted product variation \"Professional Membership Subscription Term: Quarterly, Create Events for Parents: Accredited and Other Programs, Directory Listing: High Profile, Store Discount: 15%\". Deleted product variation \"Professional Membership Subscription Term: Monthly, Create Events for Parents: Accredited and Other Programs, Directory Listing: High Profile, Store Discount: 15%\".", "user": 1, "content_type": 8}}, {"pk": 12, "model": "admin.logentry", "fields": {"action_flag": 1, "action_time": "2013-12-10T16:34:20.086", "object_repr": "Membership / Organization Membership", "object_id": "16", "change_message": "", "user": 1, "content_type": 12}}, {"pk": 13, "model": "admin.logentry", "fields": {"action_flag": 1, "action_time": "2013-12-10T16:35:52.510", "object_repr": "Oranization Membership", "object_id": "7", "change_message": "", "user": 1, "content_type": 8}}, {"pk": 14, "model": "admin.logentry", "fields": {"action_flag": 2, "action_time": "2013-12-10T16:36:18.926", "object_repr": "Oranization Membership", "object_id": "7", "change_message": "Changed option1, option3, option4 and option5.", "user": 1, "content_type": 8}}, {"pk": 15, "model": "admin.logentry", "fields": {"action_flag": 2, "action_time": "2013-12-18T11:00:24.113", "object_repr": "Membership / Membership: Organizations", "object_id": "16", "change_message": "Changed title and in_menus.", "user": 1, "content_type": 12}}, {"pk": 16, "model": "admin.logentry", "fields": {"action_flag": 2, "action_time": "2013-12-18T11:16:03.421", "object_repr": "admin", "object_id": "1", "change_message": "Changed password. Changed requested_cancellation for user profile \"Profile of Foo Bar\".", "user": 1, "content_type": 3}}, {"pk": 17, "model": "admin.logentry", "fields": {"action_flag": 2, "action_time": "2013-12-18T11:16:19.856", "object_repr": "admin", "object_id": "1", "change_message": "Changed password. Changed membership_order for user profile \"Profile of Foo Bar\".", "user": 1, "content_type": 3}}, {"pk": 18, "model": "admin.logentry", "fields": {"action_flag": 2, "action_time": "2013-12-18T11:18:18.865", "object_repr": "Membership / Membership: Organizations", "object_id": "16", "change_message": "Changed in_menus and slug.", "user": 1, "content_type": 12}}, {"pk": 19, "model": "admin.logentry", "fields": {"action_flag": 2, "action_time": "2013-12-18T11:20:53.157", "object_repr": "Oranization Membership", "object_id": "7", "change_message": "Deleted product variation \"Oranization Membership Subscription Term: Annual, Create Events for Parents: No, Directory Listing: No, Store Discount: 15%\". Deleted product variation \"Oranization Membership Subscription Term: FREE - Unlimited, Create Events for Parents: No, Directory Listing: No, Store Discount: 15%\". Deleted product variation \"Oranization Membership Subscription Term: FREE - Unlimited, Create Events for Parents: Accredited Programs Only, Directory Listing: No, Store Discount: 15%\". Deleted product variation \"Oranization Membership Subscription Term: FREE - Unlimited, Create Events for Parents: Accredited and Other Programs, Directory Listing: No, Store Discount: 15%\". Deleted product variation \"Oranization Membership Subscription Term: FREE - Unlimited, Create Events for Parents: Accredited Programs Only, Directory Listing: No, Store Discount: No\". Deleted product variation \"Oranization Membership Subscription Term: FREE - Unlimited, Create Events for Parents: Accredited and Other Programs, Directory Listing: No, Store Discount: No\". Deleted product variation \"Oranization Membership Subscription Term: FREE - Unlimited, Create Events for Parents: No, Directory Listing: Basic, Store Discount: 15%\". Deleted product variation \"Oranization Membership Subscription Term: FREE - Unlimited, Create Events for Parents: Accredited Programs Only, Directory Listing: Basic, Store Discount: 15%\". Deleted product variation \"Oranization Membership Subscription Term: FREE - Unlimited, Create Events for Parents: Accredited and Other Programs, Directory Listing: Basic, Store Discount: 15%\". Deleted product variation \"Oranization Membership Subscription Term: FREE - Unlimited, Create Events for Parents: No, Directory Listing: Basic, Store Discount: No\". Deleted product variation \"Oranization Membership Subscription Term: FREE - Unlimited, Create Events for Parents: Accredited Programs Only, Directory Listing: Basic, Store Discount: No\". Deleted product variation \"Oranization Membership Subscription Term: FREE - Unlimited, Create Events for Parents: Accredited and Other Programs, Directory Listing: Basic, Store Discount: No\". Deleted product variation \"Oranization Membership Subscription Term: FREE - Unlimited, Create Events for Parents: No, Directory Listing: Business Card, Store Discount: 15%\". Deleted product variation \"Oranization Membership Subscription Term: FREE - Unlimited, Create Events for Parents: Accredited Programs Only, Directory Listing: Business Card, Store Discount: 15%\". Deleted product variation \"Oranization Membership Subscription Term: FREE - Unlimited, Create Events for Parents: Accredited and Other Programs, Directory Listing: Business Card, Store Discount: 15%\". Deleted product variation \"Oranization Membership Subscription Term: FREE - Unlimited, Create Events for Parents: No, Directory Listing: Business Card, Store Discount: No\". Deleted product variation \"Oranization Membership Subscription Term: FREE - Unlimited, Create Events for Parents: Accredited Programs Only, Directory Listing: Business Card, Store Discount: No\". Deleted product variation \"Oranization Membership Subscription Term: FREE - Unlimited, Create Events for Parents: Accredited and Other Programs, Directory Listing: Business Card, Store Discount: No\". Deleted product variation \"Oranization Membership Subscription Term: FREE - Unlimited, Create Events for Parents: No, Directory Listing: High Profile, Store Discount: 15%\". Deleted product variation \"Oranization Membership Subscription Term: FREE - Unlimited, Create Events for Parents: Accredited Programs Only, Directory Listing: High Profile, Store Discount: 15%\". Deleted product variation \"Oranization Membership Subscription Term: FREE - Unlimited, Create Events for Parents: Accredited and Other Programs, Directory Listing: High Profile, Store Discount: 15%\". Deleted product variation \"Oranization Membership Subscription Term: FREE - Unlimited, Create Events for Parents: No, Directory Listing: High Profile, Store Discount: No\". Deleted product variation \"Oranization Membership Subscription Term: FREE - Unlimited, Create Events for Parents: Accredited Programs Only, Directory Listing: High Profile, Store Discount: No\". Deleted product variation \"Oranization Membership Subscription Term: FREE - Unlimited, Create Events for Parents: Accredited and Other Programs, Directory Listing: High Profile, Store Discount: No\".", "user": 1, "content_type": 8}}, {"pk": 20, "model": "admin.logentry", "fields": {"action_flag": 2, "action_time": "2013-12-18T11:23:27.147", "object_repr": "Oranization Membership", "object_id": "7", "change_message": "Deleted product variation \"Oranization Membership Subscription Term: Annual, Create Events for Parents: Accredited Programs Only, Directory Listing: No, Store Discount: 15%\". Deleted product variation \"Oranization Membership Subscription Term: Annual, Create Events for Parents: Accredited and Other Programs, Directory Listing: No, Store Discount: 15%\". Deleted product variation \"Oranization Membership Subscription Term: Annual, Create Events for Parents: No, Directory Listing: No, Store Discount: No\". Deleted product variation \"Oranization Membership Subscription Term: Annual, Create Events for Parents: Accredited Programs Only, Directory Listing: No, Store Discount: No\". Deleted product variation \"Oranization Membership Subscription Term: Annual, Create Events for Parents: Accredited and Other Programs, Directory Listing: No, Store Discount: No\". Deleted product variation \"Oranization Membership Subscription Term: Annual, Create Events for Parents: No, Directory Listing: Basic, Store Discount: 15%\". Deleted product variation \"Oranization Membership Subscription Term: Annual, Create Events for Parents: Accredited Programs Only, Directory Listing: Basic, Store Discount: 15%\". Deleted product variation \"Oranization Membership Subscription Term: Annual, Create Events for Parents: Accredited and Other Programs, Directory Listing: Basic, Store Discount: 15%\". Deleted product variation \"Oranization Membership Subscription Term: Annual, Create Events for Parents: No, Directory Listing: Basic, Store Discount: No\". Deleted product variation \"Oranization Membership Subscription Term: Annual, Create Events for Parents: Accredited and Other Programs, Directory Listing: Basic, Store Discount: No\". Deleted product variation \"Oranization Membership Subscription Term: Annual, Create Events for Parents: No, Directory Listing: Business Card, Store Discount: 15%\". Deleted product variation \"Oranization Membership Subscription Term: Annual, Create Events for Parents: Accredited Programs Only, Directory Listing: Business Card, Store Discount: 15%\". Deleted product variation \"Oranization Membership Subscription Term: Annual, Create Events for Parents: No, Directory Listing: Business Card, Store Discount: No\". Deleted product variation \"Oranization Membership Subscription Term: Annual, Create Events for Parents: Accredited Programs Only, Directory Listing: Business Card, Store Discount: No\". Deleted product variation \"Oranization Membership Subscription Term: Annual, Create Events for Parents: Accredited and Other Programs, Directory Listing: Business Card, Store Discount: No\". Deleted product variation \"Oranization Membership Subscription Term: Annual, Create Events for Parents: No, Directory Listing: High Profile, Store Discount: 15%\". Deleted product variation \"Oranization Membership Subscription Term: Annual, Create Events for Parents: Accredited Programs Only, Directory Listing: High Profile, Store Discount: 15%\". Deleted product variation \"Oranization Membership Subscription Term: Annual, Create Events for Parents: Accredited and Other Programs, Directory Listing: High Profile, Store Discount: 15%\". Deleted product variation \"Oranization Membership Subscription Term: Annual, Create Events for Parents: No, Directory Listing: High Profile, Store Discount: No\". Deleted product variation \"Oranization Membership Subscription Term: Annual, Create Events for Parents: Accredited Programs Only, Directory Listing: High Profile, Store Discount: No\". Deleted product variation \"Oranization Membership Subscription Term: Annual, Create Events for Parents: Accredited and Other Programs, Directory Listing: High Profile, Store Discount: No\".", "user": 1, "content_type": 8}}, {"pk": 21, "model": "admin.logentry", "fields": {"action_flag": 2, "action_time": "2013-12-18T11:23:42.073", "object_repr": "Oranization Membership", "object_id": "7", "change_message": "Changed unit_price for product variation \"Oranization Membership Subscription Term: Annual, Create Events for Parents: Accredited Programs Only, Directory Listing: Basic, Store Discount: No\". Changed unit_price for product variation \"Oranization Membership Subscription Term: Annual, Create Events for Parents: Accredited and Other Programs, Directory Listing: Business Card, Store Discount: 15%\".", "user": 1, "content_type": 8}}, {"pk": 22, "model": "admin.logentry", "fields": {"action_flag": 2, "action_time": "2013-12-18T11:28:04.653", "object_repr": "admin", "object_id": "1", "change_message": "Changed password. Changed membership_order for user profile \"Profile of Foo Bar\".", "user": 1, "content_type": 3}}, {"pk": 23, "model": "admin.logentry", "fields": {"action_flag": 3, "action_time": "2013-12-18T11:44:37.969", "object_repr": "[temporary discount for membership upgrade]", "object_id": "19", "change_message": "", "user": 1, "content_type": 19}}, {"pk": 24, "model": "admin.logentry", "fields": {"action_flag": 3, "action_time": "2013-12-18T11:44:38.089", "object_repr": "[temporary discount for membership upgrade]", "object_id": "18", "change_message": "", "user": 1, "content_type": 19}}, {"pk": 25, "model": "admin.logentry", "fields": {"action_flag": 3, "action_time": "2013-12-18T11:44:38.201", "object_repr": "[temporary discount for membership upgrade]", "object_id": "17", "change_message": "", "user": 1, "content_type": 19}}, {"pk": 26, "model": "admin.logentry", "fields": {"action_flag": 3, "action_time": "2013-12-18T11:44:38.335", "object_repr": "[temporary discount for membership upgrade]", "object_id": "16", "change_message": "", "user": 1, "content_type": 19}}, {"pk": 27, "model": "admin.logentry", "fields": {"action_flag": 3, "action_time": "2013-12-18T11:44:38.447", "object_repr": "[temporary discount for membership upgrade]", "object_id": "15", "change_message": "", "user": 1, "content_type": 19}}, {"pk": 28, "model": "admin.logentry", "fields": {"action_flag": 3, "action_time": "2013-12-18T11:44:38.561", "object_repr": "[temporary discount for membership upgrade]", "object_id": "14", "change_message": "", "user": 1, "content_type": 19}}, {"pk": 29, "model": "admin.logentry", "fields": {"action_flag": 3, "action_time": "2013-12-18T11:44:38.684", "object_repr": "[temporary discount for membership upgrade]", "object_id": "13", "change_message": "", "user": 1, "content_type": 19}}, {"pk": 30, "model": "admin.logentry", "fields": {"action_flag": 3, "action_time": "2013-12-18T11:44:38.807", "object_repr": "[temporary discount for membership upgrade]", "object_id": "12", "change_message": "", "user": 1, "content_type": 19}}, {"pk": 31, "model": "admin.logentry", "fields": {"action_flag": 3, "action_time": "2013-12-18T11:44:38.930", "object_repr": "[temporary discount for membership upgrade]", "object_id": "11", "change_message": "", "user": 1, "content_type": 19}}, {"pk": 32, "model": "admin.logentry", "fields": {"action_flag": 3, "action_time": "2013-12-18T11:44:39.053", "object_repr": "[temporary discount for membership upgrade]", "object_id": "10", "change_message": "", "user": 1, "content_type": 19}}, {"pk": 33, "model": "admin.logentry", "fields": {"action_flag": 3, "action_time": "2013-12-18T11:44:39.199", "object_repr": "[temporary discount for membership upgrade]", "object_id": "9", "change_message": "", "user": 1, "content_type": 19}}, {"pk": 34, "model": "admin.logentry", "fields": {"action_flag": 3, "action_time": "2013-12-18T11:44:39.344", "object_repr": "[temporary discount for membership upgrade]", "object_id": "8", "change_message": "", "user": 1, "content_type": 19}}, {"pk": 35, "model": "admin.logentry", "fields": {"action_flag": 3, "action_time": "2013-12-18T11:44:39.478", "object_repr": "[temporary discount for membership upgrade]", "object_id": "7", "change_message": "", "user": 1, "content_type": 19}}, {"pk": 36, "model": "admin.logentry", "fields": {"action_flag": 3, "action_time": "2013-12-18T11:44:39.612", "object_repr": "[temporary discount for membership upgrade]", "object_id": "6", "change_message": "", "user": 1, "content_type": 19}}, {"pk": 37, "model": "admin.logentry", "fields": {"action_flag": 3, "action_time": "2013-12-18T11:44:39.725", "object_repr": "[temporary discount for membership upgrade]", "object_id": "5", "change_message": "", "user": 1, "content_type": 19}}, {"pk": 38, "model": "admin.logentry", "fields": {"action_flag": 3, "action_time": "2013-12-18T11:44:39.848", "object_repr": "[temporary discount for membership upgrade]", "object_id": "4", "change_message": "", "user": 1, "content_type": 19}}, {"pk": 39, "model": "admin.logentry", "fields": {"action_flag": 3, "action_time": "2013-12-18T11:44:40.049", "object_repr": "[temporary discount for membership upgrade]", "object_id": "3", "change_message": "", "user": 1, "content_type": 19}}, {"pk": 40, "model": "admin.logentry", "fields": {"action_flag": 3, "action_time": "2013-12-18T11:44:40.163", "object_repr": "[temporary discount for membership upgrade]", "object_id": "2", "change_message": "", "user": 1, "content_type": 19}}, {"pk": 41, "model": "admin.logentry", "fields": {"action_flag": 3, "action_time": "2013-12-18T11:44:40.308", "object_repr": "test discount", "object_id": "1", "change_message": "", "user": 1, "content_type": 19}}, {"pk": 42, "model": "admin.logentry", "fields": {"action_flag": 2, "action_time": "2013-12-18T11:45:24.117", "object_repr": "admin", "object_id": "1", "change_message": "Changed password. Changed membership_order for user profile \"Profile of Foo Bar\".", "user": 1, "content_type": 3}}, {"pk": 43, "model": "admin.logentry", "fields": {"action_flag": 2, "action_time": "2013-12-18T11:48:40.817", "object_repr": "admin", "object_id": "1", "change_message": "Changed password. Changed membership_order for user profile \"Profile of Foo Bar\".", "user": 1, "content_type": 3}}, {"pk": 44, "model": "admin.logentry", "fields": {"action_flag": 2, "action_time": "2013-12-18T11:53:42.219", "object_repr": "admin", "object_id": "1", "change_message": "Changed password. Changed membership_order for user profile \"Profile of Foo Bar\".", "user": 1, "content_type": 3}}, {"pk": 45, "model": "admin.logentry", "fields": {"action_flag": 2, "action_time": "2013-12-18T12:16:06.566", "object_repr": "admin", "object_id": "1", "change_message": "Changed password. Changed membership_order for user profile \"Profile of Foo Bar\".", "user": 1, "content_type": 3}}, {"pk": 46, "model": "admin.logentry", "fields": {"action_flag": 2, "action_time": "2013-12-18T12:19:25.361", "object_repr": "admin", "object_id": "1", "change_message": "Changed password. Changed membership_order for user profile \"Profile of Foo Bar\".", "user": 1, "content_type": 3}}, {"pk": 47, "model": "admin.logentry", "fields": {"action_flag": 2, "action_time": "2013-12-18T12:22:29.605", "object_repr": "admin", "object_id": "1", "change_message": "Changed password. Changed membership_order for user profile \"Profile of Foo Bar\".", "user": 1, "content_type": 3}}, {"pk": 48, "model": "admin.logentry", "fields": {"action_flag": 2, "action_time": "2013-12-18T13:05:21.374", "object_repr": "admin", "object_id": "1", "change_message": "Changed password. Changed membership_order for user profile \"Profile of Foo Bar\".", "user": 1, "content_type": 3}}, {"pk": 49, "model": "admin.logentry", "fields": {"action_flag": 2, "action_time": "2013-12-18T13:08:39.469", "object_repr": "admin", "object_id": "1", "change_message": "Changed password. Changed membership_order for user profile \"Profile of Foo Bar\".", "user": 1, "content_type": 3}}, {"pk": 1, "model": "pybb.forum", "fields": {"category": 1, "updated": "2013-12-03T09:29:51.968", "name": "Test Forum", "post_count": 4, "topic_count": 1, "headline": "", "moderators": [], "position": 0, "hidden": false, "description": ""}}, {"pk": 1, "model": "pybb.topic", "fields": {"updated": "2013-12-03T09:29:51.968", "on_moderation": false, "name": "Test Topic", "forum": 1, "views": 5, "post_count": 4, "created": "2013-10-25T18:53:17.399", "subscribers": [1], "sticky": false, "user": 1, "closed": false, "poll_type": 0, "poll_question": null}}, {"pk": 1, "model": "pybb.post", "fields": {"body": "what is this?", "user_ip": "127.0.0.1", "updated": null, "on_moderation": false, "created": "2013-10-25T18:53:17.559", "body_text": "what is this?", "body_html": "what is this?", "topic": 1, "user": 1}}, {"pk": 2, "model": "pybb.post", "fields": {"body": "This is the answer", "user_ip": "127.0.0.1", "updated": null, "on_moderation": false, "created": "2013-10-25T18:53:38.049", "body_text": "This is the answer", "body_html": "This is the answer", "topic": 1, "user": 1}}, {"pk": 3, "model": "pybb.post", "fields": {"body": "[]_[]", "user_ip": "127.0.0.1", "updated": null, "on_moderation": true, "created": "2013-12-03T09:29:25.211", "body_text": "_", "body_html": "_", "topic": 1, "user": 1}}, {"pk": 4, "model": "pybb.post", "fields": {"body": "[wwhat?]", "user_ip": "127.0.0.1", "updated": null, "on_moderation": true, "created": "2013-12-03T09:29:51.968", "body_text": "", "body_html": "", "topic": 1, "user": 1}}, {"pk": 1, "model": "pybb.profile", "fields": {"show_signatures": true, "language": "en", "signature_html": "", "time_zone": 3.0, "post_count": 4, "avatar": "", "signature": "", "autosubscribe": true, "user": 1}}, {"pk": 2, "model": "pybb.profile", "fields": {"show_signatures": true, "language": "en", "signature_html": "", "time_zone": 3.0, "post_count": 0, "avatar": "", "signature": "", "autosubscribe": true, "user": 2}}, {"pk": 3, "model": "pybb.profile", "fields": {"show_signatures": true, "language": "en", "signature_html": "", "time_zone": 3.0, "post_count": 0, "avatar": "", "signature": "", "autosubscribe": true, "user": 6}}, {"pk": 4, "model": "pybb.profile", "fields": {"show_signatures": true, "language": "en", "signature_html": "", "time_zone": 3.0, "post_count": 0, "avatar": "", "signature": "", "autosubscribe": true, "user": 3}}, {"pk": 1, "model": "pybb.forumreadtracker", "fields": {"time_stamp": "2013-12-03T09:29:53.142", "user": 1, "forum": 1}}]