[
    {
        "fields": {
            "expire_date": "2013-11-06T21:58:27.987", 
            "session_data": "MDBiMzdjMmIyYjVkYTE3YWE5NmE0N2NmMjI2YTAwNmY1YTg4YjAzYjqAAn1xAShVBGNhcnROVRJfYXV0aF91c2VyX2JhY2tlbmRVLW1lenphbmluZS5jb3JlLmF1dGhfYmFja2VuZHMuTWV6emFuaW5lQmFja2VuZFUNX2F1dGhfdXNlcl9pZEsCdS4="
        }, 
        "model": "sessions.session", 
        "pk": "09e0se3dlcjqo8yjm9ia3flpvlfv3exf"
    }, 
    {
        "fields": {
            "expire_date": "2013-11-06T23:00:15.266", 
            "session_data": "ODNlNzY0NDY2M2ViZTI0NTA2ZTQ0MDhlZWVhZjY3OWM5ZjEwOGQyNDqAAn1xAShVEl9hdXRoX3VzZXJfYmFja2VuZHECVS1tZXp6YW5pbmUuY29yZS5hdXRoX2JhY2tlbmRzLk1lenphbmluZUJhY2tlbmRxA1UNX2F1dGhfdXNlcl9pZHEESwR1Lg=="
        }, 
        "model": "sessions.session", 
        "pk": "1bindfos3nwd6t744gaurxcunmol2k1u"
    }, 
    {
        "fields": {
            "expire_date": "2013-11-05T22:32:41.196", 
            "session_data": "NGU3OThmZGY1NmEyMjVlMTkwOWVkMGRiYzQ3MDdlNDZlODI5NmRhYzqAAn1xAShVEl9hdXRoX3VzZXJfYmFja2VuZHECVS1tZXp6YW5pbmUuY29yZS5hdXRoX2JhY2tlbmRzLk1lenphbmluZUJhY2tlbmRxA1UNX2F1dGhfdXNlcl9pZHEESwF1Lg=="
        }, 
        "model": "sessions.session", 
        "pk": "1jmiqdp8j5knyo6wvz79elrpg8tu48nb"
    }, 
    {
        "fields": {
            "expire_date": "2013-11-06T22:49:27.932", 
            "session_data": "ZmUwYzNkMDdhZDc5NWIyMzRkNzYwZTcxYWZlNDk0N2MwOGM2Yjg4YTqAAn1xAShVBGNhcnROVRJfYXV0aF91c2VyX2JhY2tlbmRVLW1lenphbmluZS5jb3JlLmF1dGhfYmFja2VuZHMuTWV6emFuaW5lQmFja2VuZFUNX2F1dGhfdXNlcl9pZEsEVQ1hZnRlcmNoZWNrb3V0WCMAAAAvcGFyZW50cy9ldmVudC9zaWdudXAvcGFyZW50LWV2ZW50L3Uu"
        }, 
        "model": "sessions.session", 
        "pk": "4wrj8zjwharqj072e01d30dh31mr9840"
    }, 
    {
        "fields": {
            "expire_date": "2013-11-04T19:06:41.412", 
            "session_data": "NGU3OThmZGY1NmEyMjVlMTkwOWVkMGRiYzQ3MDdlNDZlODI5NmRhYzqAAn1xAShVEl9hdXRoX3VzZXJfYmFja2VuZHECVS1tZXp6YW5pbmUuY29yZS5hdXRoX2JhY2tlbmRzLk1lenphbmluZUJhY2tlbmRxA1UNX2F1dGhfdXNlcl9pZHEESwF1Lg=="
        }, 
        "model": "sessions.session", 
        "pk": "7yrn98u1l891s7csulinwwb9w1lm2n53"
    }, 
    {
        "fields": {
            "expire_date": "2013-11-06T22:15:33.880", 
            "session_data": "OTI5MWQ3OWMxM2M1ODNjM2NkY2RiZDUwYTdlMWQxZjNlNDQ2M2FkYjqAAn1xAShVEl9hdXRoX3VzZXJfYmFja2VuZFUtbWV6emFuaW5lLmNvcmUuYXV0aF9iYWNrZW5kcy5NZXp6YW5pbmVCYWNrZW5kVQ1fYXV0aF91c2VyX2lkSwJVBGNhcnROdS4="
        }, 
        "model": "sessions.session", 
        "pk": "dtkjd6v0hqng9l3hdkbh7jv52xyaodk1"
    }, 
    {
        "fields": {
            "expire_date": "2013-11-06T22:32:15.402", 
            "session_data": "YmU1MDYxNmYxNzU3NGMxYjY3MjBmZTFmN2Q1NzdjNTY5OTdhMjc0NTqAAn1xAShVBGNhcnROVRJfYXV0aF91c2VyX2JhY2tlbmRVLW1lenphbmluZS5jb3JlLmF1dGhfYmFja2VuZHMuTWV6emFuaW5lQmFja2VuZFUNX2F1dGhfdXNlcl9pZEsDVQ1hZnRlcmNoZWNrb3V0WCMAAAAvcGFyZW50cy9ldmVudC9zaWdudXAvcGFyZW50LWV2ZW50L3Uu"
        }, 
        "model": "sessions.session", 
        "pk": "eyzt3o3kxp885yo8c92vqg6ef1tvckqx"
    }, 
    {
        "fields": {
            "expire_date": "2013-11-06T19:39:41.056", 
            "session_data": "NGU3OThmZGY1NmEyMjVlMTkwOWVkMGRiYzQ3MDdlNDZlODI5NmRhYzqAAn1xAShVEl9hdXRoX3VzZXJfYmFja2VuZHECVS1tZXp6YW5pbmUuY29yZS5hdXRoX2JhY2tlbmRzLk1lenphbmluZUJhY2tlbmRxA1UNX2F1dGhfdXNlcl9pZHEESwF1Lg=="
        }, 
        "model": "sessions.session", 
        "pk": "g9twczatc4unsxhka0l3rhr8mxzd5lsl"
    }, 
    {
        "fields": {
            "expire_date": "2013-11-08T17:23:19.630", 
            "session_data": "NGU3OThmZGY1NmEyMjVlMTkwOWVkMGRiYzQ3MDdlNDZlODI5NmRhYzqAAn1xAShVEl9hdXRoX3VzZXJfYmFja2VuZHECVS1tZXp6YW5pbmUuY29yZS5hdXRoX2JhY2tlbmRzLk1lenphbmluZUJhY2tlbmRxA1UNX2F1dGhfdXNlcl9pZHEESwF1Lg=="
        }, 
        "model": "sessions.session", 
        "pk": "n5q3sp7fpfppuytvrgb00fjrizhcjudx"
    }, 
    {
        "fields": {
            "expire_date": "2013-11-06T21:34:45.159", 
            "session_data": "NGU3OThmZGY1NmEyMjVlMTkwOWVkMGRiYzQ3MDdlNDZlODI5NmRhYzqAAn1xAShVEl9hdXRoX3VzZXJfYmFja2VuZHECVS1tZXp6YW5pbmUuY29yZS5hdXRoX2JhY2tlbmRzLk1lenphbmluZUJhY2tlbmRxA1UNX2F1dGhfdXNlcl9pZHEESwF1Lg=="
        }, 
        "model": "sessions.session", 
        "pk": "nqb57nrmy46v5c4vo2ph0ggifue0xlvu"
    }, 
    {
        "fields": {
            "expire_date": "2013-11-08T17:52:36.594", 
            "session_data": "NGU3OThmZGY1NmEyMjVlMTkwOWVkMGRiYzQ3MDdlNDZlODI5NmRhYzqAAn1xAShVEl9hdXRoX3VzZXJfYmFja2VuZHECVS1tZXp6YW5pbmUuY29yZS5hdXRoX2JhY2tlbmRzLk1lenphbmluZUJhY2tlbmRxA1UNX2F1dGhfdXNlcl9pZHEESwF1Lg=="
        }, 
        "model": "sessions.session", 
        "pk": "pjdxgwxb143tmt4eajh7td1t2yc6ch24"
    }, 
    {
        "fields": {
            "expire_date": "2013-11-08T19:00:26.025", 
            "session_data": "MTIxOTI3NGY3M2I3NTliYzc2MWI2NzQ1YjA0YWNjNmQwM2FhMTE2NjqAAn1xAS4="
        }, 
        "model": "sessions.session", 
        "pk": "s2wb0b2g9lpi0vek4uenig1xa9ebl3d5"
    }, 
    {
        "fields": {
            "expire_date": "2013-11-07T20:11:50.629", 
            "session_data": "NGU3OThmZGY1NmEyMjVlMTkwOWVkMGRiYzQ3MDdlNDZlODI5NmRhYzqAAn1xAShVEl9hdXRoX3VzZXJfYmFja2VuZHECVS1tZXp6YW5pbmUuY29yZS5hdXRoX2JhY2tlbmRzLk1lenphbmluZUJhY2tlbmRxA1UNX2F1dGhfdXNlcl9pZHEESwF1Lg=="
        }, 
        "model": "sessions.session", 
        "pk": "tyr29urtwxr6izwhluz0wt3weuuvtf78"
    }, 
    {
        "fields": {
            "expire_date": "2013-11-06T17:10:19.061", 
            "session_data": "NGU3OThmZGY1NmEyMjVlMTkwOWVkMGRiYzQ3MDdlNDZlODI5NmRhYzqAAn1xAShVEl9hdXRoX3VzZXJfYmFja2VuZHECVS1tZXp6YW5pbmUuY29yZS5hdXRoX2JhY2tlbmRzLk1lenphbmluZUJhY2tlbmRxA1UNX2F1dGhfdXNlcl9pZHEESwF1Lg=="
        }, 
        "model": "sessions.session", 
        "pk": "vhy51aqo1eru90eeluwvbcm3q10atbue"
    }, 
    {
        "fields": {
            "expire_date": "2013-11-05T19:03:47.097", 
            "session_data": "NGU3OThmZGY1NmEyMjVlMTkwOWVkMGRiYzQ3MDdlNDZlODI5NmRhYzqAAn1xAShVEl9hdXRoX3VzZXJfYmFja2VuZHECVS1tZXp6YW5pbmUuY29yZS5hdXRoX2JhY2tlbmRzLk1lenphbmluZUJhY2tlbmRxA1UNX2F1dGhfdXNlcl9pZHEESwF1Lg=="
        }, 
        "model": "sessions.session", 
        "pk": "xafmv77znn8qkfd08ffedy3903owc42c"
    }, 
    {
        "fields": {
            "domain": "127.0.0.1:8000", 
            "name": "Default"
        }, 
        "model": "sites.site", 
        "pk": 1
    }, 
    {
        "fields": {
            "_meta_title": null, 
            "available": true, 
            "categories": [
                7
            ], 
            "content": "<p>Magic that can't be removed!</p>", 
            "created": null, 
            "date_added": null, 
            "description": "<p>Magic that can't be removed!</p>", 
            "expiry_date": null, 
            "gen_description": true, 
            "image": "product/red.png", 
            "in_sitemap": true, 
            "keywords_string": "", 
            "num_in_stock": null, 
            "publish_date": null, 
            "rating_average": 0.0, 
            "rating_count": 0, 
            "rating_sum": 0, 
            "related_products": [
                2
            ], 
            "sale_from": null, 
            "sale_id": 1, 
            "sale_price": "5", 
            "sale_to": null, 
            "short_url": null, 
            "site": 1, 
            "sku": "1", 
            "slug": "django-pony", 
            "status": 2, 
            "title": "Django Pony", 
            "unit_price": "10", 
            "updated": null, 
            "upsell_products": [
                2
            ]
        }, 
        "model": "shop.product", 
        "pk": 1
    }, 
    {
        "fields": {
            "_meta_title": "", 
            "available": true, 
            "categories": [
                7
            ], 
            "content": "<p>This book is full of awesomeness. It has no title.</p>", 
            "created": "2013-10-22T19:04:49.976", 
            "date_added": "2013-10-22T19:04:49.976", 
            "description": "This book is full of awesomeness. It has no title.", 
            "expiry_date": null, 
            "gen_description": true, 
            "image": "product/screen-2013-09-15-09-38-011.jpeg", 
            "in_sitemap": true, 
            "keywords_string": "", 
            "num_in_stock": null, 
            "publish_date": "2013-10-22T19:04:49", 
            "rating_average": 0.0, 
            "rating_count": 0, 
            "rating_sum": 0, 
            "related_products": [
                1
            ], 
            "sale_from": null, 
            "sale_id": null, 
            "sale_price": null, 
            "sale_to": null, 
            "short_url": null, 
            "site": 1, 
            "sku": "13", 
            "slug": "a-book", 
            "status": 2, 
            "title": "A book", 
            "unit_price": null, 
            "updated": "2013-10-22T19:06:05.513", 
            "upsell_products": [
                1
            ]
        }, 
        "model": "shop.product", 
        "pk": 2
    }, 
    {
        "fields": {
            "_meta_title": "", 
            "available": false, 
            "categories": [
                8
            ], 
            "content": "<p>Membership for parents</p>", 
            "created": "2013-10-24T19:42:24.244", 
            "date_added": "2013-10-24T19:42:24.244", 
            "description": "Membership for parents", 
            "expiry_date": null, 
            "gen_description": true, 
            "image": null, 
            "in_sitemap": true, 
            "keywords_string": "", 
            "num_in_stock": null, 
            "publish_date": "2013-10-24T19:42:24", 
            "rating_average": 0.0, 
            "rating_count": 0, 
            "rating_sum": 0, 
            "related_products": [
                5
            ], 
            "sale_from": null, 
            "sale_id": null, 
            "sale_price": null, 
            "sale_to": null, 
            "short_url": null, 
            "site": 1, 
            "sku": "14", 
            "slug": "parent-membership", 
            "status": 2, 
            "title": "Parent Membership", 
            "unit_price": "100", 
            "updated": "2013-10-24T20:03:52.528", 
            "upsell_products": [
                5
            ]
        }, 
        "model": "shop.product", 
        "pk": 3
    }, 
    {
        "fields": {
            "_meta_title": "", 
            "available": false, 
            "categories": [
                10
            ], 
            "content": "<p>Membership for Professionals</p>", 
            "created": "2013-10-24T19:44:39.728", 
            "date_added": "2013-10-24T19:44:39.728", 
            "description": "Membership for Professionals", 
            "expiry_date": null, 
            "gen_description": true, 
            "image": null, 
            "in_sitemap": true, 
            "keywords_string": "", 
            "num_in_stock": null, 
            "publish_date": "2013-10-24T19:44:39", 
            "rating_average": 0.0, 
            "rating_count": 0, 
            "rating_sum": 0, 
            "related_products": [
                6
            ], 
            "sale_from": null, 
            "sale_id": null, 
            "sale_price": null, 
            "sale_to": null, 
            "short_url": null, 
            "site": 1, 
            "sku": "82", 
            "slug": "professional-membership", 
            "status": 2, 
            "title": "Professional Membership", 
            "unit_price": "100", 
            "updated": "2013-10-24T20:04:09.006", 
            "upsell_products": [
                6
            ]
        }, 
        "model": "shop.product", 
        "pk": 4
    }, 
    {
        "fields": {
            "_meta_title": "", 
            "available": false, 
            "categories": [
                8
            ], 
            "content": "<p>Free membership for parents</p>", 
            "created": "2013-10-24T20:01:43.632", 
            "date_added": "2013-10-24T20:01:43.632", 
            "description": "Free membership for parents", 
            "expiry_date": null, 
            "gen_description": true, 
            "image": null, 
            "in_sitemap": true, 
            "keywords_string": "", 
            "num_in_stock": null, 
            "publish_date": "2013-10-24T20:01:43", 
            "rating_average": 0.0, 
            "rating_count": 0, 
            "rating_sum": 0, 
            "related_products": [
                3
            ], 
            "sale_from": null, 
            "sale_id": null, 
            "sale_price": null, 
            "sale_to": null, 
            "short_url": null, 
            "site": 1, 
            "sku": "98", 
            "slug": "parent-membership-free", 
            "status": 2, 
            "title": "Parent Membership - FREE", 
            "unit_price": "0", 
            "updated": "2013-10-24T20:03:31.046", 
            "upsell_products": [
                3
            ]
        }, 
        "model": "shop.product", 
        "pk": 5
    }, 
    {
        "fields": {
            "_meta_title": "", 
            "available": false, 
            "categories": [
                10
            ], 
            "content": "<p>Free professional membership</p>", 
            "created": "2013-10-24T20:02:58.549", 
            "date_added": "2013-10-24T20:02:58.549", 
            "description": "Free professional membership", 
            "expiry_date": null, 
            "gen_description": true, 
            "image": null, 
            "in_sitemap": true, 
            "keywords_string": "", 
            "num_in_stock": null, 
            "publish_date": "2013-10-24T20:02:58.540", 
            "rating_average": 0.0, 
            "rating_count": 0, 
            "rating_sum": 0, 
            "related_products": [
                4
            ], 
            "sale_from": null, 
            "sale_id": null, 
            "sale_price": null, 
            "sale_to": null, 
            "short_url": null, 
            "site": 1, 
            "sku": "99", 
            "slug": "professional-membership-free", 
            "status": 2, 
            "title": "Professional Membership - FREE", 
            "unit_price": null, 
            "updated": "2013-10-24T20:02:58.662", 
            "upsell_products": [
                4
            ]
        }, 
        "model": "shop.product", 
        "pk": 6
    }, 
    {
        "fields": {
            "_order": 1, 
            "description": "", 
            "file": "product/red.png", 
            "product": 1
        }, 
        "model": "shop.productimage", 
        "pk": 1
    }, 
    {
        "fields": {
            "_order": 2, 
            "description": "", 
            "file": "product/yellow.png", 
            "product": 1
        }, 
        "model": "shop.productimage", 
        "pk": 2
    }, 
    {
        "fields": {
            "_order": 3, 
            "description": "", 
            "file": "product/green.png", 
            "product": 1
        }, 
        "model": "shop.productimage", 
        "pk": 3
    }, 
    {
        "fields": {
            "_order": 4, 
            "description": "", 
            "file": "product/blue.png", 
            "product": 1
        }, 
        "model": "shop.productimage", 
        "pk": 4
    }, 
    {
        "fields": {
            "_order": 0, 
            "description": "", 
            "file": "product/screen-2013-09-15-09-38-011.jpeg", 
            "product": 2
        }, 
        "model": "shop.productimage", 
        "pk": 5
    }, 
    {
        "fields": {
            "name": "Annual", 
            "type": 1
        }, 
        "model": "shop.productoption", 
        "pk": 2
    }, 
    {
        "fields": {
            "name": "Quarterly", 
            "type": 1
        }, 
        "model": "shop.productoption", 
        "pk": 3
    }, 
    {
        "fields": {
            "name": "Monthly", 
            "type": 1
        }, 
        "model": "shop.productoption", 
        "pk": 4
    }, 
    {
        "fields": {
            "name": "Yes", 
            "type": 2
        }, 
        "model": "shop.productoption", 
        "pk": 5
    }, 
    {
        "fields": {
            "name": "No", 
            "type": 2
        }, 
        "model": "shop.productoption", 
        "pk": 6
    }, 
    {
        "fields": {
            "name": "No", 
            "type": 3
        }, 
        "model": "shop.productoption", 
        "pk": 7
    }, 
    {
        "fields": {
            "name": "Accredited Programs Only", 
            "type": 3
        }, 
        "model": "shop.productoption", 
        "pk": 8
    }, 
    {
        "fields": {
            "name": "Accredited and Other Programs", 
            "type": 3
        }, 
        "model": "shop.productoption", 
        "pk": 9
    }, 
    {
        "fields": {
            "name": "No", 
            "type": 4
        }, 
        "model": "shop.productoption", 
        "pk": 10
    }, 
    {
        "fields": {
            "name": "FREE - Unlimited", 
            "type": 1
        }, 
        "model": "shop.productoption", 
        "pk": 11
    }, 
    {
        "fields": {
            "name": "Basic", 
            "type": 4
        }, 
        "model": "shop.productoption", 
        "pk": 12
    }, 
    {
        "fields": {
            "name": "Business Card", 
            "type": 4
        }, 
        "model": "shop.productoption", 
        "pk": 13
    }, 
    {
        "fields": {
            "name": "High Profile", 
            "type": 4
        }, 
        "model": "shop.productoption", 
        "pk": 14
    }, 
    {
        "fields": {
            "name": "15%", 
            "type": 5
        }, 
        "model": "shop.productoption", 
        "pk": 15
    }, 
    {
        "fields": {
            "name": "No", 
            "type": 5
        }, 
        "model": "shop.productoption", 
        "pk": 16
    }, 
    {
        "fields": {
            "default": true, 
            "image": 1, 
            "num_in_stock": null, 
            "option1": "Small", 
            "option2": "Red", 
            "option3": null, 
            "option4": null, 
            "option5": null, 
            "product": 1, 
            "sale_from": null, 
            "sale_id": 1, 
            "sale_price": "5", 
            "sale_to": null, 
            "sku": "1", 
            "unit_price": "10"
        }, 
        "model": "shop.productvariation", 
        "pk": 1
    }, 
    {
        "fields": {
            "default": false, 
            "image": 1, 
            "num_in_stock": null, 
            "option1": "Medium", 
            "option2": "Red", 
            "option3": null, 
            "option4": null, 
            "option5": null, 
            "product": 1, 
            "sale_from": null, 
            "sale_id": 1, 
            "sale_price": "5", 
            "sale_to": null, 
            "sku": "2", 
            "unit_price": "10"
        }, 
        "model": "shop.productvariation", 
        "pk": 2
    }, 
    {
        "fields": {
            "default": false, 
            "image": 1, 
            "num_in_stock": null, 
            "option1": "Large", 
            "option2": "Red", 
            "option3": null, 
            "option4": null, 
            "option5": null, 
            "product": 1, 
            "sale_from": null, 
            "sale_id": 1, 
            "sale_price": "5", 
            "sale_to": null, 
            "sku": "3", 
            "unit_price": "10"
        }, 
        "model": "shop.productvariation", 
        "pk": 3
    }, 
    {
        "fields": {
            "default": false, 
            "image": 2, 
            "num_in_stock": null, 
            "option1": "Small", 
            "option2": "Yellow", 
            "option3": null, 
            "option4": null, 
            "option5": null, 
            "product": 1, 
            "sale_from": null, 
            "sale_id": 1, 
            "sale_price": "5", 
            "sale_to": null, 
            "sku": "4", 
            "unit_price": "10"
        }, 
        "model": "shop.productvariation", 
        "pk": 4
    }, 
    {
        "fields": {
            "default": false, 
            "image": 2, 
            "num_in_stock": null, 
            "option1": "Medium", 
            "option2": "Yellow", 
            "option3": null, 
            "option4": null, 
            "option5": null, 
            "product": 1, 
            "sale_from": null, 
            "sale_id": 1, 
            "sale_price": "5", 
            "sale_to": null, 
            "sku": "5", 
            "unit_price": "10"
        }, 
        "model": "shop.productvariation", 
        "pk": 5
    }, 
    {
        "fields": {
            "default": false, 
            "image": 2, 
            "num_in_stock": null, 
            "option1": "Large", 
            "option2": "Yellow", 
            "option3": null, 
            "option4": null, 
            "option5": null, 
            "product": 1, 
            "sale_from": null, 
            "sale_id": 1, 
            "sale_price": "5", 
            "sale_to": null, 
            "sku": "6", 
            "unit_price": "10"
        }, 
        "model": "shop.productvariation", 
        "pk": 6
    }, 
    {
        "fields": {
            "default": false, 
            "image": 3, 
            "num_in_stock": null, 
            "option1": "Small", 
            "option2": "Green", 
            "option3": null, 
            "option4": null, 
            "option5": null, 
            "product": 1, 
            "sale_from": null, 
            "sale_id": 1, 
            "sale_price": "5", 
            "sale_to": null, 
            "sku": "7", 
            "unit_price": "10"
        }, 
        "model": "shop.productvariation", 
        "pk": 7
    }, 
    {
        "fields": {
            "default": false, 
            "image": 3, 
            "num_in_stock": null, 
            "option1": "Medium", 
            "option2": "Green", 
            "option3": null, 
            "option4": null, 
            "option5": null, 
            "product": 1, 
            "sale_from": null, 
            "sale_id": 1, 
            "sale_price": "5", 
            "sale_to": null, 
            "sku": "8", 
            "unit_price": "10"
        }, 
        "model": "shop.productvariation", 
        "pk": 8
    }, 
    {
        "fields": {
            "default": false, 
            "image": 3, 
            "num_in_stock": null, 
            "option1": "Large", 
            "option2": "Green", 
            "option3": null, 
            "option4": null, 
            "option5": null, 
            "product": 1, 
            "sale_from": null, 
            "sale_id": 1, 
            "sale_price": "5", 
            "sale_to": null, 
            "sku": "9", 
            "unit_price": "10"
        }, 
        "model": "shop.productvariation", 
        "pk": 9
    }, 
    {
        "fields": {
            "default": false, 
            "image": 4, 
            "num_in_stock": null, 
            "option1": "Small", 
            "option2": "Blue", 
            "option3": null, 
            "option4": null, 
            "option5": null, 
            "product": 1, 
            "sale_from": null, 
            "sale_id": 1, 
            "sale_price": "5", 
            "sale_to": null, 
            "sku": "10", 
            "unit_price": "10"
        }, 
        "model": "shop.productvariation", 
        "pk": 10
    }, 
    {
        "fields": {
            "default": false, 
            "image": 4, 
            "num_in_stock": null, 
            "option1": "Medium", 
            "option2": "Blue", 
            "option3": null, 
            "option4": null, 
            "option5": null, 
            "product": 1, 
            "sale_from": null, 
            "sale_id": 1, 
            "sale_price": "5", 
            "sale_to": null, 
            "sku": "11", 
            "unit_price": "10"
        }, 
        "model": "shop.productvariation", 
        "pk": 11
    }, 
    {
        "fields": {
            "default": false, 
            "image": 4, 
            "num_in_stock": null, 
            "option1": "Large", 
            "option2": "Blue", 
            "option3": null, 
            "option4": null, 
            "option5": null, 
            "product": 1, 
            "sale_from": null, 
            "sale_id": 1, 
            "sale_price": "5", 
            "sale_to": null, 
            "sku": "12", 
            "unit_price": "10"
        }, 
        "model": "shop.productvariation", 
        "pk": 12
    }, 
    {
        "fields": {
            "default": true, 
            "image": 5, 
            "num_in_stock": null, 
            "option1": null, 
            "option2": null, 
            "option3": null, 
            "option4": null, 
            "option5": null, 
            "product": 2, 
            "sale_from": null, 
            "sale_id": null, 
            "sale_price": null, 
            "sale_to": null, 
            "sku": "13", 
            "unit_price": null
        }, 
        "model": "shop.productvariation", 
        "pk": 13
    }, 
    {
        "fields": {
            "default": true, 
            "image": null, 
            "num_in_stock": null, 
            "option1": "Annual", 
            "option2": "Yes", 
            "option3": null, 
            "option4": null, 
            "option5": null, 
            "product": 3, 
            "sale_from": null, 
            "sale_id": null, 
            "sale_price": null, 
            "sale_to": null, 
            "sku": "14", 
            "unit_price": "100"
        }, 
        "model": "shop.productvariation", 
        "pk": 14
    }, 
    {
        "fields": {
            "default": false, 
            "image": null, 
            "num_in_stock": null, 
            "option1": "Quarterly", 
            "option2": "Yes", 
            "option3": null, 
            "option4": null, 
            "option5": null, 
            "product": 3, 
            "sale_from": null, 
            "sale_id": null, 
            "sale_price": null, 
            "sale_to": null, 
            "sku": "15", 
            "unit_price": "30"
        }, 
        "model": "shop.productvariation", 
        "pk": 15
    }, 
    {
        "fields": {
            "default": false, 
            "image": null, 
            "num_in_stock": null, 
            "option1": "Monthly", 
            "option2": "Yes", 
            "option3": null, 
            "option4": null, 
            "option5": null, 
            "product": 3, 
            "sale_from": null, 
            "sale_id": null, 
            "sale_price": null, 
            "sale_to": null, 
            "sku": "16", 
            "unit_price": "12"
        }, 
        "model": "shop.productvariation", 
        "pk": 16
    }, 
    {
        "fields": {
            "default": true, 
            "image": null, 
            "num_in_stock": null, 
            "option1": "Annual", 
            "option2": null, 
            "option3": "Accredited Programs Only", 
            "option4": "Business Card", 
            "option5": "No", 
            "product": 4, 
            "sale_from": null, 
            "sale_id": null, 
            "sale_price": null, 
            "sale_to": null, 
            "sku": "82", 
            "unit_price": "100"
        }, 
        "model": "shop.productvariation", 
        "pk": 82
    }, 
    {
        "fields": {
            "default": false, 
            "image": null, 
            "num_in_stock": null, 
            "option1": "Quarterly", 
            "option2": null, 
            "option3": "Accredited Programs Only", 
            "option4": "Business Card", 
            "option5": "No", 
            "product": 4, 
            "sale_from": null, 
            "sale_id": null, 
            "sale_price": null, 
            "sale_to": null, 
            "sku": "83", 
            "unit_price": "30"
        }, 
        "model": "shop.productvariation", 
        "pk": 83
    }, 
    {
        "fields": {
            "default": false, 
            "image": null, 
            "num_in_stock": null, 
            "option1": "Monthly", 
            "option2": null, 
            "option3": "Accredited Programs Only", 
            "option4": "Business Card", 
            "option5": "No", 
            "product": 4, 
            "sale_from": null, 
            "sale_id": null, 
            "sale_price": null, 
            "sale_to": null, 
            "sku": "84", 
            "unit_price": "12"
        }, 
        "model": "shop.productvariation", 
        "pk": 84
    }, 
    {
        "fields": {
            "default": false, 
            "image": null, 
            "num_in_stock": null, 
            "option1": "Annual", 
            "option2": null, 
            "option3": "Accredited and Other Programs", 
            "option4": "High Profile", 
            "option5": "15%", 
            "product": 4, 
            "sale_from": null, 
            "sale_id": null, 
            "sale_price": null, 
            "sale_to": null, 
            "sku": "94", 
            "unit_price": "200"
        }, 
        "model": "shop.productvariation", 
        "pk": 94
    }, 
    {
        "fields": {
            "default": false, 
            "image": null, 
            "num_in_stock": null, 
            "option1": "Quarterly", 
            "option2": null, 
            "option3": "Accredited and Other Programs", 
            "option4": "High Profile", 
            "option5": "15%", 
            "product": 4, 
            "sale_from": null, 
            "sale_id": null, 
            "sale_price": null, 
            "sale_to": null, 
            "sku": "95", 
            "unit_price": "60"
        }, 
        "model": "shop.productvariation", 
        "pk": 95
    }, 
    {
        "fields": {
            "default": false, 
            "image": null, 
            "num_in_stock": null, 
            "option1": "Monthly", 
            "option2": null, 
            "option3": "Accredited and Other Programs", 
            "option4": "High Profile", 
            "option5": "15%", 
            "product": 4, 
            "sale_from": null, 
            "sale_id": null, 
            "sale_price": null, 
            "sale_to": null, 
            "sku": "96", 
            "unit_price": "24"
        }, 
        "model": "shop.productvariation", 
        "pk": 96
    }, 
    {
        "fields": {
            "default": true, 
            "image": null, 
            "num_in_stock": null, 
            "option1": "FREE - Unlimited", 
            "option2": "No", 
            "option3": null, 
            "option4": null, 
            "option5": null, 
            "product": 5, 
            "sale_from": null, 
            "sale_id": null, 
            "sale_price": null, 
            "sale_to": null, 
            "sku": "98", 
            "unit_price": "0"
        }, 
        "model": "shop.productvariation", 
        "pk": 98
    }, 
    {
        "fields": {
            "default": true, 
            "image": null, 
            "num_in_stock": null, 
            "option1": "FREE - Unlimited", 
            "option2": null, 
            "option3": "No", 
            "option4": "Basic", 
            "option5": null, 
            "product": 6, 
            "sale_from": null, 
            "sale_id": null, 
            "sale_price": null, 
            "sale_to": null, 
            "sku": "99", 
            "unit_price": null
        }, 
        "model": "shop.productvariation", 
        "pk": 99
    }, 
    {
        "fields": {
            "combined": true, 
            "content": "<p>parent category for all membership types</p>", 
            "featured_image": null, 
            "options": [], 
            "price_max": null, 
            "price_min": null, 
            "products": [], 
            "sale": null
        }, 
        "model": "shop.category", 
        "pk": 11
    }, 
    {
        "fields": {
            "combined": true, 
            "content": "<p>Corporate membership category</p>", 
            "featured_image": null, 
            "options": [], 
            "price_max": null, 
            "price_min": null, 
            "products": [], 
            "sale": null
        }, 
        "model": "shop.category", 
        "pk": 13
    }, 
    {
        "fields": {
            "combined": false, 
            "content": "<p>Please select a type of membership you would like to purchase</p>", 
            "featured_image": null, 
            "options": [
                2, 
                3, 
                4, 
                5, 
                6, 
                11
            ], 
            "price_max": null, 
            "price_min": null, 
            "products": [
                5, 
                3
            ], 
            "sale": null
        }, 
        "model": "shop.category", 
        "pk": 8
    }, 
    {
        "fields": {
            "combined": false, 
            "content": "<p>Membership types for professionals</p>", 
            "featured_image": null, 
            "options": [
                2, 
                3, 
                4, 
                7, 
                8, 
                9, 
                11, 
                12, 
                13, 
                14, 
                15
            ], 
            "price_max": null, 
            "price_min": null, 
            "products": [
                6, 
                4
            ], 
            "sale": null
        }, 
        "model": "shop.category", 
        "pk": 10
    }, 
    {
        "fields": {
            "combined": true, 
            "content": "<p>Shop shop shop</p>", 
            "featured_image": null, 
            "options": [], 
            "price_max": null, 
            "price_min": null, 
            "products": [
                1, 
                2
            ], 
            "sale": null
        }, 
        "model": "shop.category", 
        "pk": 7
    }, 
    {
        "fields": {
            "additional_instructions": "", 
            "billing_detail_city": "Coquitlam", 
            "billing_detail_country": "Canada", 
            "billing_detail_email": "admin@admin.ad", 
            "billing_detail_first_name": "Volodymyr", 
            "billing_detail_last_name": "Orlenko", 
            "billing_detail_phone": "6049316684", 
            "billing_detail_postcode": "V3J7K9", 
            "billing_detail_state": "British Columbia", 
            "billing_detail_street": "925 Merritt St", 
            "discount_code": "", 
            "discount_total": null, 
            "item_total": "100", 
            "key": "v7agt6i7gc2rpar77v2m2mfhqm5w80e2", 
            "shipping_detail_city": "Coquitlam", 
            "shipping_detail_country": "Canada", 
            "shipping_detail_first_name": "Volodymyr", 
            "shipping_detail_last_name": "Orlenko", 
            "shipping_detail_phone": "6049316684", 
            "shipping_detail_postcode": "V3J7K9", 
            "shipping_detail_state": "British Columbia", 
            "shipping_detail_street": "925 Merritt St", 
            "shipping_total": "10", 
            "shipping_type": "Flat rate shipping", 
            "status": 1, 
            "tax_total": "0", 
            "tax_type": "Tax", 
            "time": "2013-10-22T21:48:46.634", 
            "total": "110", 
            "transaction_id": null, 
            "user_id": 1
        }, 
        "model": "shop.order", 
        "pk": 1
    }, 
    {
        "fields": {
            "additional_instructions": "", 
            "billing_detail_city": "Coquitlam", 
            "billing_detail_country": "Canada", 
            "billing_detail_email": "admin@admin.ad", 
            "billing_detail_first_name": "Volodymyr", 
            "billing_detail_last_name": "Orlenko", 
            "billing_detail_phone": "6049316684", 
            "billing_detail_postcode": "V3J7K9", 
            "billing_detail_state": "British Columbia", 
            "billing_detail_street": "925 Merritt St", 
            "discount_code": "", 
            "discount_total": null, 
            "item_total": "0", 
            "key": "k5pa33p1blmqouoz7pcl0tl76gn6pfps", 
            "shipping_detail_city": "Coquitlam", 
            "shipping_detail_country": "Canada", 
            "shipping_detail_first_name": "Volodymyr", 
            "shipping_detail_last_name": "Orlenko", 
            "shipping_detail_phone": "6049316684", 
            "shipping_detail_postcode": "V3J7K9", 
            "shipping_detail_state": "British Columbia", 
            "shipping_detail_street": "925 Merritt St", 
            "shipping_total": "10", 
            "shipping_type": "Flat rate shipping", 
            "status": 1, 
            "tax_total": "0", 
            "tax_type": "Tax", 
            "time": "2013-10-23T19:45:17.871", 
            "total": "10", 
            "transaction_id": null, 
            "user_id": 1
        }, 
        "model": "shop.order", 
        "pk": 2
    }, 
    {
        "fields": {
            "additional_instructions": "", 
            "billing_detail_city": "asffdasf", 
            "billing_detail_country": "Noplace", 
            "billing_detail_email": "test01@bjola.ca", 
            "billing_detail_first_name": "Test01", 
            "billing_detail_last_name": "Tester", 
            "billing_detail_phone": "123123", 
            "billing_detail_postcode": "23456", 
            "billing_detail_state": "Ontario", 
            "billing_detail_street": "123 Nowhere", 
            "discount_code": "", 
            "discount_total": null, 
            "item_total": "100", 
            "key": "hhzysg4l917473yg3i3ro03e4f4pzeo9", 
            "shipping_detail_city": "asffdasf", 
            "shipping_detail_country": "Noplace", 
            "shipping_detail_first_name": "Test01", 
            "shipping_detail_last_name": "Tester", 
            "shipping_detail_phone": "123123", 
            "shipping_detail_postcode": "23456", 
            "shipping_detail_state": "Ontario", 
            "shipping_detail_street": "123 Nowhere", 
            "shipping_total": "10", 
            "shipping_type": "Flat rate shipping", 
            "status": 1, 
            "tax_total": "0", 
            "tax_type": "Tax", 
            "time": "2013-10-23T20:51:46.739", 
            "total": "110", 
            "transaction_id": null, 
            "user_id": 2
        }, 
        "model": "shop.order", 
        "pk": 3
    }, 
    {
        "fields": {
            "additional_instructions": "", 
            "billing_detail_city": "asffdasf", 
            "billing_detail_country": "Noplace", 
            "billing_detail_email": "test01@bjola.ca", 
            "billing_detail_first_name": "Test01", 
            "billing_detail_last_name": "Tester", 
            "billing_detail_phone": "123123", 
            "billing_detail_postcode": "23456", 
            "billing_detail_state": "Ontario", 
            "billing_detail_street": "123 Nowhere", 
            "discount_code": "", 
            "discount_total": null, 
            "item_total": "100", 
            "key": "09e0se3dlcjqo8yjm9ia3flpvlfv3exf", 
            "shipping_detail_city": "asffdasf", 
            "shipping_detail_country": "Noplace", 
            "shipping_detail_first_name": "Test01", 
            "shipping_detail_last_name": "Tester", 
            "shipping_detail_phone": "123123", 
            "shipping_detail_postcode": "23456", 
            "shipping_detail_state": "Ontario", 
            "shipping_detail_street": "123 Nowhere", 
            "shipping_total": "10", 
            "shipping_type": "Flat rate shipping", 
            "status": 1, 
            "tax_total": "0", 
            "tax_type": "Tax", 
            "time": "2013-10-23T21:58:27.176", 
            "total": "110", 
            "transaction_id": null, 
            "user_id": 2
        }, 
        "model": "shop.order", 
        "pk": 4
    }, 
    {
        "fields": {
            "additional_instructions": "", 
            "billing_detail_city": "", 
            "billing_detail_country": "", 
            "billing_detail_email": "", 
            "billing_detail_first_name": "", 
            "billing_detail_last_name": "", 
            "billing_detail_phone": "", 
            "billing_detail_postcode": "", 
            "billing_detail_state": "", 
            "billing_detail_street": "", 
            "discount_code": "", 
            "discount_total": null, 
            "item_total": "0", 
            "key": "dtkjd6v0hqng9l3hdkbh7jv52xyaodk1", 
            "shipping_detail_city": "", 
            "shipping_detail_country": "", 
            "shipping_detail_first_name": "", 
            "shipping_detail_last_name": "", 
            "shipping_detail_phone": "", 
            "shipping_detail_postcode": "", 
            "shipping_detail_state": "", 
            "shipping_detail_street": "", 
            "shipping_total": null, 
            "shipping_type": "", 
            "status": 1, 
            "tax_total": null, 
            "tax_type": "", 
            "time": "2013-10-23T22:15:32.877", 
            "total": "0", 
            "transaction_id": null, 
            "user_id": 2
        }, 
        "model": "shop.order", 
        "pk": 5
    }, 
    {
        "fields": {
            "additional_instructions": "", 
            "billing_detail_city": "", 
            "billing_detail_country": "", 
            "billing_detail_email": "", 
            "billing_detail_first_name": "", 
            "billing_detail_last_name": "", 
            "billing_detail_phone": "", 
            "billing_detail_postcode": "", 
            "billing_detail_state": "", 
            "billing_detail_street": "", 
            "discount_code": "", 
            "discount_total": null, 
            "item_total": "0", 
            "key": "eyzt3o3kxp885yo8c92vqg6ef1tvckqx", 
            "shipping_detail_city": "", 
            "shipping_detail_country": "", 
            "shipping_detail_first_name": "", 
            "shipping_detail_last_name": "", 
            "shipping_detail_phone": "", 
            "shipping_detail_postcode": "", 
            "shipping_detail_state": "", 
            "shipping_detail_street": "", 
            "shipping_total": null, 
            "shipping_type": "", 
            "status": 1, 
            "tax_total": null, 
            "tax_type": "", 
            "time": "2013-10-23T22:26:52.751", 
            "total": "0", 
            "transaction_id": null, 
            "user_id": 3
        }, 
        "model": "shop.order", 
        "pk": 6
    }, 
    {
        "fields": {
            "additional_instructions": "", 
            "billing_detail_city": "", 
            "billing_detail_country": "", 
            "billing_detail_email": "", 
            "billing_detail_first_name": "", 
            "billing_detail_last_name": "", 
            "billing_detail_phone": "", 
            "billing_detail_postcode": "", 
            "billing_detail_state": "", 
            "billing_detail_street": "", 
            "discount_code": "", 
            "discount_total": null, 
            "item_total": "0", 
            "key": "eyzt3o3kxp885yo8c92vqg6ef1tvckqx", 
            "shipping_detail_city": "", 
            "shipping_detail_country": "", 
            "shipping_detail_first_name": "", 
            "shipping_detail_last_name": "", 
            "shipping_detail_phone": "", 
            "shipping_detail_postcode": "", 
            "shipping_detail_state": "", 
            "shipping_detail_street": "", 
            "shipping_total": null, 
            "shipping_type": "", 
            "status": 1, 
            "tax_total": null, 
            "tax_type": "", 
            "time": "2013-10-23T22:30:50.020", 
            "total": "0", 
            "transaction_id": null, 
            "user_id": 3
        }, 
        "model": "shop.order", 
        "pk": 7
    }, 
    {
        "fields": {
            "additional_instructions": "", 
            "billing_detail_city": "Coquitlam", 
            "billing_detail_country": "Canada", 
            "billing_detail_email": "orlenko@gmail.com", 
            "billing_detail_first_name": "Volodymyr", 
            "billing_detail_last_name": "Orlenko", 
            "billing_detail_phone": "6049316684", 
            "billing_detail_postcode": "V3J7K9", 
            "billing_detail_state": "British Columbia", 
            "billing_detail_street": "925 Merritt St", 
            "discount_code": "", 
            "discount_total": null, 
            "item_total": "100", 
            "key": "eyzt3o3kxp885yo8c92vqg6ef1tvckqx", 
            "shipping_detail_city": "Coquitlam", 
            "shipping_detail_country": "Canada", 
            "shipping_detail_first_name": "Volodymyr", 
            "shipping_detail_last_name": "Orlenko", 
            "shipping_detail_phone": "6049316684", 
            "shipping_detail_postcode": "V3J7K9", 
            "shipping_detail_state": "British Columbia", 
            "shipping_detail_street": "925 Merritt St", 
            "shipping_total": "10", 
            "shipping_type": "Flat rate shipping", 
            "status": 1, 
            "tax_total": "0", 
            "tax_type": "Tax", 
            "time": "2013-10-23T22:32:14.417", 
            "total": "110", 
            "transaction_id": null, 
            "user_id": 3
        }, 
        "model": "shop.order", 
        "pk": 8
    }, 
    {
        "fields": {
            "additional_instructions": "", 
            "billing_detail_city": "Coquitlam", 
            "billing_detail_country": "Canada", 
            "billing_detail_email": "test03@bjola.ca", 
            "billing_detail_first_name": "Test03", 
            "billing_detail_last_name": "Tester", 
            "billing_detail_phone": "6049316684", 
            "billing_detail_postcode": "V3J7K9", 
            "billing_detail_state": "British Columbia", 
            "billing_detail_street": "925 Merritt St", 
            "discount_code": "", 
            "discount_total": null, 
            "item_total": "100", 
            "key": "4wrj8zjwharqj072e01d30dh31mr9840", 
            "shipping_detail_city": "Coquitlam", 
            "shipping_detail_country": "Canada", 
            "shipping_detail_first_name": "Test03", 
            "shipping_detail_last_name": "Tester", 
            "shipping_detail_phone": "6049316684", 
            "shipping_detail_postcode": "V3J7K9", 
            "shipping_detail_state": "British Columbia", 
            "shipping_detail_street": "925 Merritt St", 
            "shipping_total": "10", 
            "shipping_type": "Flat rate shipping", 
            "status": 2, 
            "tax_total": "0", 
            "tax_type": "Tax", 
            "time": "2013-10-23T22:49:26.890", 
            "total": "110", 
            "transaction_id": "", 
            "user_id": 4
        }, 
        "model": "shop.order", 
        "pk": 9
    }, 
    {
        "fields": {
            "additional_instructions": "", 
            "billing_detail_city": "", 
            "billing_detail_country": "", 
            "billing_detail_email": "", 
            "billing_detail_first_name": "", 
            "billing_detail_last_name": "", 
            "billing_detail_phone": "", 
            "billing_detail_postcode": "", 
            "billing_detail_state": "", 
            "billing_detail_street": "", 
            "discount_code": "", 
            "discount_total": null, 
            "item_total": "0", 
            "key": "rmkqksgvi4trr2xwrolcpre59esaeujm", 
            "shipping_detail_city": "", 
            "shipping_detail_country": "", 
            "shipping_detail_first_name": "", 
            "shipping_detail_last_name": "", 
            "shipping_detail_phone": "", 
            "shipping_detail_postcode": "", 
            "shipping_detail_state": "", 
            "shipping_detail_street": "", 
            "shipping_total": null, 
            "shipping_type": "", 
            "status": 1, 
            "tax_total": null, 
            "tax_type": "", 
            "time": "2013-10-24T20:11:03.390", 
            "total": "0", 
            "transaction_id": null, 
            "user_id": 5
        }, 
        "model": "shop.order", 
        "pk": 10
    }, 
    {
        "fields": {
            "description": "Professional - Level 2 Advanced Membership", 
            "order": 1, 
            "quantity": 1, 
            "sku": "17", 
            "total_price": "100", 
            "unit_price": "100"
        }, 
        "model": "shop.orderitem", 
        "pk": 1
    }, 
    {
        "fields": {
            "description": "Parent - Free membership", 
            "order": 2, 
            "quantity": 1, 
            "sku": "14", 
            "total_price": "0", 
            "unit_price": "0"
        }, 
        "model": "shop.orderitem", 
        "pk": 2
    }, 
    {
        "fields": {
            "description": "Parent - BCCF Voting Membership (annual)", 
            "order": 3, 
            "quantity": 1, 
            "sku": "15", 
            "total_price": "100", 
            "unit_price": "100"
        }, 
        "model": "shop.orderitem", 
        "pk": 3
    }, 
    {
        "fields": {
            "description": "Parent - BCCF Voting Membership (annual)", 
            "order": 4, 
            "quantity": 1, 
            "sku": "15", 
            "total_price": "100", 
            "unit_price": "100"
        }, 
        "model": "shop.orderitem", 
        "pk": 4
    }, 
    {
        "fields": {
            "description": "Parent - Free membership", 
            "order": 5, 
            "quantity": 1, 
            "sku": "14", 
            "total_price": "0", 
            "unit_price": "0"
        }, 
        "model": "shop.orderitem", 
        "pk": 5
    }, 
    {
        "fields": {
            "description": "Parent - Free membership", 
            "order": 6, 
            "quantity": 1, 
            "sku": "14", 
            "total_price": "0", 
            "unit_price": "0"
        }, 
        "model": "shop.orderitem", 
        "pk": 6
    }, 
    {
        "fields": {
            "description": "Parent - Free membership", 
            "order": 7, 
            "quantity": 1, 
            "sku": "14", 
            "total_price": "0", 
            "unit_price": "0"
        }, 
        "model": "shop.orderitem", 
        "pk": 7
    }, 
    {
        "fields": {
            "description": "Parent - BCCF Voting Membership (annual)", 
            "order": 8, 
            "quantity": 1, 
            "sku": "15", 
            "total_price": "100", 
            "unit_price": "100"
        }, 
        "model": "shop.orderitem", 
        "pk": 8
    }, 
    {
        "fields": {
            "description": "Parent - BCCF Voting Membership (annual)", 
            "order": 9, 
            "quantity": 1, 
            "sku": "15", 
            "total_price": "100", 
            "unit_price": "100"
        }, 
        "model": "shop.orderitem", 
        "pk": 9
    }, 
    {
        "fields": {
            "description": "Parent Membership - FREE Subscription Term: FREE - Unlimited, BCCF Voting: No", 
            "order": 10, 
            "quantity": 1, 
            "sku": "98", 
            "total_price": "0", 
            "unit_price": "0"
        }, 
        "model": "shop.orderitem", 
        "pk": 10
    }, 
    {
        "fields": {
            "product": 5, 
            "timestamp": 735165, 
            "total_cart": 1, 
            "total_purchase": 1
        }, 
        "model": "shop.productaction", 
        "pk": 1
    }, 
    {
        "fields": {
            "active": true, 
            "categories": [], 
            "discount_deduct": null, 
            "discount_exact": null, 
            "discount_percent": "50", 
            "products": [
                1
            ], 
            "title": "50% off ponies.", 
            "valid_from": null, 
            "valid_to": null
        }, 
        "model": "shop.sale", 
        "pk": 1
    }, 
    {
        "fields": {
            "name": "GOOGLE_ANALYTICS_ID", 
            "site": 1, 
            "value": ""
        }, 
        "model": "conf.setting", 
        "pk": 1
    }, 
    {
        "fields": {
            "name": "SHOP_PAYMENT_STEP_ENABLED", 
            "site": 1, 
            "value": "True"
        }, 
        "model": "conf.setting", 
        "pk": 2
    }, 
    {
        "fields": {
            "name": "SEARCH_PER_PAGE", 
            "site": 1, 
            "value": "10"
        }, 
        "model": "conf.setting", 
        "pk": 3
    }, 
    {
        "fields": {
            "name": "COMMENTS_NUM_LATEST", 
            "site": 1, 
            "value": "5"
        }, 
        "model": "conf.setting", 
        "pk": 4
    }, 
    {
        "fields": {
            "name": "ACCOUNTS_APPROVAL_EMAILS", 
            "site": 1, 
            "value": ""
        }, 
        "model": "conf.setting", 
        "pk": 5
    }, 
    {
        "fields": {
            "name": "COMMENTS_DISQUS_API_PUBLIC_KEY", 
            "site": 1, 
            "value": ""
        }, 
        "model": "conf.setting", 
        "pk": 6
    }, 
    {
        "fields": {
            "name": "RICHTEXT_FILTER_LEVEL", 
            "site": 1, 
            "value": "1"
        }, 
        "model": "conf.setting", 
        "pk": 7
    }, 
    {
        "fields": {
            "name": "TWITTER_CONSUMER_SECRET", 
            "site": 1, 
            "value": ""
        }, 
        "model": "conf.setting", 
        "pk": 8
    }, 
    {
        "fields": {
            "name": "COMMENTS_UNAPPROVED_VISIBLE", 
            "site": 1, 
            "value": "True"
        }, 
        "model": "conf.setting", 
        "pk": 9
    }, 
    {
        "fields": {
            "name": "SHOP_ORDER_EMAIL_BCC", 
            "site": 1, 
            "value": ""
        }, 
        "model": "conf.setting", 
        "pk": 10
    }, 
    {
        "fields": {
            "name": "SITE_TAGLINE", 
            "site": 1, 
            "value": "Wat."
        }, 
        "model": "conf.setting", 
        "pk": 11
    }, 
    {
        "fields": {
            "name": "TWITTER_DEFAULT_QUERY_TYPE", 
            "site": 1, 
            "value": "search"
        }, 
        "model": "conf.setting", 
        "pk": 12
    }, 
    {
        "fields": {
            "name": "COMMENTS_REMOVED_VISIBLE", 
            "site": 1, 
            "value": "True"
        }, 
        "model": "conf.setting", 
        "pk": 13
    }, 
    {
        "fields": {
            "name": "TWITTER_DEFAULT_NUM_TWEETS", 
            "site": 1, 
            "value": "3"
        }, 
        "model": "conf.setting", 
        "pk": 14
    }, 
    {
        "fields": {
            "name": "SHOP_PER_PAGE_CATEGORY", 
            "site": 1, 
            "value": "12"
        }, 
        "model": "conf.setting", 
        "pk": 15
    }, 
    {
        "fields": {
            "name": "BITLY_ACCESS_TOKEN", 
            "site": 1, 
            "value": ""
        }, 
        "model": "conf.setting", 
        "pk": 16
    }, 
    {
        "fields": {
            "name": "SHOP_CHECKOUT_ACCOUNT_REQUIRED", 
            "site": 1, 
            "value": "False"
        }, 
        "model": "conf.setting", 
        "pk": 17
    }, 
    {
        "fields": {
            "name": "SSL_ENABLED", 
            "site": 1, 
            "value": "False"
        }, 
        "model": "conf.setting", 
        "pk": 18
    }, 
    {
        "fields": {
            "name": "AKISMET_API_KEY", 
            "site": 1, 
            "value": ""
        }, 
        "model": "conf.setting", 
        "pk": 19
    }, 
    {
        "fields": {
            "name": "SHOP_DISCOUNT_FIELD_IN_CART", 
            "site": 1, 
            "value": "False"
        }, 
        "model": "conf.setting", 
        "pk": 20
    }, 
    {
        "fields": {
            "name": "TWITTER_ACCESS_TOKEN_KEY", 
            "site": 1, 
            "value": ""
        }, 
        "model": "conf.setting", 
        "pk": 21
    }, 
    {
        "fields": {
            "name": "SHOP_DEFAULT_SHIPPING_VALUE", 
            "site": 1, 
            "value": "10.0"
        }, 
        "model": "conf.setting", 
        "pk": 22
    }, 
    {
        "fields": {
            "name": "TWITTER_DEFAULT_QUERY", 
            "site": 1, 
            "value": "django mezzanine"
        }, 
        "model": "conf.setting", 
        "pk": 23
    }, 
    {
        "fields": {
            "name": "SITE_TITLE", 
            "site": 1, 
            "value": "BCCF - Debug"
        }, 
        "model": "conf.setting", 
        "pk": 24
    }, 
    {
        "fields": {
            "name": "BLOG_POST_PER_PAGE", 
            "site": 1, 
            "value": "5"
        }, 
        "model": "conf.setting", 
        "pk": 25
    }, 
    {
        "fields": {
            "name": "COMMENTS_NOTIFICATION_EMAILS", 
            "site": 1, 
            "value": ""
        }, 
        "model": "conf.setting", 
        "pk": 26
    }, 
    {
        "fields": {
            "name": "SHOP_DISCOUNT_FIELD_IN_CHECKOUT", 
            "site": 1, 
            "value": "False"
        }, 
        "model": "conf.setting", 
        "pk": 27
    }, 
    {
        "fields": {
            "name": "COMMENTS_DISQUS_API_SECRET_KEY", 
            "site": 1, 
            "value": ""
        }, 
        "model": "conf.setting", 
        "pk": 28
    }, 
    {
        "fields": {
            "name": "TWITTER_CONSUMER_KEY", 
            "site": 1, 
            "value": ""
        }, 
        "model": "conf.setting", 
        "pk": 29
    }, 
    {
        "fields": {
            "name": "COMMENTS_ACCOUNT_REQUIRED", 
            "site": 1, 
            "value": "False"
        }, 
        "model": "conf.setting", 
        "pk": 30
    }, 
    {
        "fields": {
            "name": "SHOP_ORDER_EMAIL_SUBJECT", 
            "site": 1, 
            "value": "Order Receipt"
        }, 
        "model": "conf.setting", 
        "pk": 31
    }, 
    {
        "fields": {
            "name": "SSL_FORCE_HOST", 
            "site": 1, 
            "value": ""
        }, 
        "model": "conf.setting", 
        "pk": 32
    }, 
    {
        "fields": {
            "name": "MAX_PAGING_LINKS", 
            "site": 1, 
            "value": "10"
        }, 
        "model": "conf.setting", 
        "pk": 33
    }, 
    {
        "fields": {
            "name": "TWITTER_ACCESS_TOKEN_SECRET", 
            "site": 1, 
            "value": ""
        }, 
        "model": "conf.setting", 
        "pk": 34
    }, 
    {
        "fields": {
            "name": "TAG_CLOUD_SIZES", 
            "site": 1, 
            "value": "4"
        }, 
        "model": "conf.setting", 
        "pk": 35
    }, 
    {
        "fields": {
            "name": "COMMENTS_DISQUS_SHORTNAME", 
            "site": 1, 
            "value": ""
        }, 
        "model": "conf.setting", 
        "pk": 36
    }, 
    {
        "fields": {
            "name": "SHOP_ORDER_FROM_EMAIL", 
            "site": 1, 
            "value": "do_not_reply@Japan"
        }, 
        "model": "conf.setting", 
        "pk": 37
    }, 
    {
        "fields": {
            "name": "COMMENTS_DEFAULT_APPROVED", 
            "site": 1, 
            "value": "True"
        }, 
        "model": "conf.setting", 
        "pk": 38
    }, 
    {
        "fields": {
            "name": "RATINGS_ACCOUNT_REQUIRED", 
            "site": 1, 
            "value": "False"
        }, 
        "model": "conf.setting", 
        "pk": 39
    }, 
    {
        "fields": {
            "_meta_title": "", 
            "_order": 0, 
            "content_model": "richtextpage", 
            "created": "2013-10-21T19:10:39.366", 
            "description": "some content", 
            "expiry_date": null, 
            "gen_description": true, 
            "in_menus": "", 
            "in_sitemap": true, 
            "keywords_string": "", 
            "login_required": false, 
            "parent": null, 
            "publish_date": "2013-10-21T19:10:39", 
            "short_url": null, 
            "site": 1, 
            "slug": "test-page", 
            "status": 1, 
            "title": "Test Page", 
            "titles": "Test Page", 
            "updated": "2013-10-24T20:12:24.090"
        }, 
        "model": "pages.page", 
        "pk": 1
    }, 
    {
        "fields": {
            "_meta_title": null, 
            "_order": 1, 
            "content_model": "category", 
            "created": null, 
            "description": "Shop shop shop", 
            "expiry_date": null, 
            "gen_description": true, 
            "in_menus": "1,2,3", 
            "in_sitemap": true, 
            "keywords_string": "", 
            "login_required": false, 
            "parent": null, 
            "publish_date": "2013-10-23T19:51:20.926", 
            "short_url": null, 
            "site": 1, 
            "slug": "shop", 
            "status": 2, 
            "title": "Shop", 
            "titles": "Shop", 
            "updated": "2013-10-23T19:51:20.928"
        }, 
        "model": "pages.page", 
        "pk": 7
    }, 
    {
        "fields": {
            "_meta_title": "", 
            "_order": 1, 
            "content_model": "category", 
            "created": "2013-10-22T21:38:04.247", 
            "description": "Please select a type of membership you would like to purchase", 
            "expiry_date": null, 
            "gen_description": true, 
            "in_menus": "2", 
            "in_sitemap": true, 
            "keywords_string": "", 
            "login_required": true, 
            "parent": 11, 
            "publish_date": "2013-10-22T21:38:04", 
            "short_url": null, 
            "site": 1, 
            "slug": "membership/membership-parents", 
            "status": 2, 
            "title": "Membership: Parents", 
            "titles": "Membership / Membership: Parents", 
            "updated": "2013-10-24T19:39:48.262"
        }, 
        "model": "pages.page", 
        "pk": 8
    }, 
    {
        "fields": {
            "_meta_title": "", 
            "_order": 0, 
            "content_model": "category", 
            "created": "2013-10-22T22:49:16.248", 
            "description": "Membership types for professionals", 
            "expiry_date": null, 
            "gen_description": true, 
            "in_menus": "1,2,3", 
            "in_sitemap": true, 
            "keywords_string": "", 
            "login_required": false, 
            "parent": 11, 
            "publish_date": "2013-10-22T22:49:16", 
            "short_url": null, 
            "site": 1, 
            "slug": "membership/membership-professionals", 
            "status": 2, 
            "title": "Membership: Professionals", 
            "titles": "Membership / Membership: Professionals", 
            "updated": "2013-10-24T19:40:38.632"
        }, 
        "model": "pages.page", 
        "pk": 10
    }, 
    {
        "fields": {
            "_meta_title": "", 
            "_order": 2, 
            "content_model": "category", 
            "created": "2013-10-22T22:49:47.790", 
            "description": "parent category for all membership types", 
            "expiry_date": null, 
            "gen_description": true, 
            "in_menus": "", 
            "in_sitemap": true, 
            "keywords_string": "", 
            "login_required": false, 
            "parent": null, 
            "publish_date": "2013-10-22T22:49:47", 
            "short_url": null, 
            "site": 1, 
            "slug": "membership", 
            "status": 2, 
            "title": "Membership", 
            "titles": "Membership", 
            "updated": "2013-10-22T23:11:02.705"
        }, 
        "model": "pages.page", 
        "pk": 11
    }, 
    {
        "fields": {
            "_meta_title": "", 
            "_order": 2, 
            "content_model": "category", 
            "created": "2013-10-22T23:00:15.470", 
            "description": "Corporate membership category", 
            "expiry_date": null, 
            "gen_description": true, 
            "in_menus": "1,2,3", 
            "in_sitemap": true, 
            "keywords_string": "", 
            "login_required": false, 
            "parent": 11, 
            "publish_date": "2013-10-22T23:00:15.468", 
            "short_url": null, 
            "site": 1, 
            "slug": "membership/membership-corporate", 
            "status": 2, 
            "title": "Membership: Corporate", 
            "titles": "Membership / Membership: Corporate", 
            "updated": "2013-10-22T23:00:20.754"
        }, 
        "model": "pages.page", 
        "pk": 13
    }, 
    {
        "fields": {
            "_meta_title": null, 
            "_order": 3, 
            "content_model": "link", 
            "created": "2013-10-23T17:10:59.928", 
            "description": "For Parents", 
            "expiry_date": null, 
            "gen_description": true, 
            "in_menus": "2", 
            "in_sitemap": false, 
            "keywords_string": "", 
            "login_required": false, 
            "parent": null, 
            "publish_date": "2013-10-23T17:10:59.926", 
            "short_url": null, 
            "site": 1, 
            "slug": "/parents/", 
            "status": 2, 
            "title": "For Parents", 
            "titles": "For Parents", 
            "updated": "2013-10-23T17:10:59.928"
        }, 
        "model": "pages.page", 
        "pk": 15
    }, 
    {
        "fields": {
            "content": "<p>some content<img height=\"500\" src=\"/static/media/uploads/narrow_wood_grey.jpg\" width=\"500\"></p>"
        }, 
        "model": "pages.richtextpage", 
        "pk": 1
    }, 
    {
        "fields": {}, 
        "model": "pages.link", 
        "pk": 15
    }, 
    {
        "fields": {
            "interested": true, 
            "type": "search", 
            "value": "django mezzanine"
        }, 
        "model": "twitter.query", 
        "pk": 1
    }, 
    {
        "fields": {
            "site": 1, 
            "star_blog_id": null, 
            "star_forum_post_id": null, 
            "star_survey_id": null, 
            "title": "Test Topic"
        }, 
        "model": "bccf.topic", 
        "pk": 1
    }, 
    {
        "fields": {
            "name": "PARENT_MEMBERSHIP_CATEGORY", 
            "value": "membership-parents"
        }, 
        "model": "bccf.settings", 
        "pk": 1
    }, 
    {
        "fields": {
            "hidden": false, 
            "name": "Test Category", 
            "position": 0
        }, 
        "model": "pybb.category", 
        "pk": 1
    }, 
    {
        "fields": {
            "_meta_title": "", 
            "content": "<p>blah news</p>", 
            "created": "2013-10-25T17:33:29.490", 
            "description": "blah news", 
            "expiry_date": null, 
            "featured_image": null, 
            "gen_description": true, 
            "in_menus": "", 
            "in_sitemap": true, 
            "keywords_string": "", 
            "login_required": false, 
            "publish_date": "2013-10-25T17:33:29.487", 
            "short_url": null, 
            "site": 1, 
            "slug": "news", 
            "status": 2, 
            "title": "News", 
            "updated": "2013-10-25T17:33:29.490"
        }, 
        "model": "news.newspost", 
        "pk": 1
    }, 
    {
        "fields": {
            "codename": "add_permission", 
            "content_type": 1, 
            "name": "Can add permission"
        }, 
        "model": "auth.permission", 
        "pk": 1
    }, 
    {
        "fields": {
            "codename": "change_permission", 
            "content_type": 1, 
            "name": "Can change permission"
        }, 
        "model": "auth.permission", 
        "pk": 2
    }, 
    {
        "fields": {
            "codename": "delete_permission", 
            "content_type": 1, 
            "name": "Can delete permission"
        }, 
        "model": "auth.permission", 
        "pk": 3
    }, 
    {
        "fields": {
            "codename": "add_group", 
            "content_type": 2, 
            "name": "Can add group"
        }, 
        "model": "auth.permission", 
        "pk": 4
    }, 
    {
        "fields": {
            "codename": "change_group", 
            "content_type": 2, 
            "name": "Can change group"
        }, 
        "model": "auth.permission", 
        "pk": 5
    }, 
    {
        "fields": {
            "codename": "delete_group", 
            "content_type": 2, 
            "name": "Can delete group"
        }, 
        "model": "auth.permission", 
        "pk": 6
    }, 
    {
        "fields": {
            "codename": "add_user", 
            "content_type": 3, 
            "name": "Can add user"
        }, 
        "model": "auth.permission", 
        "pk": 7
    }, 
    {
        "fields": {
            "codename": "change_user", 
            "content_type": 3, 
            "name": "Can change user"
        }, 
        "model": "auth.permission", 
        "pk": 8
    }, 
    {
        "fields": {
            "codename": "delete_user", 
            "content_type": 3, 
            "name": "Can delete user"
        }, 
        "model": "auth.permission", 
        "pk": 9
    }, 
    {
        "fields": {
            "codename": "add_contenttype", 
            "content_type": 4, 
            "name": "Can add content type"
        }, 
        "model": "auth.permission", 
        "pk": 10
    }, 
    {
        "fields": {
            "codename": "change_contenttype", 
            "content_type": 4, 
            "name": "Can change content type"
        }, 
        "model": "auth.permission", 
        "pk": 11
    }, 
    {
        "fields": {
            "codename": "delete_contenttype", 
            "content_type": 4, 
            "name": "Can delete content type"
        }, 
        "model": "auth.permission", 
        "pk": 12
    }, 
    {
        "fields": {
            "codename": "add_redirect", 
            "content_type": 5, 
            "name": "Can add redirect"
        }, 
        "model": "auth.permission", 
        "pk": 13
    }, 
    {
        "fields": {
            "codename": "change_redirect", 
            "content_type": 5, 
            "name": "Can change redirect"
        }, 
        "model": "auth.permission", 
        "pk": 14
    }, 
    {
        "fields": {
            "codename": "delete_redirect", 
            "content_type": 5, 
            "name": "Can delete redirect"
        }, 
        "model": "auth.permission", 
        "pk": 15
    }, 
    {
        "fields": {
            "codename": "add_session", 
            "content_type": 6, 
            "name": "Can add session"
        }, 
        "model": "auth.permission", 
        "pk": 16
    }, 
    {
        "fields": {
            "codename": "change_session", 
            "content_type": 6, 
            "name": "Can change session"
        }, 
        "model": "auth.permission", 
        "pk": 17
    }, 
    {
        "fields": {
            "codename": "delete_session", 
            "content_type": 6, 
            "name": "Can delete session"
        }, 
        "model": "auth.permission", 
        "pk": 18
    }, 
    {
        "fields": {
            "codename": "add_site", 
            "content_type": 7, 
            "name": "Can add site"
        }, 
        "model": "auth.permission", 
        "pk": 19
    }, 
    {
        "fields": {
            "codename": "change_site", 
            "content_type": 7, 
            "name": "Can change site"
        }, 
        "model": "auth.permission", 
        "pk": 20
    }, 
    {
        "fields": {
            "codename": "delete_site", 
            "content_type": 7, 
            "name": "Can delete site"
        }, 
        "model": "auth.permission", 
        "pk": 21
    }, 
    {
        "fields": {
            "codename": "add_migrationhistory", 
            "content_type": 8, 
            "name": "Can add migration history"
        }, 
        "model": "auth.permission", 
        "pk": 22
    }, 
    {
        "fields": {
            "codename": "change_migrationhistory", 
            "content_type": 8, 
            "name": "Can change migration history"
        }, 
        "model": "auth.permission", 
        "pk": 23
    }, 
    {
        "fields": {
            "codename": "delete_migrationhistory", 
            "content_type": 8, 
            "name": "Can delete migration history"
        }, 
        "model": "auth.permission", 
        "pk": 24
    }, 
    {
        "fields": {
            "codename": "add_logentry", 
            "content_type": 9, 
            "name": "Can add log entry"
        }, 
        "model": "auth.permission", 
        "pk": 25
    }, 
    {
        "fields": {
            "codename": "change_logentry", 
            "content_type": 9, 
            "name": "Can change log entry"
        }, 
        "model": "auth.permission", 
        "pk": 26
    }, 
    {
        "fields": {
            "codename": "delete_logentry", 
            "content_type": 9, 
            "name": "Can delete log entry"
        }, 
        "model": "auth.permission", 
        "pk": 27
    }, 
    {
        "fields": {
            "codename": "add_comment", 
            "content_type": 10, 
            "name": "Can add comment"
        }, 
        "model": "auth.permission", 
        "pk": 28
    }, 
    {
        "fields": {
            "codename": "change_comment", 
            "content_type": 10, 
            "name": "Can change comment"
        }, 
        "model": "auth.permission", 
        "pk": 29
    }, 
    {
        "fields": {
            "codename": "delete_comment", 
            "content_type": 10, 
            "name": "Can delete comment"
        }, 
        "model": "auth.permission", 
        "pk": 30
    }, 
    {
        "fields": {
            "codename": "can_moderate", 
            "content_type": 10, 
            "name": "Can moderate comments"
        }, 
        "model": "auth.permission", 
        "pk": 31
    }, 
    {
        "fields": {
            "codename": "add_commentflag", 
            "content_type": 11, 
            "name": "Can add comment flag"
        }, 
        "model": "auth.permission", 
        "pk": 32
    }, 
    {
        "fields": {
            "codename": "change_commentflag", 
            "content_type": 11, 
            "name": "Can change comment flag"
        }, 
        "model": "auth.permission", 
        "pk": 33
    }, 
    {
        "fields": {
            "codename": "delete_commentflag", 
            "content_type": 11, 
            "name": "Can delete comment flag"
        }, 
        "model": "auth.permission", 
        "pk": 34
    }, 
    {
        "fields": {
            "codename": "add_setting", 
            "content_type": 12, 
            "name": "Can add Setting"
        }, 
        "model": "auth.permission", 
        "pk": 35
    }, 
    {
        "fields": {
            "codename": "change_setting", 
            "content_type": 12, 
            "name": "Can change Setting"
        }, 
        "model": "auth.permission", 
        "pk": 36
    }, 
    {
        "fields": {
            "codename": "delete_setting", 
            "content_type": 12, 
            "name": "Can delete Setting"
        }, 
        "model": "auth.permission", 
        "pk": 37
    }, 
    {
        "fields": {
            "codename": "add_sitepermission", 
            "content_type": 13, 
            "name": "Can add Site permission"
        }, 
        "model": "auth.permission", 
        "pk": 38
    }, 
    {
        "fields": {
            "codename": "change_sitepermission", 
            "content_type": 13, 
            "name": "Can change Site permission"
        }, 
        "model": "auth.permission", 
        "pk": 39
    }, 
    {
        "fields": {
            "codename": "delete_sitepermission", 
            "content_type": 13, 
            "name": "Can delete Site permission"
        }, 
        "model": "auth.permission", 
        "pk": 40
    }, 
    {
        "fields": {
            "codename": "add_page", 
            "content_type": 14, 
            "name": "Can add Page"
        }, 
        "model": "auth.permission", 
        "pk": 41
    }, 
    {
        "fields": {
            "codename": "change_page", 
            "content_type": 14, 
            "name": "Can change Page"
        }, 
        "model": "auth.permission", 
        "pk": 42
    }, 
    {
        "fields": {
            "codename": "delete_page", 
            "content_type": 14, 
            "name": "Can delete Page"
        }, 
        "model": "auth.permission", 
        "pk": 43
    }, 
    {
        "fields": {
            "codename": "add_richtextpage", 
            "content_type": 15, 
            "name": "Can add Rich text page"
        }, 
        "model": "auth.permission", 
        "pk": 44
    }, 
    {
        "fields": {
            "codename": "change_richtextpage", 
            "content_type": 15, 
            "name": "Can change Rich text page"
        }, 
        "model": "auth.permission", 
        "pk": 45
    }, 
    {
        "fields": {
            "codename": "delete_richtextpage", 
            "content_type": 15, 
            "name": "Can delete Rich text page"
        }, 
        "model": "auth.permission", 
        "pk": 46
    }, 
    {
        "fields": {
            "codename": "add_link", 
            "content_type": 16, 
            "name": "Can add Link"
        }, 
        "model": "auth.permission", 
        "pk": 47
    }, 
    {
        "fields": {
            "codename": "change_link", 
            "content_type": 16, 
            "name": "Can change Link"
        }, 
        "model": "auth.permission", 
        "pk": 48
    }, 
    {
        "fields": {
            "codename": "delete_link", 
            "content_type": 16, 
            "name": "Can delete Link"
        }, 
        "model": "auth.permission", 
        "pk": 49
    }, 
    {
        "fields": {
            "codename": "add_blogpost", 
            "content_type": 17, 
            "name": "Can add Blog post"
        }, 
        "model": "auth.permission", 
        "pk": 50
    }, 
    {
        "fields": {
            "codename": "change_blogpost", 
            "content_type": 17, 
            "name": "Can change Blog post"
        }, 
        "model": "auth.permission", 
        "pk": 51
    }, 
    {
        "fields": {
            "codename": "delete_blogpost", 
            "content_type": 17, 
            "name": "Can delete Blog post"
        }, 
        "model": "auth.permission", 
        "pk": 52
    }, 
    {
        "fields": {
            "codename": "add_blogcategory", 
            "content_type": 18, 
            "name": "Can add Blog Category"
        }, 
        "model": "auth.permission", 
        "pk": 53
    }, 
    {
        "fields": {
            "codename": "change_blogcategory", 
            "content_type": 18, 
            "name": "Can change Blog Category"
        }, 
        "model": "auth.permission", 
        "pk": 54
    }, 
    {
        "fields": {
            "codename": "delete_blogcategory", 
            "content_type": 18, 
            "name": "Can delete Blog Category"
        }, 
        "model": "auth.permission", 
        "pk": 55
    }, 
    {
        "fields": {
            "codename": "add_threadedcomment", 
            "content_type": 19, 
            "name": "Can add Comment"
        }, 
        "model": "auth.permission", 
        "pk": 56
    }, 
    {
        "fields": {
            "codename": "change_threadedcomment", 
            "content_type": 19, 
            "name": "Can change Comment"
        }, 
        "model": "auth.permission", 
        "pk": 57
    }, 
    {
        "fields": {
            "codename": "delete_threadedcomment", 
            "content_type": 19, 
            "name": "Can delete Comment"
        }, 
        "model": "auth.permission", 
        "pk": 58
    }, 
    {
        "fields": {
            "codename": "add_keyword", 
            "content_type": 20, 
            "name": "Can add Keyword"
        }, 
        "model": "auth.permission", 
        "pk": 59
    }, 
    {
        "fields": {
            "codename": "change_keyword", 
            "content_type": 20, 
            "name": "Can change Keyword"
        }, 
        "model": "auth.permission", 
        "pk": 60
    }, 
    {
        "fields": {
            "codename": "delete_keyword", 
            "content_type": 20, 
            "name": "Can delete Keyword"
        }, 
        "model": "auth.permission", 
        "pk": 61
    }, 
    {
        "fields": {
            "codename": "add_assignedkeyword", 
            "content_type": 21, 
            "name": "Can add assigned keyword"
        }, 
        "model": "auth.permission", 
        "pk": 62
    }, 
    {
        "fields": {
            "codename": "change_assignedkeyword", 
            "content_type": 21, 
            "name": "Can change assigned keyword"
        }, 
        "model": "auth.permission", 
        "pk": 63
    }, 
    {
        "fields": {
            "codename": "delete_assignedkeyword", 
            "content_type": 21, 
            "name": "Can delete assigned keyword"
        }, 
        "model": "auth.permission", 
        "pk": 64
    }, 
    {
        "fields": {
            "codename": "add_rating", 
            "content_type": 22, 
            "name": "Can add Rating"
        }, 
        "model": "auth.permission", 
        "pk": 65
    }, 
    {
        "fields": {
            "codename": "change_rating", 
            "content_type": 22, 
            "name": "Can change Rating"
        }, 
        "model": "auth.permission", 
        "pk": 66
    }, 
    {
        "fields": {
            "codename": "delete_rating", 
            "content_type": 22, 
            "name": "Can delete Rating"
        }, 
        "model": "auth.permission", 
        "pk": 67
    }, 
    {
        "fields": {
            "codename": "add_form", 
            "content_type": 23, 
            "name": "Can add Form"
        }, 
        "model": "auth.permission", 
        "pk": 68
    }, 
    {
        "fields": {
            "codename": "change_form", 
            "content_type": 23, 
            "name": "Can change Form"
        }, 
        "model": "auth.permission", 
        "pk": 69
    }, 
    {
        "fields": {
            "codename": "delete_form", 
            "content_type": 23, 
            "name": "Can delete Form"
        }, 
        "model": "auth.permission", 
        "pk": 70
    }, 
    {
        "fields": {
            "codename": "add_field", 
            "content_type": 24, 
            "name": "Can add Field"
        }, 
        "model": "auth.permission", 
        "pk": 71
    }, 
    {
        "fields": {
            "codename": "change_field", 
            "content_type": 24, 
            "name": "Can change Field"
        }, 
        "model": "auth.permission", 
        "pk": 72
    }, 
    {
        "fields": {
            "codename": "delete_field", 
            "content_type": 24, 
            "name": "Can delete Field"
        }, 
        "model": "auth.permission", 
        "pk": 73
    }, 
    {
        "fields": {
            "codename": "add_formentry", 
            "content_type": 25, 
            "name": "Can add Form entry"
        }, 
        "model": "auth.permission", 
        "pk": 74
    }, 
    {
        "fields": {
            "codename": "change_formentry", 
            "content_type": 25, 
            "name": "Can change Form entry"
        }, 
        "model": "auth.permission", 
        "pk": 75
    }, 
    {
        "fields": {
            "codename": "delete_formentry", 
            "content_type": 25, 
            "name": "Can delete Form entry"
        }, 
        "model": "auth.permission", 
        "pk": 76
    }, 
    {
        "fields": {
            "codename": "add_fieldentry", 
            "content_type": 26, 
            "name": "Can add Form field entry"
        }, 
        "model": "auth.permission", 
        "pk": 77
    }, 
    {
        "fields": {
            "codename": "change_fieldentry", 
            "content_type": 26, 
            "name": "Can change Form field entry"
        }, 
        "model": "auth.permission", 
        "pk": 78
    }, 
    {
        "fields": {
            "codename": "delete_fieldentry", 
            "content_type": 26, 
            "name": "Can delete Form field entry"
        }, 
        "model": "auth.permission", 
        "pk": 79
    }, 
    {
        "fields": {
            "codename": "add_gallery", 
            "content_type": 27, 
            "name": "Can add Gallery"
        }, 
        "model": "auth.permission", 
        "pk": 80
    }, 
    {
        "fields": {
            "codename": "change_gallery", 
            "content_type": 27, 
            "name": "Can change Gallery"
        }, 
        "model": "auth.permission", 
        "pk": 81
    }, 
    {
        "fields": {
            "codename": "delete_gallery", 
            "content_type": 27, 
            "name": "Can delete Gallery"
        }, 
        "model": "auth.permission", 
        "pk": 82
    }, 
    {
        "fields": {
            "codename": "add_galleryimage", 
            "content_type": 28, 
            "name": "Can add Image"
        }, 
        "model": "auth.permission", 
        "pk": 83
    }, 
    {
        "fields": {
            "codename": "change_galleryimage", 
            "content_type": 28, 
            "name": "Can change Image"
        }, 
        "model": "auth.permission", 
        "pk": 84
    }, 
    {
        "fields": {
            "codename": "delete_galleryimage", 
            "content_type": 28, 
            "name": "Can delete Image"
        }, 
        "model": "auth.permission", 
        "pk": 85
    }, 
    {
        "fields": {
            "codename": "add_query", 
            "content_type": 29, 
            "name": "Can add Twitter query"
        }, 
        "model": "auth.permission", 
        "pk": 86
    }, 
    {
        "fields": {
            "codename": "change_query", 
            "content_type": 29, 
            "name": "Can change Twitter query"
        }, 
        "model": "auth.permission", 
        "pk": 87
    }, 
    {
        "fields": {
            "codename": "delete_query", 
            "content_type": 29, 
            "name": "Can delete Twitter query"
        }, 
        "model": "auth.permission", 
        "pk": 88
    }, 
    {
        "fields": {
            "codename": "add_tweet", 
            "content_type": 30, 
            "name": "Can add Tweet"
        }, 
        "model": "auth.permission", 
        "pk": 89
    }, 
    {
        "fields": {
            "codename": "change_tweet", 
            "content_type": 30, 
            "name": "Can change Tweet"
        }, 
        "model": "auth.permission", 
        "pk": 90
    }, 
    {
        "fields": {
            "codename": "delete_tweet", 
            "content_type": 30, 
            "name": "Can delete Tweet"
        }, 
        "model": "auth.permission", 
        "pk": 91
    }, 
    {
        "fields": {
            "codename": "add_topic", 
            "content_type": 31, 
            "name": "Can add topic"
        }, 
        "model": "auth.permission", 
        "pk": 92
    }, 
    {
        "fields": {
            "codename": "change_topic", 
            "content_type": 31, 
            "name": "Can change topic"
        }, 
        "model": "auth.permission", 
        "pk": 93
    }, 
    {
        "fields": {
            "codename": "delete_topic", 
            "content_type": 31, 
            "name": "Can delete topic"
        }, 
        "model": "auth.permission", 
        "pk": 94
    }, 
    {
        "fields": {
            "codename": "add_topiclink", 
            "content_type": 32, 
            "name": "Can add topic link"
        }, 
        "model": "auth.permission", 
        "pk": 95
    }, 
    {
        "fields": {
            "codename": "change_topiclink", 
            "content_type": 32, 
            "name": "Can change topic link"
        }, 
        "model": "auth.permission", 
        "pk": 96
    }, 
    {
        "fields": {
            "codename": "delete_topiclink", 
            "content_type": 32, 
            "name": "Can delete topic link"
        }, 
        "model": "auth.permission", 
        "pk": 97
    }, 
    {
        "fields": {
            "codename": "add_product", 
            "content_type": 34, 
            "name": "Can add Product"
        }, 
        "model": "auth.permission", 
        "pk": 101
    }, 
    {
        "fields": {
            "codename": "change_product", 
            "content_type": 34, 
            "name": "Can change Product"
        }, 
        "model": "auth.permission", 
        "pk": 102
    }, 
    {
        "fields": {
            "codename": "delete_product", 
            "content_type": 34, 
            "name": "Can delete Product"
        }, 
        "model": "auth.permission", 
        "pk": 103
    }, 
    {
        "fields": {
            "codename": "add_productimage", 
            "content_type": 35, 
            "name": "Can add Image"
        }, 
        "model": "auth.permission", 
        "pk": 104
    }, 
    {
        "fields": {
            "codename": "change_productimage", 
            "content_type": 35, 
            "name": "Can change Image"
        }, 
        "model": "auth.permission", 
        "pk": 105
    }, 
    {
        "fields": {
            "codename": "delete_productimage", 
            "content_type": 35, 
            "name": "Can delete Image"
        }, 
        "model": "auth.permission", 
        "pk": 106
    }, 
    {
        "fields": {
            "codename": "add_productoption", 
            "content_type": 36, 
            "name": "Can add Product option"
        }, 
        "model": "auth.permission", 
        "pk": 107
    }, 
    {
        "fields": {
            "codename": "change_productoption", 
            "content_type": 36, 
            "name": "Can change Product option"
        }, 
        "model": "auth.permission", 
        "pk": 108
    }, 
    {
        "fields": {
            "codename": "delete_productoption", 
            "content_type": 36, 
            "name": "Can delete Product option"
        }, 
        "model": "auth.permission", 
        "pk": 109
    }, 
    {
        "fields": {
            "codename": "add_productvariation", 
            "content_type": 37, 
            "name": "Can add product variation"
        }, 
        "model": "auth.permission", 
        "pk": 110
    }, 
    {
        "fields": {
            "codename": "change_productvariation", 
            "content_type": 37, 
            "name": "Can change product variation"
        }, 
        "model": "auth.permission", 
        "pk": 111
    }, 
    {
        "fields": {
            "codename": "delete_productvariation", 
            "content_type": 37, 
            "name": "Can delete product variation"
        }, 
        "model": "auth.permission", 
        "pk": 112
    }, 
    {
        "fields": {
            "codename": "add_category", 
            "content_type": 38, 
            "name": "Can add Product category"
        }, 
        "model": "auth.permission", 
        "pk": 113
    }, 
    {
        "fields": {
            "codename": "change_category", 
            "content_type": 38, 
            "name": "Can change Product category"
        }, 
        "model": "auth.permission", 
        "pk": 114
    }, 
    {
        "fields": {
            "codename": "delete_category", 
            "content_type": 38, 
            "name": "Can delete Product category"
        }, 
        "model": "auth.permission", 
        "pk": 115
    }, 
    {
        "fields": {
            "codename": "add_order", 
            "content_type": 39, 
            "name": "Can add Order"
        }, 
        "model": "auth.permission", 
        "pk": 116
    }, 
    {
        "fields": {
            "codename": "change_order", 
            "content_type": 39, 
            "name": "Can change Order"
        }, 
        "model": "auth.permission", 
        "pk": 117
    }, 
    {
        "fields": {
            "codename": "delete_order", 
            "content_type": 39, 
            "name": "Can delete Order"
        }, 
        "model": "auth.permission", 
        "pk": 118
    }, 
    {
        "fields": {
            "codename": "add_cart", 
            "content_type": 40, 
            "name": "Can add cart"
        }, 
        "model": "auth.permission", 
        "pk": 119
    }, 
    {
        "fields": {
            "codename": "change_cart", 
            "content_type": 40, 
            "name": "Can change cart"
        }, 
        "model": "auth.permission", 
        "pk": 120
    }, 
    {
        "fields": {
            "codename": "delete_cart", 
            "content_type": 40, 
            "name": "Can delete cart"
        }, 
        "model": "auth.permission", 
        "pk": 121
    }, 
    {
        "fields": {
            "codename": "add_cartitem", 
            "content_type": 41, 
            "name": "Can add cart item"
        }, 
        "model": "auth.permission", 
        "pk": 122
    }, 
    {
        "fields": {
            "codename": "change_cartitem", 
            "content_type": 41, 
            "name": "Can change cart item"
        }, 
        "model": "auth.permission", 
        "pk": 123
    }, 
    {
        "fields": {
            "codename": "delete_cartitem", 
            "content_type": 41, 
            "name": "Can delete cart item"
        }, 
        "model": "auth.permission", 
        "pk": 124
    }, 
    {
        "fields": {
            "codename": "add_orderitem", 
            "content_type": 42, 
            "name": "Can add order item"
        }, 
        "model": "auth.permission", 
        "pk": 125
    }, 
    {
        "fields": {
            "codename": "change_orderitem", 
            "content_type": 42, 
            "name": "Can change order item"
        }, 
        "model": "auth.permission", 
        "pk": 126
    }, 
    {
        "fields": {
            "codename": "delete_orderitem", 
            "content_type": 42, 
            "name": "Can delete order item"
        }, 
        "model": "auth.permission", 
        "pk": 127
    }, 
    {
        "fields": {
            "codename": "add_productaction", 
            "content_type": 43, 
            "name": "Can add product action"
        }, 
        "model": "auth.permission", 
        "pk": 128
    }, 
    {
        "fields": {
            "codename": "change_productaction", 
            "content_type": 43, 
            "name": "Can change product action"
        }, 
        "model": "auth.permission", 
        "pk": 129
    }, 
    {
        "fields": {
            "codename": "delete_productaction", 
            "content_type": 43, 
            "name": "Can delete product action"
        }, 
        "model": "auth.permission", 
        "pk": 130
    }, 
    {
        "fields": {
            "codename": "add_sale", 
            "content_type": 44, 
            "name": "Can add Sale"
        }, 
        "model": "auth.permission", 
        "pk": 131
    }, 
    {
        "fields": {
            "codename": "change_sale", 
            "content_type": 44, 
            "name": "Can change Sale"
        }, 
        "model": "auth.permission", 
        "pk": 132
    }, 
    {
        "fields": {
            "codename": "delete_sale", 
            "content_type": 44, 
            "name": "Can delete Sale"
        }, 
        "model": "auth.permission", 
        "pk": 133
    }, 
    {
        "fields": {
            "codename": "add_discountcode", 
            "content_type": 45, 
            "name": "Can add Discount code"
        }, 
        "model": "auth.permission", 
        "pk": 134
    }, 
    {
        "fields": {
            "codename": "change_discountcode", 
            "content_type": 45, 
            "name": "Can change Discount code"
        }, 
        "model": "auth.permission", 
        "pk": 135
    }, 
    {
        "fields": {
            "codename": "delete_discountcode", 
            "content_type": 45, 
            "name": "Can delete Discount code"
        }, 
        "model": "auth.permission", 
        "pk": 136
    }, 
    {
        "fields": {
            "codename": "add_userprofile", 
            "content_type": 46, 
            "name": "Can add user profile"
        }, 
        "model": "auth.permission", 
        "pk": 137
    }, 
    {
        "fields": {
            "codename": "change_userprofile", 
            "content_type": 46, 
            "name": "Can change user profile"
        }, 
        "model": "auth.permission", 
        "pk": 138
    }, 
    {
        "fields": {
            "codename": "delete_userprofile", 
            "content_type": 46, 
            "name": "Can delete user profile"
        }, 
        "model": "auth.permission", 
        "pk": 139
    }, 
    {
        "fields": {
            "codename": "add_eventforparents", 
            "content_type": 47, 
            "name": "Can add Event for Parents"
        }, 
        "model": "auth.permission", 
        "pk": 140
    }, 
    {
        "fields": {
            "codename": "change_eventforparents", 
            "content_type": 47, 
            "name": "Can change Event for Parents"
        }, 
        "model": "auth.permission", 
        "pk": 141
    }, 
    {
        "fields": {
            "codename": "delete_eventforparents", 
            "content_type": 47, 
            "name": "Can delete Event for Parents"
        }, 
        "model": "auth.permission", 
        "pk": 142
    }, 
    {
        "fields": {
            "codename": "add_eventforprofessionals", 
            "content_type": 48, 
            "name": "Can add Event for Professionals"
        }, 
        "model": "auth.permission", 
        "pk": 143
    }, 
    {
        "fields": {
            "codename": "change_eventforprofessionals", 
            "content_type": 48, 
            "name": "Can change Event for Professionals"
        }, 
        "model": "auth.permission", 
        "pk": 144
    }, 
    {
        "fields": {
            "codename": "delete_eventforprofessionals", 
            "content_type": 48, 
            "name": "Can delete Event for Professionals"
        }, 
        "model": "auth.permission", 
        "pk": 145
    }, 
    {
        "fields": {
            "codename": "add_settings", 
            "content_type": 49, 
            "name": "Can add settings"
        }, 
        "model": "auth.permission", 
        "pk": 146
    }, 
    {
        "fields": {
            "codename": "change_settings", 
            "content_type": 49, 
            "name": "Can change settings"
        }, 
        "model": "auth.permission", 
        "pk": 147
    }, 
    {
        "fields": {
            "codename": "delete_settings", 
            "content_type": 49, 
            "name": "Can delete settings"
        }, 
        "model": "auth.permission", 
        "pk": 148
    }, 
    {
        "fields": {
            "codename": "add_parentcategory", 
            "content_type": 50, 
            "name": "Can add category (iTunes parent)"
        }, 
        "model": "auth.permission", 
        "pk": 149
    }, 
    {
        "fields": {
            "codename": "change_parentcategory", 
            "content_type": 50, 
            "name": "Can change category (iTunes parent)"
        }, 
        "model": "auth.permission", 
        "pk": 150
    }, 
    {
        "fields": {
            "codename": "delete_parentcategory", 
            "content_type": 50, 
            "name": "Can delete category (iTunes parent)"
        }, 
        "model": "auth.permission", 
        "pk": 151
    }, 
    {
        "fields": {
            "codename": "add_childcategory", 
            "content_type": 51, 
            "name": "Can add category (iTunes child)"
        }, 
        "model": "auth.permission", 
        "pk": 152
    }, 
    {
        "fields": {
            "codename": "change_childcategory", 
            "content_type": 51, 
            "name": "Can change category (iTunes child)"
        }, 
        "model": "auth.permission", 
        "pk": 153
    }, 
    {
        "fields": {
            "codename": "delete_childcategory", 
            "content_type": 51, 
            "name": "Can delete category (iTunes child)"
        }, 
        "model": "auth.permission", 
        "pk": 154
    }, 
    {
        "fields": {
            "codename": "add_show", 
            "content_type": 52, 
            "name": "Can add show"
        }, 
        "model": "auth.permission", 
        "pk": 155
    }, 
    {
        "fields": {
            "codename": "change_show", 
            "content_type": 52, 
            "name": "Can change show"
        }, 
        "model": "auth.permission", 
        "pk": 156
    }, 
    {
        "fields": {
            "codename": "delete_show", 
            "content_type": 52, 
            "name": "Can delete show"
        }, 
        "model": "auth.permission", 
        "pk": 157
    }, 
    {
        "fields": {
            "codename": "add_mediacategory", 
            "content_type": 53, 
            "name": "Can add category (Media RSS)"
        }, 
        "model": "auth.permission", 
        "pk": 158
    }, 
    {
        "fields": {
            "codename": "change_mediacategory", 
            "content_type": 53, 
            "name": "Can change category (Media RSS)"
        }, 
        "model": "auth.permission", 
        "pk": 159
    }, 
    {
        "fields": {
            "codename": "delete_mediacategory", 
            "content_type": 53, 
            "name": "Can delete category (Media RSS)"
        }, 
        "model": "auth.permission", 
        "pk": 160
    }, 
    {
        "fields": {
            "codename": "add_episode", 
            "content_type": 54, 
            "name": "Can add episode"
        }, 
        "model": "auth.permission", 
        "pk": 161
    }, 
    {
        "fields": {
            "codename": "change_episode", 
            "content_type": 54, 
            "name": "Can change episode"
        }, 
        "model": "auth.permission", 
        "pk": 162
    }, 
    {
        "fields": {
            "codename": "delete_episode", 
            "content_type": 54, 
            "name": "Can delete episode"
        }, 
        "model": "auth.permission", 
        "pk": 163
    }, 
    {
        "fields": {
            "codename": "add_enclosure", 
            "content_type": 55, 
            "name": "Can add enclosure"
        }, 
        "model": "auth.permission", 
        "pk": 164
    }, 
    {
        "fields": {
            "codename": "change_enclosure", 
            "content_type": 55, 
            "name": "Can change enclosure"
        }, 
        "model": "auth.permission", 
        "pk": 165
    }, 
    {
        "fields": {
            "codename": "delete_enclosure", 
            "content_type": 55, 
            "name": "Can delete enclosure"
        }, 
        "model": "auth.permission", 
        "pk": 166
    }, 
    {
        "fields": {
            "codename": "add_organization", 
            "content_type": 56, 
            "name": "Can add organization"
        }, 
        "model": "auth.permission", 
        "pk": 167
    }, 
    {
        "fields": {
            "codename": "change_organization", 
            "content_type": 56, 
            "name": "Can change organization"
        }, 
        "model": "auth.permission", 
        "pk": 168
    }, 
    {
        "fields": {
            "codename": "delete_organization", 
            "content_type": 56, 
            "name": "Can delete organization"
        }, 
        "model": "auth.permission", 
        "pk": 169
    }, 
    {
        "fields": {
            "codename": "add_license", 
            "content_type": 57, 
            "name": "Can add license"
        }, 
        "model": "auth.permission", 
        "pk": 170
    }, 
    {
        "fields": {
            "codename": "change_license", 
            "content_type": 57, 
            "name": "Can change license"
        }, 
        "model": "auth.permission", 
        "pk": 171
    }, 
    {
        "fields": {
            "codename": "delete_license", 
            "content_type": 57, 
            "name": "Can delete license"
        }, 
        "model": "auth.permission", 
        "pk": 172
    }, 
    {
        "fields": {
            "codename": "add_show", 
            "content_type": 58, 
            "name": "Can add Show"
        }, 
        "model": "auth.permission", 
        "pk": 173
    }, 
    {
        "fields": {
            "codename": "change_show", 
            "content_type": 58, 
            "name": "Can change Show"
        }, 
        "model": "auth.permission", 
        "pk": 174
    }, 
    {
        "fields": {
            "codename": "delete_show", 
            "content_type": 58, 
            "name": "Can delete Show"
        }, 
        "model": "auth.permission", 
        "pk": 175
    }, 
    {
        "fields": {
            "codename": "add_episode", 
            "content_type": 59, 
            "name": "Can add Episode"
        }, 
        "model": "auth.permission", 
        "pk": 176
    }, 
    {
        "fields": {
            "codename": "change_episode", 
            "content_type": 59, 
            "name": "Can change Episode"
        }, 
        "model": "auth.permission", 
        "pk": 177
    }, 
    {
        "fields": {
            "codename": "delete_episode", 
            "content_type": 59, 
            "name": "Can delete Episode"
        }, 
        "model": "auth.permission", 
        "pk": 178
    }, 
    {
        "fields": {
            "codename": "add_enclosure", 
            "content_type": 60, 
            "name": "Can add Enclosure"
        }, 
        "model": "auth.permission", 
        "pk": 179
    }, 
    {
        "fields": {
            "codename": "change_enclosure", 
            "content_type": 60, 
            "name": "Can change Enclosure"
        }, 
        "model": "auth.permission", 
        "pk": 180
    }, 
    {
        "fields": {
            "codename": "delete_enclosure", 
            "content_type": 60, 
            "name": "Can delete Enclosure"
        }, 
        "model": "auth.permission", 
        "pk": 181
    }, 
    {
        "fields": {
            "codename": "add_video", 
            "content_type": 61, 
            "name": "Can add video"
        }, 
        "model": "auth.permission", 
        "pk": 182
    }, 
    {
        "fields": {
            "codename": "change_video", 
            "content_type": 61, 
            "name": "Can change video"
        }, 
        "model": "auth.permission", 
        "pk": 183
    }, 
    {
        "fields": {
            "codename": "delete_video", 
            "content_type": 61, 
            "name": "Can delete video"
        }, 
        "model": "auth.permission", 
        "pk": 184
    }, 
    {
        "fields": {
            "codename": "add_category", 
            "content_type": 63, 
            "name": "Can add Category"
        }, 
        "model": "auth.permission", 
        "pk": 185
    }, 
    {
        "fields": {
            "codename": "change_category", 
            "content_type": 63, 
            "name": "Can change Category"
        }, 
        "model": "auth.permission", 
        "pk": 186
    }, 
    {
        "fields": {
            "codename": "delete_category", 
            "content_type": 63, 
            "name": "Can delete Category"
        }, 
        "model": "auth.permission", 
        "pk": 187
    }, 
    {
        "fields": {
            "codename": "add_forum", 
            "content_type": 64, 
            "name": "Can add Forum"
        }, 
        "model": "auth.permission", 
        "pk": 188
    }, 
    {
        "fields": {
            "codename": "change_forum", 
            "content_type": 64, 
            "name": "Can change Forum"
        }, 
        "model": "auth.permission", 
        "pk": 189
    }, 
    {
        "fields": {
            "codename": "delete_forum", 
            "content_type": 64, 
            "name": "Can delete Forum"
        }, 
        "model": "auth.permission", 
        "pk": 190
    }, 
    {
        "fields": {
            "codename": "add_topic", 
            "content_type": 65, 
            "name": "Can add Topic"
        }, 
        "model": "auth.permission", 
        "pk": 191
    }, 
    {
        "fields": {
            "codename": "change_topic", 
            "content_type": 65, 
            "name": "Can change Topic"
        }, 
        "model": "auth.permission", 
        "pk": 192
    }, 
    {
        "fields": {
            "codename": "delete_topic", 
            "content_type": 65, 
            "name": "Can delete Topic"
        }, 
        "model": "auth.permission", 
        "pk": 193
    }, 
    {
        "fields": {
            "codename": "add_post", 
            "content_type": 66, 
            "name": "Can add Post"
        }, 
        "model": "auth.permission", 
        "pk": 194
    }, 
    {
        "fields": {
            "codename": "change_post", 
            "content_type": 66, 
            "name": "Can change Post"
        }, 
        "model": "auth.permission", 
        "pk": 195
    }, 
    {
        "fields": {
            "codename": "delete_post", 
            "content_type": 66, 
            "name": "Can delete Post"
        }, 
        "model": "auth.permission", 
        "pk": 196
    }, 
    {
        "fields": {
            "codename": "add_reputation", 
            "content_type": 67, 
            "name": "Can add Reputation"
        }, 
        "model": "auth.permission", 
        "pk": 197
    }, 
    {
        "fields": {
            "codename": "change_reputation", 
            "content_type": 67, 
            "name": "Can change Reputation"
        }, 
        "model": "auth.permission", 
        "pk": 198
    }, 
    {
        "fields": {
            "codename": "delete_reputation", 
            "content_type": 67, 
            "name": "Can delete Reputation"
        }, 
        "model": "auth.permission", 
        "pk": 199
    }, 
    {
        "fields": {
            "codename": "add_profile", 
            "content_type": 68, 
            "name": "Can add Profile"
        }, 
        "model": "auth.permission", 
        "pk": 200
    }, 
    {
        "fields": {
            "codename": "change_profile", 
            "content_type": 68, 
            "name": "Can change Profile"
        }, 
        "model": "auth.permission", 
        "pk": 201
    }, 
    {
        "fields": {
            "codename": "delete_profile", 
            "content_type": 68, 
            "name": "Can delete Profile"
        }, 
        "model": "auth.permission", 
        "pk": 202
    }, 
    {
        "fields": {
            "codename": "add_posttracking", 
            "content_type": 69, 
            "name": "Can add Post tracking"
        }, 
        "model": "auth.permission", 
        "pk": 203
    }, 
    {
        "fields": {
            "codename": "change_posttracking", 
            "content_type": 69, 
            "name": "Can change Post tracking"
        }, 
        "model": "auth.permission", 
        "pk": 204
    }, 
    {
        "fields": {
            "codename": "delete_posttracking", 
            "content_type": 69, 
            "name": "Can delete Post tracking"
        }, 
        "model": "auth.permission", 
        "pk": 205
    }, 
    {
        "fields": {
            "codename": "add_report", 
            "content_type": 70, 
            "name": "Can add Report"
        }, 
        "model": "auth.permission", 
        "pk": 206
    }, 
    {
        "fields": {
            "codename": "change_report", 
            "content_type": 70, 
            "name": "Can change Report"
        }, 
        "model": "auth.permission", 
        "pk": 207
    }, 
    {
        "fields": {
            "codename": "delete_report", 
            "content_type": 70, 
            "name": "Can delete Report"
        }, 
        "model": "auth.permission", 
        "pk": 208
    }, 
    {
        "fields": {
            "codename": "add_ban", 
            "content_type": 71, 
            "name": "Can add Ban"
        }, 
        "model": "auth.permission", 
        "pk": 209
    }, 
    {
        "fields": {
            "codename": "change_ban", 
            "content_type": 71, 
            "name": "Can change Ban"
        }, 
        "model": "auth.permission", 
        "pk": 210
    }, 
    {
        "fields": {
            "codename": "delete_ban", 
            "content_type": 71, 
            "name": "Can delete Ban"
        }, 
        "model": "auth.permission", 
        "pk": 211
    }, 
    {
        "fields": {
            "codename": "add_attachment", 
            "content_type": 72, 
            "name": "Can add attachment"
        }, 
        "model": "auth.permission", 
        "pk": 212
    }, 
    {
        "fields": {
            "codename": "change_attachment", 
            "content_type": 72, 
            "name": "Can change attachment"
        }, 
        "model": "auth.permission", 
        "pk": 213
    }, 
    {
        "fields": {
            "codename": "delete_attachment", 
            "content_type": 72, 
            "name": "Can delete attachment"
        }, 
        "model": "auth.permission", 
        "pk": 214
    }, 
    {
        "fields": {
            "codename": "add_poll", 
            "content_type": 73, 
            "name": "Can add poll"
        }, 
        "model": "auth.permission", 
        "pk": 215
    }, 
    {
        "fields": {
            "codename": "change_poll", 
            "content_type": 73, 
            "name": "Can change poll"
        }, 
        "model": "auth.permission", 
        "pk": 216
    }, 
    {
        "fields": {
            "codename": "delete_poll", 
            "content_type": 73, 
            "name": "Can delete poll"
        }, 
        "model": "auth.permission", 
        "pk": 217
    }, 
    {
        "fields": {
            "codename": "add_pollchoice", 
            "content_type": 74, 
            "name": "Can add poll choice"
        }, 
        "model": "auth.permission", 
        "pk": 218
    }, 
    {
        "fields": {
            "codename": "change_pollchoice", 
            "content_type": 74, 
            "name": "Can change poll choice"
        }, 
        "model": "auth.permission", 
        "pk": 219
    }, 
    {
        "fields": {
            "codename": "delete_pollchoice", 
            "content_type": 74, 
            "name": "Can delete poll choice"
        }, 
        "model": "auth.permission", 
        "pk": 220
    }, 
    {
        "fields": {
            "codename": "add_category", 
            "content_type": 75, 
            "name": "Can add Category"
        }, 
        "model": "auth.permission", 
        "pk": 221
    }, 
    {
        "fields": {
            "codename": "change_category", 
            "content_type": 75, 
            "name": "Can change Category"
        }, 
        "model": "auth.permission", 
        "pk": 222
    }, 
    {
        "fields": {
            "codename": "delete_category", 
            "content_type": 75, 
            "name": "Can delete Category"
        }, 
        "model": "auth.permission", 
        "pk": 223
    }, 
    {
        "fields": {
            "codename": "add_forum", 
            "content_type": 76, 
            "name": "Can add Forum"
        }, 
        "model": "auth.permission", 
        "pk": 224
    }, 
    {
        "fields": {
            "codename": "change_forum", 
            "content_type": 76, 
            "name": "Can change Forum"
        }, 
        "model": "auth.permission", 
        "pk": 225
    }, 
    {
        "fields": {
            "codename": "delete_forum", 
            "content_type": 76, 
            "name": "Can delete Forum"
        }, 
        "model": "auth.permission", 
        "pk": 226
    }, 
    {
        "fields": {
            "codename": "add_topic", 
            "content_type": 77, 
            "name": "Can add Topic"
        }, 
        "model": "auth.permission", 
        "pk": 227
    }, 
    {
        "fields": {
            "codename": "change_topic", 
            "content_type": 77, 
            "name": "Can change Topic"
        }, 
        "model": "auth.permission", 
        "pk": 228
    }, 
    {
        "fields": {
            "codename": "delete_topic", 
            "content_type": 77, 
            "name": "Can delete Topic"
        }, 
        "model": "auth.permission", 
        "pk": 229
    }, 
    {
        "fields": {
            "codename": "add_post", 
            "content_type": 78, 
            "name": "Can add Post"
        }, 
        "model": "auth.permission", 
        "pk": 230
    }, 
    {
        "fields": {
            "codename": "change_post", 
            "content_type": 78, 
            "name": "Can change Post"
        }, 
        "model": "auth.permission", 
        "pk": 231
    }, 
    {
        "fields": {
            "codename": "delete_post", 
            "content_type": 78, 
            "name": "Can delete Post"
        }, 
        "model": "auth.permission", 
        "pk": 232
    }, 
    {
        "fields": {
            "codename": "add_profile", 
            "content_type": 79, 
            "name": "Can add Profile"
        }, 
        "model": "auth.permission", 
        "pk": 233
    }, 
    {
        "fields": {
            "codename": "change_profile", 
            "content_type": 79, 
            "name": "Can change Profile"
        }, 
        "model": "auth.permission", 
        "pk": 234
    }, 
    {
        "fields": {
            "codename": "delete_profile", 
            "content_type": 79, 
            "name": "Can delete Profile"
        }, 
        "model": "auth.permission", 
        "pk": 235
    }, 
    {
        "fields": {
            "codename": "add_attachment", 
            "content_type": 80, 
            "name": "Can add Attachment"
        }, 
        "model": "auth.permission", 
        "pk": 236
    }, 
    {
        "fields": {
            "codename": "change_attachment", 
            "content_type": 80, 
            "name": "Can change Attachment"
        }, 
        "model": "auth.permission", 
        "pk": 237
    }, 
    {
        "fields": {
            "codename": "delete_attachment", 
            "content_type": 80, 
            "name": "Can delete Attachment"
        }, 
        "model": "auth.permission", 
        "pk": 238
    }, 
    {
        "fields": {
            "codename": "add_topicreadtracker", 
            "content_type": 81, 
            "name": "Can add Topic read tracker"
        }, 
        "model": "auth.permission", 
        "pk": 239
    }, 
    {
        "fields": {
            "codename": "change_topicreadtracker", 
            "content_type": 81, 
            "name": "Can change Topic read tracker"
        }, 
        "model": "auth.permission", 
        "pk": 240
    }, 
    {
        "fields": {
            "codename": "delete_topicreadtracker", 
            "content_type": 81, 
            "name": "Can delete Topic read tracker"
        }, 
        "model": "auth.permission", 
        "pk": 241
    }, 
    {
        "fields": {
            "codename": "add_forumreadtracker", 
            "content_type": 82, 
            "name": "Can add Forum read tracker"
        }, 
        "model": "auth.permission", 
        "pk": 242
    }, 
    {
        "fields": {
            "codename": "change_forumreadtracker", 
            "content_type": 82, 
            "name": "Can change Forum read tracker"
        }, 
        "model": "auth.permission", 
        "pk": 243
    }, 
    {
        "fields": {
            "codename": "delete_forumreadtracker", 
            "content_type": 82, 
            "name": "Can delete Forum read tracker"
        }, 
        "model": "auth.permission", 
        "pk": 244
    }, 
    {
        "fields": {
            "codename": "add_pollanswer", 
            "content_type": 83, 
            "name": "Can add Poll answer"
        }, 
        "model": "auth.permission", 
        "pk": 245
    }, 
    {
        "fields": {
            "codename": "change_pollanswer", 
            "content_type": 83, 
            "name": "Can change Poll answer"
        }, 
        "model": "auth.permission", 
        "pk": 246
    }, 
    {
        "fields": {
            "codename": "delete_pollanswer", 
            "content_type": 83, 
            "name": "Can delete Poll answer"
        }, 
        "model": "auth.permission", 
        "pk": 247
    }, 
    {
        "fields": {
            "codename": "add_pollansweruser", 
            "content_type": 84, 
            "name": "Can add Poll answer user"
        }, 
        "model": "auth.permission", 
        "pk": 248
    }, 
    {
        "fields": {
            "codename": "change_pollansweruser", 
            "content_type": 84, 
            "name": "Can change Poll answer user"
        }, 
        "model": "auth.permission", 
        "pk": 249
    }, 
    {
        "fields": {
            "codename": "delete_pollansweruser", 
            "content_type": 84, 
            "name": "Can delete Poll answer user"
        }, 
        "model": "auth.permission", 
        "pk": 250
    }, 
    {
        "fields": {
            "codename": "add_dummytable", 
            "content_type": 85, 
            "name": "Can add dummy table"
        }, 
        "model": "auth.permission", 
        "pk": 251
    }, 
    {
        "fields": {
            "codename": "change_dummytable", 
            "content_type": 85, 
            "name": "Can change dummy table"
        }, 
        "model": "auth.permission", 
        "pk": 252
    }, 
    {
        "fields": {
            "codename": "delete_dummytable", 
            "content_type": 85, 
            "name": "Can delete dummy table"
        }, 
        "model": "auth.permission", 
        "pk": 253
    }, 
    {
        "fields": {
            "codename": "add_newspost", 
            "content_type": 62, 
            "name": "Can add news post"
        }, 
        "model": "auth.permission", 
        "pk": 254
    }, 
    {
        "fields": {
            "codename": "change_newspost", 
            "content_type": 62, 
            "name": "Can change news post"
        }, 
        "model": "auth.permission", 
        "pk": 255
    }, 
    {
        "fields": {
            "codename": "delete_newspost", 
            "content_type": 62, 
            "name": "Can delete news post"
        }, 
        "model": "auth.permission", 
        "pk": 256
    }, 
    {
        "fields": {
            "date_joined": "2013-10-15T18:35:44", 
            "email": "admin@admin.ad", 
            "first_name": "Foo", 
            "groups": [], 
            "is_active": true, 
            "is_staff": true, 
            "is_superuser": true, 
            "last_login": "2013-10-25T17:52:36.455", 
            "last_name": "Bar", 
            "password": "pbkdf2_sha256$10000$srX898JhqS0p$DSdjq7r9hSy0lyVQlOWMYgtAX0yTtyZj8jvPu9LVNhQ=", 
            "user_permissions": [], 
            "username": "admin"
        }, 
        "model": "auth.user", 
        "pk": 1
    }, 
    {
        "fields": {
            "date_joined": "2013-10-23T18:41:45.542", 
            "email": "test01@bjola.ca", 
            "first_name": "Test01", 
            "groups": [], 
            "is_active": true, 
            "is_staff": false, 
            "is_superuser": false, 
            "last_login": "2013-10-23T22:13:18.435", 
            "last_name": "Tester", 
            "password": "pbkdf2_sha256$10000$U2Gu6XUylpa3$3wC+DApA60s6p8svczcGRdFc9M8LfZFqzBXqihjLyYQ=", 
            "user_permissions": [], 
            "username": "test01"
        }, 
        "model": "auth.user", 
        "pk": 2
    }, 
    {
        "fields": {
            "date_joined": "2013-10-23T22:26:43.066", 
            "email": "test02@bjola.ca", 
            "first_name": "test02", 
            "groups": [], 
            "is_active": true, 
            "is_staff": false, 
            "is_superuser": false, 
            "last_login": "2013-10-23T22:26:43.894", 
            "last_name": "Tester", 
            "password": "pbkdf2_sha256$10000$qFfifqKOXaMk$XzhOHPcS/0MGq8hQKCzmZtOT3+0gXfhRgjxjwhiqtAE=", 
            "user_permissions": [], 
            "username": "test02"
        }, 
        "model": "auth.user", 
        "pk": 3
    }, 
    {
        "fields": {
            "date_joined": "2013-10-23T22:48:58.971", 
            "email": "test03@bjola.ca", 
            "first_name": "Test03", 
            "groups": [], 
            "is_active": true, 
            "is_staff": false, 
            "is_superuser": false, 
            "last_login": "2013-10-23T23:00:15.139", 
            "last_name": "Tester", 
            "password": "pbkdf2_sha256$10000$ddLyxxBH8EZg$ASUA5cuKzTxDtiU9fvMukSiSiNxhs9cTWgOBcSQBEVo=", 
            "user_permissions": [], 
            "username": "test03"
        }, 
        "model": "auth.user", 
        "pk": 4
    }, 
    {
        "fields": {
            "date_joined": "2013-10-24T20:09:37.881", 
            "email": "test04@bjola.ca", 
            "first_name": "Test04", 
            "groups": [], 
            "is_active": true, 
            "is_staff": false, 
            "is_superuser": false, 
            "last_login": "2013-10-24T20:09:38.744", 
            "last_name": "Tester", 
            "password": "pbkdf2_sha256$10000$eLdoZdsNFtaK$jF4aN500OAyGRqvMWHLnLZBEENF+hcYPcSu4L67cj/4=", 
            "user_permissions": [], 
            "username": "test04"
        }, 
        "model": "auth.user", 
        "pk": 5
    }, 
    {
        "fields": {
            "content_type": 17, 
            "object_pk": 1, 
            "rating_date": "2013-10-21T19:13:16.478", 
            "user": 1, 
            "value": 4
        }, 
        "model": "generic.rating", 
        "pk": 1
    }, 
    {
        "fields": {
            "_meta_title": "", 
            "allow_comments": true, 
            "categories": [], 
            "comments_count": 0, 
            "content": "<p>blah blah blah</p>", 
            "created": "2013-10-21T19:12:33.141", 
            "description": "blah blah blah", 
            "expiry_date": null, 
            "featured_image": null, 
            "gen_description": true, 
            "in_sitemap": true, 
            "keywords_string": "", 
            "publish_date": "2013-10-21T19:12:33.139", 
            "rating_average": 4.0, 
            "rating_count": 1, 
            "rating_sum": 4, 
            "related_posts": [], 
            "short_url": null, 
            "site": 1, 
            "slug": "test-blog-post", 
            "status": 2, 
            "title": "Test Blog Post", 
            "updated": "2013-10-21T19:13:16.615", 
            "user": 1
        }, 
        "model": "blog.blogpost", 
        "pk": 1
    }, 
    {
        "fields": {
            "membership_order": 2, 
            "photo": "uploads/profile-photos/screen-2013-09-15-09-38-011.jpeg", 
            "user": 1
        }, 
        "model": "bccf.userprofile", 
        "pk": 1
    }, 
    {
        "fields": {
            "membership_order": 5, 
            "photo": "uploads/profile-photos/screen-2013-09-15-09-38-011_1.jpeg", 
            "user": 2
        }, 
        "model": "bccf.userprofile", 
        "pk": 2
    }, 
    {
        "fields": {
            "membership_order": 7, 
            "photo": "uploads/profile-photos/screen-2013-09-15-09-44-011.jpeg", 
            "user": 3
        }, 
        "model": "bccf.userprofile", 
        "pk": 3
    }, 
    {
        "fields": {
            "membership_order": 9, 
            "photo": "", 
            "user": 4
        }, 
        "model": "bccf.userprofile", 
        "pk": 4
    }, 
    {
        "fields": {
            "membership_order": 10, 
            "photo": "", 
            "user": 5
        }, 
        "model": "bccf.userprofile", 
        "pk": 5
    }, 
    {
        "fields": {
            "_meta_title": "", 
            "content": "<p>This is a parent event</p>", 
            "created": "2013-10-23T17:20:54.618", 
            "date_end": "2013-10-31T18:00:32", 
            "date_start": "2013-10-23T18:00:31", 
            "description": "This is a parent event", 
            "expiry_date": null, 
            "gen_description": true, 
            "in_sitemap": true, 
            "keywords_string": "", 
            "location_city": "Coquitlam", 
            "location_postal_code": "V3J7K9", 
            "location_street": "925 Merritt St", 
            "location_street2": "", 
            "price": "123.45", 
            "provider": 1, 
            "publish_date": "2013-10-23T17:20:54", 
            "short_url": "", 
            "site": 1, 
            "slug": "parent-event", 
            "status": 2, 
            "title": "Parent Event", 
            "updated": "2013-10-23T18:00:33.441"
        }, 
        "model": "bccf.eventforparents", 
        "pk": 1
    }, 
    {
        "fields": {
            "category": 1, 
            "description": "", 
            "headline": "", 
            "hidden": false, 
            "moderators": [], 
            "name": "Test Forum", 
            "position": 0, 
            "post_count": 2, 
            "topic_count": 1, 
            "updated": "2013-10-25T18:53:38.049"
        }, 
        "model": "pybb.forum", 
        "pk": 1
    }, 
    {
        "fields": {
            "closed": false, 
            "created": "2013-10-25T18:53:17.399", 
            "forum": 1, 
            "name": "Test Topic", 
            "on_moderation": false, 
            "poll_question": null, 
            "poll_type": 0, 
            "post_count": 2, 
            "sticky": false, 
            "subscribers": [
                1
            ], 
            "updated": "2013-10-25T18:53:38.049", 
            "user": 1, 
            "views": 2
        }, 
        "model": "pybb.topic", 
        "pk": 1
    }, 
    {
        "fields": {
            "body": "what is this?", 
            "body_html": "what is this?", 
            "body_text": "what is this?", 
            "created": "2013-10-25T18:53:17.559", 
            "on_moderation": false, 
            "topic": 1, 
            "updated": null, 
            "user": 1, 
            "user_ip": "127.0.0.1"
        }, 
        "model": "pybb.post", 
        "pk": 1
    }, 
    {
        "fields": {
            "body": "This is the answer", 
            "body_html": "This is the answer", 
            "body_text": "This is the answer", 
            "created": "2013-10-25T18:53:38.049", 
            "on_moderation": false, 
            "topic": 1, 
            "updated": null, 
            "user": 1, 
            "user_ip": "127.0.0.1"
        }, 
        "model": "pybb.post", 
        "pk": 2
    }, 
    {
        "fields": {
            "autosubscribe": true, 
            "avatar": "", 
            "language": "en", 
            "post_count": 2, 
            "show_signatures": true, 
            "signature": "", 
            "signature_html": "", 
            "time_zone": 3.0, 
            "user": 1
        }, 
        "model": "pybb.profile", 
        "pk": 1
    }, 
    {
        "fields": {
            "forum": 1, 
            "time_stamp": "2013-10-25T18:53:39.204", 
            "user": 1
        }, 
        "model": "pybb.forumreadtracker", 
        "pk": 1
    }
]
